match_id,league,kickoff_utc,decision_time,home_team_id,away_team_id,total_goals,y_over_2_5,n_train_matches,p_over_2_5_A0_flat,p_over_2_5_A1_halflife_30d,p_over_2_5_A2_halflife_60d,p_over_2_5_A3_halflife_90d,p_over_2_5_A4_halflife_180d,p_over_2_5_A5_halflife_365d,competition
28048,Ligue_1,2024-08-16 18:45:00,2024-08-16 16:45:00,282,161,5,1.0,0,,,,,,,ligue1
28049,Ligue_1,2024-08-17 15:00:00,2024-08-17 13:00:00,241,164,6,1.0,1,,,,,,,ligue1
28050,Ligue_1,2024-08-17 17:00:00,2024-08-17 15:00:00,177,160,2,0.0,1,,,,,,,ligue1
28051,Ligue_1,2024-08-17 19:00:00,2024-08-17 17:00:00,171,175,1,0.0,2,,,,,,,ligue1
28052,Ligue_1,2024-08-18 13:00:00,2024-08-18 11:00:00,275,170,3,1.0,4,,,,,,,ligue1
28053,Ligue_1,2024-08-18 15:00:00,2024-08-18 13:00:00,166,225,2,0.0,4,,,,,,,ligue1
28054,Ligue_1,2024-08-18 15:00:00,2024-08-18 13:00:00,174,168,0,0.0,4,,,,,,,ligue1
28055,Ligue_1,2024-08-18 15:00:00,2024-08-18 13:00:00,167,210,1,0.0,4,,,,,,,ligue1
28056,Ligue_1,2024-08-18 18:45:00,2024-08-18 16:45:00,163,178,3,1.0,5,,,,,,,ligue1
28057,Ligue_1,2024-08-23 18:45:00,2024-08-23 16:45:00,161,166,6,1.0,9,,,,,,,ligue1
28058,Ligue_1,2024-08-24 15:00:00,2024-08-24 13:00:00,178,171,2,0.0,10,0.3419832482540489,0.3364733597679325,0.339332850103029,0.3402394623802557,0.341122902391153,0.34156184901806536,ligue1
28059,Ligue_1,2024-08-24 17:00:00,2024-08-24 15:00:00,160,167,2,0.0,10,0.18560956883939184,0.20794554546461216,0.196428232635416,0.19274606919741158,0.18914027152624246,0.18734143208203824,ligue1
28060,Ligue_1,2024-08-24 19:00:00,2024-08-24 17:00:00,175,282,2,0.0,11,0.035329540705727004,0.034860911859290765,0.035104687798364,0.03518176731142287,0.035256724092263006,0.035293899643817024,ligue1
28061,Ligue_1,2024-08-25 13:00:00,2024-08-25 11:00:00,210,241,2,0.0,13,0.6806182333329889,0.7071159208677088,0.6940096705494738,0.6895754156994137,0.6851110605506411,0.6828373294375225,ligue1
28062,Ligue_1,2024-08-25 15:00:00,2024-08-25 13:00:00,170,174,2,0.0,13,4.254601042273355e-27,4.42789691151915e-27,4.340021298748588e-27,4.3112680009830286e-27,4.282792987501838e-27,4.2684682579546196e-27,ligue1
28063,Ligue_1,2024-08-25 15:00:00,2024-08-25 13:00:00,225,163,4,1.0,13,0.3849371290507451,0.3852564102690474,0.38512216691902684,0.38506627104466157,0.3850046246470152,0.3849711515655913,ligue1
28064,Ligue_1,2024-08-25 15:00:00,2024-08-25 13:00:00,168,275,2,0.0,13,4.254601042273355e-27,4.42789691151915e-27,4.340021298748588e-27,4.3112680009830286e-27,4.282792987501838e-27,4.2684682579546196e-27,ligue1
28065,Ligue_1,2024-08-25 18:45:00,2024-08-25 16:45:00,164,177,4,1.0,14,0.9860244277292669,0.9900775900838716,0.988209163371502,0.987517087566678,0.9867890999194296,0.9864061595065514,ligue1
28066,Ligue_1,2024-08-30 18:45:00,2024-08-30 16:45:00,178,225,7,1.0,18,0.7100496452023476,0.7257607547936258,0.7181161205921296,0.7154737536946412,0.7127848019915651,0.7114042381231815,ligue1
28067,Ligue_1,2024-08-31 15:00:00,2024-08-31 13:00:00,241,175,4,1.0,19,0.026295896068121247,0.023792634198419503,0.0251416798431681,0.025549257260570037,0.02593425505496723,0.026120516603643267,ligue1
28068,Ligue_1,2024-08-31 17:00:00,2024-08-31 15:00:00,166,168,4,1.0,19,0.4237461724745479,0.48917118575842494,0.4569109680514013,0.4459399996750046,0.43488069475821606,0.42924572611274725,ligue1
28069,Ligue_1,2024-08-31 19:00:00,2024-08-31 17:00:00,174,164,4,1.0,20,0.2872894207218789,0.32497007964050506,0.3061708836881005,0.2998808522464814,0.29358568082576014,0.2903943065337835,ligue1
28070,Ligue_1,2024-09-01 13:00:00,2024-09-01 11:00:00,171,210,2,0.0,22,5.9369608124445255e-27,6.743252215191638e-27,6.3378855752982406e-27,6.2035523000913435e-27,6.0698626470176555e-27,6.002394097837903e-27,ligue1
28071,Ligue_1,2024-09-01 15:00:00,2024-09-01 13:00:00,282,275,4,1.0,22,0.5838929409466921,0.5556908796773105,0.569454330514919,0.5741931599404323,0.5790064067135827,0.5814740680209403,ligue1
28072,Ligue_1,2024-09-01 15:00:00,2024-09-01 13:00:00,177,163,3,1.0,22,0.7223820257572413,0.7319909338652788,0.7270286457403551,0.7254381221906857,0.7238876495813591,0.7231186245383096,ligue1
28073,Ligue_1,2024-09-01 15:00:00,2024-09-01 13:00:00,167,170,5,1.0,22,0.07497173839318728,0.07500813294223861,0.07504306618681925,0.07503139169363374,0.07500768032611901,0.07499100297462813,ligue1
28074,Ligue_1,2024-09-01 18:45:00,2024-09-01 16:45:00,160,161,4,1.0,23,0.044640008383236916,0.037122816737488296,0.040908804648201985,0.04216227539303115,0.04340691893196669,0.04403352362428876,ligue1
28075,Ligue_1,2024-09-13 18:30:00,2024-09-13 16:30:00,175,160,1,0.0,27,0.44118888462982936,0.4452667194731627,0.4438164939487494,0.44307295109579314,0.4421973083948961,0.4417028122689059,ligue1
28076,Ligue_1,2024-09-14 15:00:00,2024-09-14 13:00:00,164,170,2,0.0,28,0.8689880923291923,0.8630824818367172,0.8656461936160956,0.8666858171398298,0.8678027874858093,0.8683955796128915,ligue1
28077,Ligue_1,2024-09-14 17:00:00,2024-09-14 15:00:00,275,171,3,1.0,28,0.31174074172515037,0.33902929793913983,0.3254277420665021,0.3208799883601482,0.3163186453928726,0.3140005679103419,ligue1
28079,Ligue_1,2024-09-14 19:00:00,2024-09-14 17:00:00,161,241,4,1.0,29,0.9901956345653761,0.9836296336199832,0.9872365209232328,0.9882963228895283,0.989282644222125,0.9897545150760868,ligue1
28080,Ligue_1,2024-09-15 13:00:00,2024-09-15 11:00:00,163,166,3,1.0,31,0.8559320505481123,0.849622889730459,0.8528735542127672,0.8539280821465263,0.8549509380590019,0.8554540547252943,ligue1
28081,Ligue_1,2024-09-15 15:00:00,2024-09-15 13:00:00,168,177,3,1.0,31,0.40931496078065327,0.46447034822802935,0.43730566278879407,0.42807077694561224,0.4187410883553047,0.41397557864341367,ligue1
28082,Ligue_1,2024-09-15 15:00:00,2024-09-15 13:00:00,174,282,2,0.0,31,0.4652587612344605,0.5347977223241354,0.49990771981246296,0.4883266536347675,0.47677601490924654,0.47093415635367303,ligue1
28083,Ligue_1,2024-09-15 15:00:00,2024-09-15 13:00:00,225,167,2,0.0,31,0.8167022155448688,0.8797549362146183,0.8503902686706467,0.83964370594161,0.8284142042099287,0.8225381832902816,ligue1
28078,Ligue_1,2024-09-15 18:45:00,2024-09-15 16:45:00,210,178,0,0.0,32,0.5869408723029801,0.6323440391599158,0.6089304419608306,0.6014474156471715,0.5941193660706107,0.5904626444125907,ligue1
28085,Ligue_1,2024-09-20 18:45:00,2024-09-20 16:45:00,170,175,8,1.0,36,0.43269257043318604,0.42927307200140813,0.434712359139143,0.43487834679307613,0.43420501723583477,0.4335430462283868,ligue1
28090,Ligue_1,2024-09-21 15:00:00,2024-09-21 13:00:00,160,225,6,1.0,37,0.6305736477339808,0.6208067040875757,0.6296373979858757,0.6308043682797043,0.6311100940475167,0.6309421886014647,ligue1
28091,Ligue_1,2024-09-21 17:00:00,2024-09-21 15:00:00,163,210,2,0.0,37,0.13325428272988143,0.11102302224666459,0.1227275484219099,0.12641376191497697,0.12993409927190291,0.13164404841680807,ligue1
28086,Ligue_1,2024-09-21 19:00:00,2024-09-21 17:00:00,177,161,2,0.0,38,0.8540088682986077,0.8251521434517284,0.839243099108795,0.8441320392595132,0.8490643803108052,0.8515708961959787,ligue1
28092,Ligue_1,2024-09-22 13:00:00,2024-09-22 11:00:00,171,282,4,1.0,40,0.5514340924539196,0.6201160879619964,0.5831134831079784,0.571937237611274,0.5613750117832436,0.5562586808459752,ligue1
28087,Ligue_1,2024-09-22 15:00:00,2024-09-22 13:00:00,241,174,2,0.0,40,0.5561882797700015,0.6114254934829121,0.5859497864456837,0.5764765513923996,0.5665473652783418,0.5613488379475726,ligue1
28088,Ligue_1,2024-09-22 15:00:00,2024-09-22 13:00:00,167,168,2,0.0,40,0.3932168549010807,0.4460429620943309,0.42086711755819856,0.4119289178005652,0.40271177308186346,0.3979337828011171,ligue1
28089,Ligue_1,2024-09-22 15:00:00,2024-09-22 13:00:00,166,275,5,1.0,40,0.46764845520000403,0.397681876309494,0.43450652575547294,0.4459697980331498,0.45701755464195154,0.46245790331394115,ligue1
28084,Ligue_1,2024-09-22 18:45:00,2024-09-22 16:45:00,178,164,5,1.0,41,0.8498603580433591,0.739465604360847,0.8018703499471463,0.8193658608403771,0.8353318610158955,0.8428692225026371,ligue1
28095,Ligue_1,2024-09-27 17:00:00,2024-09-27 15:00:00,275,241,3,1.0,45,0.7852515021336017,0.8011260800531625,0.7932779756631109,0.7905770370633277,0.787889523191234,0.7865439593334341,ligue1
28094,Ligue_1,2024-09-27 19:00:00,2024-09-27 17:00:00,161,163,4,1.0,45,0.8203444805371278,0.7598691136163861,0.793568568910529,0.8032917291541112,0.8122197369422227,0.816438279445441,ligue1
28096,Ligue_1,2024-09-28 15:00:00,2024-09-28 13:00:00,210,170,0,0.0,47,0.2690336389526044,0.304764109011885,0.2858630163930737,0.28001506587746766,0.27440425115637107,0.2716520419606301,ligue1
28098,Ligue_1,2024-09-28 17:00:00,2024-09-28 15:00:00,282,160,3,1.0,47,0.7315245803944618,0.7844243818928963,0.7582692301358496,0.7493371063317993,0.7403980698458891,0.7358875302412192,ligue1
28100,Ligue_1,2024-09-28 19:00:00,2024-09-28 17:00:00,171,166,3,1.0,48,0.9302292710759186,0.9699682628066802,0.9536751420240707,0.9467207839490619,0.9389181768604801,0.9346268910419526,ligue1
28099,Ligue_1,2024-09-29 13:00:00,2024-09-29 11:00:00,174,178,3,1.0,50,0.45650510220168583,0.5074644777905023,0.48515415673785206,0.47631125551717174,0.4667587416840277,0.46164843291316054,ligue1
28097,Ligue_1,2024-09-29 15:00:00,2024-09-29 13:00:00,168,175,4,1.0,50,0.7398850949030085,0.8503802990918629,0.8020683644020875,0.7828813464371054,0.7621405369916628,0.7510458841233014,ligue1
28101,Ligue_1,2024-09-29 15:00:00,2024-09-29 13:00:00,167,177,4,1.0,50,0.42405534132127126,0.4470434176315733,0.439489191337857,0.4352421274856894,0.4300991230898482,0.4271483222949243,ligue1
28093,Ligue_1,2024-09-29 18:45:00,2024-09-29 16:45:00,225,164,1,0.0,51,0.9459210543232895,0.9521607201175006,0.9488844979301075,0.9478649007929009,0.9468782369194685,0.9463896566615958,ligue1
28109,Ligue_1,2024-10-04 18:45:00,2024-10-04 16:45:00,164,167,2,0.0,54,0.8545395782901214,0.8138872482496159,0.8366257329648601,0.8431555326045819,0.8491299931388812,0.8519428059865307,ligue1
28107,Ligue_1,2024-10-05 15:00:00,2024-10-05 13:00:00,175,275,4,1.0,55,0.6435511794818921,0.7982528832491682,0.7278265672471872,0.7009787309514829,0.6727874330914227,0.658078860261057,ligue1
28106,Ligue_1,2024-10-05 17:00:00,2024-10-05 15:00:00,160,174,3,1.0,55,0.5125181539535564,0.6320934322780587,0.5750565359293291,0.5546949761744028,0.5338122828419299,0.5230635454343175,ligue1
28103,Ligue_1,2024-10-05 19:00:00,2024-10-05 17:00:00,163,171,3,1.0,56,0.4975058528634975,0.5941516769657207,0.5479714590399314,0.5315457382351327,0.5147000680552473,0.5060239623937984,ligue1
28102,Ligue_1,2024-10-06 13:00:00,2024-10-06 11:00:00,178,168,2,0.0,58,0.5963930015063984,0.6623477321326432,0.6305213563887316,0.619334563939698,0.6079410859555356,0.6021040231288073,ligue1
28105,Ligue_1,2024-10-06 15:00:00,2024-10-06 13:00:00,177,166,6,1.0,58,0.8682558598590331,0.8976293315984133,0.8858620339221004,0.8807121703838113,0.8748602975624137,0.871609943598508,ligue1
28108,Ligue_1,2024-10-06 15:00:00,2024-10-06 13:00:00,241,282,2,0.0,58,0.7786922784233451,0.7315061180366282,0.7557419594315216,0.7634986069994373,0.7711417223526161,0.7749792446407723,ligue1
28110,Ligue_1,2024-10-06 15:00:00,2024-10-06 13:00:00,225,210,4,1.0,58,0.18424790722329357,0.13759819235734708,0.16185583603332787,0.16963751951754807,0.17712826299998355,0.1807880730311846,ligue1
28104,Ligue_1,2024-10-06 18:45:00,2024-10-06 16:45:00,170,161,2,0.0,59,0.7445978953569978,0.7016202397163105,0.7226572169836311,0.7298393546425129,0.737149301590668,0.7409070493156616,ligue1
28111,Ligue_1,2024-10-18 18:45:00,2024-10-18 16:45:00,171,160,0,0.0,63,0.5115023434889394,0.6347203645651631,0.581849867678817,0.5602662708572259,0.5367737980185723,0.5241766502499366,ligue1
28118,Ligue_1,2024-10-19 15:00:00,2024-10-19 13:00:00,241,163,2,0.0,64,0.7539226741717971,0.7329229755228078,0.7405089767186844,0.7443635446311964,0.7488455011574584,0.7513467803515478,ligue1
28117,Ligue_1,2024-10-19 17:00:00,2024-10-19 15:00:00,175,210,2,0.0,64,0.35872281141129736,0.47823805941909847,0.4121842200659364,0.39285651626869034,0.3750279397868547,0.366573512255135,ligue1
28119,Ligue_1,2024-10-19 19:00:00,2024-10-19 17:00:00,161,225,6,1.0,65,0.9281097652474808,0.8970968218641613,0.9142115836852178,0.9192607428316115,0.9239032828005409,0.926091222295184,ligue1
28115,Ligue_1,2024-10-20 13:00:00,2024-10-20 11:00:00,282,178,4,1.0,67,0.6829886939469225,0.6352208960396647,0.6565785291002945,0.664990487248382,0.6738455612691527,0.6784540705745724,ligue1
28113,Ligue_1,2024-10-20 15:00:00,2024-10-20 13:00:00,275,177,3,1.0,67,0.818369443952518,0.8906639456624242,0.8583592443269895,0.8458644637925558,0.8325218326099783,0.825446691373904,ligue1
28114,Ligue_1,2024-10-20 15:00:00,2024-10-20 13:00:00,174,167,2,0.0,67,0.3444998102786343,0.42235475487141877,0.38766466548833284,0.3741676047305647,0.35975664274772357,0.35212418152491226,ligue1
28116,Ligue_1,2024-10-20 15:00:00,2024-10-20 13:00:00,168,170,2,0.0,67,0.5162860535914049,0.5543796843568602,0.5411189167294347,0.5341168894001436,0.5258289854285256,0.5211462908966622,ligue1
28112,Ligue_1,2024-10-20 18:45:00,2024-10-20 16:45:00,166,164,5,1.0,68,0.9155090649446415,0.8652018012907198,0.8916994207010079,0.8999886349821841,0.9079377559475034,0.9118246959644902,ligue1
28123,Ligue_1,2024-10-25 18:45:00,2024-10-25 16:45:00,163,282,1,0.0,72,0.7172234745673168,0.6266609697346202,0.6766051568895899,0.6912115806030352,0.7047455566199892,0.7111998614740203,ligue1
28121,Ligue_1,2024-10-26 15:00:00,2024-10-26 13:00:00,167,175,6,1.0,73,0.4290416579237591,0.5062684202733434,0.4833390211529074,0.4687194701596931,0.4505751205033213,0.44007100297205465,ligue1
28122,Ligue_1,2024-10-26 17:00:00,2024-10-26 15:00:00,177,241,3,1.0,73,0.7673392998103046,0.6998503157788869,0.7381378683580024,0.7490267072562387,0.7587848129021988,0.7632744554598591,ligue1
28120,Ligue_1,2024-10-26 19:00:00,2024-10-26 17:00:00,210,160,2,0.0,74,0.17764243148015127,0.1711511220496553,0.1802419426851464,0.1806455506771026,0.1797592741153032,0.1788354270122592,ligue1
28126,Ligue_1,2024-10-27 14:00:00,2024-10-27 12:00:00,178,275,4,1.0,76,0.78018166673862,0.7831333324049732,0.7889542248757873,0.7876370266229133,0.7846989635945589,0.7826030374524414,ligue1
28124,Ligue_1,2024-10-27 16:00:00,2024-10-27 14:00:00,166,174,3,1.0,76,0.5652030978590391,0.6182234493334868,0.5982147750816955,0.5887176466720082,0.5777123857276093,0.5715580045271521,ligue1
28125,Ligue_1,2024-10-27 16:00:00,2024-10-27 14:00:00,225,168,4,1.0,76,0.6641467456703197,0.6904847081300628,0.6846622604559877,0.6796308673435593,0.6728246302976013,0.668664905652632,ligue1
28128,Ligue_1,2024-10-27 16:00:00,2024-10-27 14:00:00,170,171,3,1.0,76,0.30624717034506804,0.23918077059342716,0.2793259584609612,0.29003620677587205,0.2990520656652919,0.30293168690219263,ligue1
28127,Ligue_1,2024-10-27 19:45:00,2024-10-27 17:45:00,164,161,3,1.0,77,0.776594105987666,0.7418548775198734,0.7553578610369238,0.7617113693574973,0.7688351356356156,0.7726976300478243,ligue1
28129,Ligue_1,2024-11-01 18:00:00,2024-11-01 16:00:00,171,167,1,0.0,81,0.514646141619888,0.4815907352533101,0.4989828098722035,0.504938879607812,0.5102960404380406,0.5126512076406265,ligue1
28136,Ligue_1,2024-11-01 20:00:00,2024-11-01 18:00:00,160,178,2,0.0,81,0.5759521690457317,0.4256287610276491,0.5061742612386753,0.5310598499920075,0.5544029865033231,0.5655624209724227,ligue1
28130,Ligue_1,2024-11-02 16:00:00,2024-11-02 14:00:00,161,210,1,0.0,83,0.36790643898628855,0.4162519426333566,0.3959690070282001,0.38753434688423916,0.3781860828213183,0.37309228888590634,ligue1
28134,Ligue_1,2024-11-02 18:00:00,2024-11-02 16:00:00,241,170,1,0.0,83,0.6383057220115261,0.4785241471419932,0.5565071615826223,0.5840104785354822,0.6114480386133426,0.6251645078916168,ligue1
28137,Ligue_1,2024-11-02 20:00:00,2024-11-02 18:00:00,175,225,2,0.0,84,0.8773462492645924,0.927384806049303,0.9067163453631154,0.8980309266619889,0.8882709349386546,0.8828842267922833,ligue1
28132,Ligue_1,2024-11-03 14:00:00,2024-11-03 12:00:00,174,177,1,0.0,86,0.5345424985904144,0.5987824803979452,0.5736052229642429,0.5622181746242418,0.5492003133203933,0.5419744435036301,ligue1
28131,Ligue_1,2024-11-03 16:00:00,2024-11-03 14:00:00,275,163,4,1.0,86,0.6701371664853357,0.6077381049092219,0.6439582551460794,0.6538993887966712,0.6626338646204162,0.6665907683507155,ligue1
28133,Ligue_1,2024-11-03 16:00:00,2024-11-03 14:00:00,282,166,1,0.0,86,0.6401272876824409,0.41576206174025004,0.53593955691476,0.5731414784879756,0.6079984169296859,0.6246428231907826,ligue1
28135,Ligue_1,2024-11-03 19:45:00,2024-11-03 17:45:00,168,164,3,1.0,87,0.6392641535399055,0.6915810226328862,0.6664271857874663,0.6577352057727187,0.6487234551643509,0.6439934057547656,ligue1
28146,Ligue_1,2024-11-08 19:45:00,2024-11-08 17:45:00,164,275,4,1.0,90,0.8564095342335455,0.8221981834925316,0.8352655235745462,0.8416760552512167,0.8488107723639493,0.8526216601413862,ligue1
28140,Ligue_1,2024-11-09 16:00:00,2024-11-09 14:00:00,225,171,4,1.0,91,0.575140998853319,0.5405237580398389,0.568355824133075,0.5731604965534126,0.5754481143016583,0.575619020057768,ligue1
28139,Ligue_1,2024-11-09 18:00:00,2024-11-09 16:00:00,210,168,5,1.0,91,0.2118150475297208,0.2503258893005193,0.23864277235550993,0.2314058547017602,0.22243774648125184,0.21725226755257876,ligue1
28142,Ligue_1,2024-11-09 20:00:00,2024-11-09 18:00:00,167,161,6,1.0,92,0.7327215601031649,0.6067815269000841,0.6726573704637102,0.6934674920450802,0.7135232056936924,0.7233673356119958,ligue1
28141,Ligue_1,2024-11-10 14:00:00,2024-11-10 12:00:00,170,160,4,1.0,94,0.39262065386808415,0.22429033267322077,0.3074586589301361,0.33674486277750315,0.3654289427892265,0.37945111569420914,ligue1
28138,Ligue_1,2024-11-10 16:00:00,2024-11-10 14:00:00,163,174,2,0.0,94,0.391821229326117,0.3662771050660325,0.3752957843861169,0.3804114885086328,0.3860623321095182,0.38899629102358513,ligue1
28143,Ligue_1,2024-11-10 16:00:00,2024-11-10 14:00:00,282,177,3,1.0,94,0.5831400892974435,0.40513365193366324,0.5028864602716842,0.5321074432459022,0.5589354426329344,0.571540601749425,ligue1
28144,Ligue_1,2024-11-10 16:00:00,2024-11-10 14:00:00,166,241,4,1.0,94,0.6885389793936337,0.5270412617948256,0.6139793244412146,0.640682810862673,0.6656361956136322,0.6775168342171075,ligue1
28145,Ligue_1,2024-11-10 19:45:00,2024-11-10 17:45:00,178,175,1,0.0,95,0.7746327809301158,0.7628074015077861,0.7816017434278173,0.7825661499181515,0.7803460920416431,0.7779057607758972,ligue1
28153,Ligue_1,2024-11-22 18:00:00,2024-11-22 16:00:00,171,241,5,1.0,99,0.515798205501791,0.42327385221339436,0.46178357487997,0.47845663527494176,0.49660711476461744,0.5062354925201019,ligue1
28147,Ligue_1,2024-11-22 20:00:00,2024-11-22 18:00:00,161,174,3,1.0,99,0.5695339933412694,0.40418798948415835,0.4853469149855252,0.513893943775263,0.5421918380064423,0.5562146551302317,ligue1
28148,Ligue_1,2024-11-23 16:00:00,2024-11-23 14:00:00,210,164,4,1.0,101,0.4071225669347581,0.5091768955940807,0.45769187873139167,0.44056562760836,0.42366448958415354,0.415226934595114,ligue1
28150,Ligue_1,2024-11-23 18:00:00,2024-11-23 16:00:00,175,166,1,0.0,101,0.6705959948951103,0.6504039928644937,0.6774513895802304,0.6795332296895629,0.677374294329403,0.6745365758751519,ligue1
28155,Ligue_1,2024-11-23 20:00:00,2024-11-23 18:00:00,177,178,2,0.0,102,0.6268271121111376,0.46147050157574376,0.5495147555652556,0.5772061555298134,0.6031537016294035,0.6154677562633593,ligue1
28151,Ligue_1,2024-11-24 14:00:00,2024-11-24 12:00:00,160,163,1,0.0,104,0.5362220901260883,0.4848575257914754,0.5090234192846149,0.5182414691799851,0.5274406682545738,0.531968610488154,ligue1
28152,Ligue_1,2024-11-24 16:00:00,2024-11-24 14:00:00,168,282,2,0.0,104,0.5240786134961578,0.4398140494196369,0.48117910751787696,0.49614998804987137,0.5106671076330952,0.5176418935603638,ligue1
28154,Ligue_1,2024-11-24 16:00:00,2024-11-24 14:00:00,275,167,1,0.0,104,0.7425360237492148,0.831732138983771,0.7949986748002662,0.7795931028207673,0.7621679501005162,0.7525014815893687,ligue1
28149,Ligue_1,2024-11-24 19:45:00,2024-11-24 17:45:00,170,225,3,1.0,105,0.7842230052839051,0.7423007988364047,0.7618959937208198,0.7694730847284148,0.7770263847684725,0.78073844806367,ligue1
28156,Ligue_1,2024-11-29 19:45:00,2024-11-29 17:45:00,177,210,2,0.0,108,0.395078570522152,0.5165246854247085,0.46271320755008233,0.4414500489606853,0.4187682666800259,0.406854558304211,ligue1
28157,Ligue_1,2024-11-30 16:00:00,2024-11-30 14:00:00,163,175,5,1.0,109,0.5099653159331516,0.3063926615589704,0.4033342772096536,0.4391240785279426,0.4750765254729845,0.49297149169022864,ligue1
28159,Ligue_1,2024-11-30 18:00:00,2024-11-30 16:00:00,241,225,4,1.0,109,0.7918001678227929,0.7613097192462023,0.7698523301588375,0.7758193254517433,0.7832083984961765,0.7874298475103177,ligue1
28161,Ligue_1,2024-11-30 20:00:00,2024-11-30 18:00:00,161,168,2,0.0,110,0.8132658860958016,0.8723921537012478,0.8466049754675748,0.8366598062940043,0.8256528287155831,0.8195686502966882,ligue1
28160,Ligue_1,2024-12-01 14:00:00,2024-12-01 12:00:00,166,160,4,1.0,112,0.6788458467043104,0.5202362268937563,0.607763822369989,0.6339146879694796,0.6577206585787251,0.6687784201303794,ligue1
28158,Ligue_1,2024-12-01 16:00:00,2024-12-01 14:00:00,282,167,1,0.0,112,0.46884058840975795,0.43042284356388927,0.4505642941464229,0.45695245562008363,0.4630436448321243,0.4660172959708694,ligue1
28163,Ligue_1,2024-12-01 16:00:00,2024-12-01 14:00:00,178,170,5,1.0,112,0.5700805291395211,0.4469476280836791,0.4990557287663541,0.5212908101057092,0.5452114254341297,0.5577494457157484,ligue1
28164,Ligue_1,2024-12-01 16:00:00,2024-12-01 14:00:00,174,275,2,0.0,112,0.5137325432208357,0.4996911820513239,0.5145538591365791,0.5167317967886202,0.5166091600849637,0.515518803103117,ligue1
28162,Ligue_1,2024-12-01 19:45:00,2024-12-01 17:45:00,164,171,3,1.0,113,0.5857846446312093,0.7186301830476212,0.6510840282409871,0.6289108796282982,0.6071313560769441,0.5962574060833015,ligue1
28169,Ligue_1,2024-12-06 18:00:00,2024-12-06 16:00:00,160,241,4,1.0,117,0.6398530799724569,0.6730183799095026,0.6403439344736229,0.6363298141542235,0.63620115197999,0.6375968211328594,ligue1
28166,Ligue_1,2024-12-06 20:00:00,2024-12-06 18:00:00,275,161,0,0.0,117,0.7885066387781382,0.6437847023083606,0.7180791199500414,0.7426467379503102,0.766273124478122,0.7777411685603541,ligue1
28173,Ligue_1,2024-12-07 16:00:00,2024-12-07 14:00:00,171,174,2,0.0,119,0.3819332161653546,0.483588581102826,0.4297697072122583,0.4130547502322639,0.39712963038028926,0.3893451377788751,ligue1
28165,Ligue_1,2024-12-07 18:00:00,2024-12-07 16:00:00,170,282,3,1.0,119,0.6683083026924628,0.5449224899709626,0.6000927260771474,0.6224510970900524,0.6454965855931913,0.6571443280539382,ligue1
28168,Ligue_1,2024-12-07 20:00:00,2024-12-07 18:00:00,167,178,3,1.0,120,0.6000896122805974,0.5774477612364213,0.5953389519545268,0.598976156176624,0.6007184073183408,0.600725015873137,ligue1
28170,Ligue_1,2024-12-08 14:00:00,2024-12-08 12:00:00,210,166,2,0.0,122,0.5991785927183395,0.6642623326039483,0.6309013085704699,0.6198760487653135,0.6092261437506581,0.6040441940832161,ligue1
28171,Ligue_1,2024-12-08 16:00:00,2024-12-08 14:00:00,225,177,0,0.0,122,0.773880791192013,0.7059628741772824,0.7445135773723129,0.7556075204073834,0.7654461901398939,0.7699038548444229,ligue1
28172,Ligue_1,2024-12-08 16:00:00,2024-12-08 14:00:00,168,163,1,0.0,122,0.5363348639186004,0.5824810928305693,0.5556952679070979,0.5486837114870349,0.5423701468341765,0.5393080174287694,ligue1
28167,Ligue_1,2024-12-08 19:45:00,2024-12-08 17:45:00,175,164,2,0.0,123,0.8158962547060555,0.8054762075281581,0.8055165868025324,0.8079543886620949,0.8114738524301427,0.8136161544866237,ligue1
28178,Ligue_1,2024-12-13 19:45:00,2024-12-13 17:45:00,174,175,3,1.0,126,0.49957668775962477,0.5194135596827565,0.5185147367429119,0.5150316249485508,0.5089300831451478,0.5046321135187801,ligue1
28181,Ligue_1,2024-12-14 16:00:00,2024-12-14 14:00:00,164,160,2,0.0,127,0.6399330105602203,0.6740917016645025,0.6490875478580073,0.6439776934696848,0.6409156126021026,0.6401634515382758,ligue1
28177,Ligue_1,2024-12-14 18:00:00,2024-12-14 16:00:00,275,210,4,1.0,127,0.41349919046746664,0.41174554898789684,0.43290530841476055,0.4308358191530808,0.4241958529057932,0.4192354888737763,ligue1
28176,Ligue_1,2024-12-14 20:00:00,2024-12-14 18:00:00,177,171,0,0.0,128,0.46971018064666753,0.43059765803163147,0.4627543725434704,0.46820148483981794,0.470543257724202,0.4705151116549472,ligue1
28179,Ligue_1,2024-12-15 14:00:00,2024-12-15 12:00:00,166,170,4,1.0,130,0.7980788107354249,0.753727295660779,0.769831199412499,0.7784237204740073,0.7880256844415352,0.7931021950076397,ligue1
28174,Ligue_1,2024-12-15 16:00:00,2024-12-15 14:00:00,163,167,2,0.0,130,0.5431323199762081,0.5241365795188094,0.5288366109772791,0.5328578217901428,0.5377104099603821,0.5404035657392061,ligue1
28175,Ligue_1,2024-12-15 16:00:00,2024-12-15 14:00:00,282,225,3,1.0,130,0.6413820918709655,0.46205294431881017,0.5415901049886265,0.5738751358424182,0.6075686189173355,0.6247758103623731,ligue1
28180,Ligue_1,2024-12-15 16:00:00,2024-12-15 14:00:00,241,168,5,1.0,130,0.6193268815356553,0.6874037179257961,0.6556060115897153,0.643495821819213,0.6312711734504436,0.6251590234862446,ligue1
28182,Ligue_1,2024-12-15 19:45:00,2024-12-15 17:45:00,161,178,4,1.0,131,0.7157888004665681,0.47703019338473496,0.5860404552780406,0.6280253478938315,0.6717046425379742,0.6940920436882615,ligue1
28183,Ligue_1,2024-12-18 20:00:00,2024-12-18 18:00:00,171,161,6,1.0,135,0.46892064309998,0.4154865217166994,0.45309691758986276,0.4614764133740391,0.4668999021697487,0.46837277306313396,ligue1
28191,Ligue_1,2025-01-03 20:00:00,2025-01-03 18:00:00,170,163,5,1.0,136,0.6233475180109742,0.5949881290845862,0.6022706352719295,0.6078396478679045,0.6149800089674744,0.6190972067466911,ligue1
28186,Ligue_1,2025-01-04 16:00:00,2025-01-04 14:00:00,175,177,4,1.0,137,0.5409472928806485,0.27227721496792834,0.41799901193813693,0.46445755898318825,0.5060581038717509,0.5246741436212885,ligue1
28188,Ligue_1,2025-01-04 18:00:00,2025-01-04 16:00:00,160,168,2,0.0,137,0.5711218998606322,0.6784054119589693,0.6339417679085658,0.6151370919483842,0.5942101509853441,0.5827786545235836,ligue1
28184,Ligue_1,2025-01-04 20:00:00,2025-01-04 18:00:00,178,166,1,0.0,138,0.8471594921836015,0.8390109005022164,0.8431005731162102,0.8449084988972664,0.8464012630070747,0.8469041754102313,ligue1
28185,Ligue_1,2025-01-05 14:00:00,2025-01-05 12:00:00,210,174,1,0.0,140,0.3036206556510729,0.481950263400746,0.39679472835106705,0.3657702267927858,0.33443467603370425,0.3186967552388004,ligue1
28187,Ligue_1,2025-01-05 14:00:00,2025-01-05 12:00:00,167,241,2,0.0,140,0.6408489358866949,0.7077686645156784,0.6774046574056927,0.6654987198228435,0.6532029725768159,0.646930488649847,ligue1
28190,Ligue_1,2025-01-05 14:00:00,2025-01-05 12:00:00,225,275,4,1.0,140,0.7659952744135956,0.6132214863196725,0.6947392861396977,0.7208439698002325,0.7448112138304049,0.7559261069477479,ligue1
28189,Ligue_1,2025-01-05 19:45:00,2025-01-05 17:45:00,164,282,6,1.0,143,0.7792338827850891,0.7266318304643317,0.7361401710028006,0.7470287894035437,0.7616200297471106,0.7702269695978947,ligue1
28193,Ligue_1,2025-01-10 18:00:00,2025-01-10 16:00:00,168,171,4,1.0,144,0.5046875768291726,0.6144099329098826,0.5749438631880035,0.5557448162581512,0.5324591161077574,0.5189564855799982,ligue1
28194,Ligue_1,2025-01-10 20:00:00,2025-01-10 18:00:00,275,160,0,0.0,144,0.5955648878249514,0.595359719937021,0.5884915326613661,0.5895846050783309,0.5921186467960333,0.5937923277070268,ligue1
28198,Ligue_1,2025-01-11 16:00:00,2025-01-11 14:00:00,241,178,3,1.0,146,0.7281199556335696,0.7160366214132948,0.7242279554900027,0.724973513115452,0.7260489826852224,0.7269415521796404,ligue1
28195,Ligue_1,2025-01-11 18:00:00,2025-01-11 16:00:00,177,170,6,1.0,146,0.6244846754846184,0.6625749428889772,0.6307121385603985,0.6261710998885799,0.6242082394542565,0.6240909074369219,ligue1
28200,Ligue_1,2025-01-11 20:00:00,2025-01-11 18:00:00,163,164,3,1.0,147,0.7112228863052202,0.7989026404857501,0.7358344920138428,0.7222583907821626,0.713968768222179,0.7118913655250502,ligue1
28196,Ligue_1,2025-01-12 14:00:00,2025-01-12 12:00:00,282,210,3,1.0,149,0.4044609858662546,0.5212295600866218,0.46462214537908775,0.4435722598148406,0.42324493786943135,0.41349246192363015,ligue1
28192,Ligue_1,2025-01-12 16:15:00,2025-01-12 14:15:00,174,225,3,1.0,149,0.5584720618635012,0.4671085695134084,0.5249732337114145,0.5394010674626538,0.55066308861592,0.5550654075828991,ligue1
28197,Ligue_1,2025-01-12 16:15:00,2025-01-12 14:15:00,166,167,4,1.0,149,0.5621630386812708,0.41284801745904426,0.5019379591398023,0.5269693817649841,0.547411736877611,0.5556554878531481,ligue1
28199,Ligue_1,2025-01-12 19:45:00,2025-01-12 17:45:00,161,175,3,1.0,150,0.9173974698381787,0.8714356554952575,0.8900785141597463,0.8985630866527257,0.9078211117728381,0.9126676250428614,ligue1
28206,Ligue_1,2025-01-17 18:00:00,2025-01-17 16:00:00,166,171,3,1.0,153,0.6919749229305542,0.6582945355879855,0.6715233607269481,0.6779880667104212,0.6849738228204041,0.6885555129122576,ligue1
28203,Ligue_1,2025-01-17 20:05:00,2025-01-17 18:05:00,160,170,3,1.0,153,0.5801591422427477,0.5910234369741412,0.601574663023063,0.5968504508895849,0.5893037599366227,0.5847877838374695,ligue1
28202,Ligue_1,2025-01-18 16:00:00,2025-01-18 14:00:00,210,161,3,1.0,155,0.4876034103043675,0.5454448517787056,0.5328670006486239,0.52160506450783,0.5064647491019038,0.4973487083642167,ligue1
28209,Ligue_1,2025-01-18 18:00:00,2025-01-18 16:00:00,163,241,3,1.0,155,0.6790467176633815,0.7094870885692404,0.6893190668352778,0.6832016314978527,0.6793928594593334,0.6787245025491095,ligue1
28204,Ligue_1,2025-01-18 20:05:00,2025-01-18 18:05:00,178,174,0,0.0,156,0.4687114696078196,0.41927045168383964,0.44938238337904374,0.457524247148788,0.46413686230677015,0.46674516862181814,ligue1
28205,Ligue_1,2025-01-19 14:00:00,2025-01-19 12:00:00,175,168,2,0.0,158,0.5708647871062488,0.6499908885353368,0.6151455018322513,0.6015672246410686,0.5868374908551203,0.5789008825215031,ligue1
28207,Ligue_1,2025-01-19 16:15:00,2025-01-19 14:15:00,177,282,2,0.0,158,0.6049619167644313,0.6259589676009838,0.5868775889503786,0.587033420977375,0.5934772346624918,0.5987676798337528,ligue1
28208,Ligue_1,2025-01-19 16:15:00,2025-01-19 14:15:00,167,275,2,0.0,158,0.5619252362943888,0.4547262448058938,0.5098858717934015,0.5300870100453031,0.5480752632499513,0.5557184479684908,ligue1
28201,Ligue_1,2025-01-19 19:45:00,2025-01-19 17:45:00,164,225,2,0.0,159,0.8422854496646678,0.7674211438234437,0.8033847012762965,0.816196037246406,0.8292268154753397,0.83585815405774,ligue1
28214,Ligue_1,2025-01-24 19:45:00,2025-01-24 17:45:00,275,175,2,0.0,162,0.6524638662025297,0.4447250595728305,0.5555916608001287,0.5930302876609954,0.6261481455010727,0.6404620469663727,ligue1
28211,Ligue_1,2025-01-25 16:00:00,2025-01-25 14:00:00,171,163,5,1.0,163,0.5856302021761042,0.7123924573344035,0.6514322065078519,0.628968859702309,0.6068122099070636,0.5959256540043456,ligue1
28210,Ligue_1,2025-01-25 18:00:00,2025-01-25 16:00:00,225,160,3,1.0,163,0.6076114170603758,0.4444957107780868,0.5249660473892357,0.5539765747648682,0.5819948071901813,0.5953602039034699,ligue1
28216,Ligue_1,2025-01-25 20:05:00,2025-01-25 18:05:00,161,177,2,0.0,164,0.7658097701078193,0.7863166544757398,0.7606145327100428,0.7577114156862393,0.7593568990046187,0.7620398514557372,ligue1
28213,Ligue_1,2025-01-26 14:00:00,2025-01-26 12:00:00,282,241,1,0.0,166,0.6429511616513852,0.7049435945820922,0.6699462922852151,0.6577695019249549,0.6481552965831316,0.6448646238575912,ligue1
28212,Ligue_1,2025-01-26 16:15:00,2025-01-26 14:15:00,174,166,3,1.0,166,0.5392434671093761,0.37432920812093984,0.4628248187733125,0.49187921017837566,0.5179305080324605,0.529421518550645,ligue1
28215,Ligue_1,2025-01-26 16:15:00,2025-01-26 14:15:00,210,167,1,0.0,166,0.413403274179599,0.47012875538562043,0.4563211453549481,0.4456606652757228,0.43122786259099555,0.42256769608536265,ligue1
28218,Ligue_1,2025-01-26 16:15:00,2025-01-26 14:15:00,168,178,2,0.0,166,0.5565917532223227,0.43475783464744056,0.5154415194016888,0.5346886428631477,0.548444522918765,0.5532531557107464,ligue1
28217,Ligue_1,2025-01-26 19:45:00,2025-01-26 17:45:00,170,164,2,0.0,167,0.7728439471302322,0.8527203144970911,0.8160173370830004,0.8010538413096129,0.7862324804186488,0.7791858437580742,ligue1
28221,Ligue_1,2025-01-31 19:45:00,2025-01-31 17:45:00,166,210,2,0.0,171,0.5273569972420602,0.5176944331182686,0.5316932300607485,0.5328968848629764,0.5315172547810127,0.5297536502743128,ligue1
28220,Ligue_1,2025-02-01 16:00:00,2025-02-01 14:00:00,241,161,7,1.0,172,0.7717468150492673,0.6198043648168791,0.6959724269436228,0.7210592382837696,0.7462731791666768,0.7591503507762127,ligue1
28227,Ligue_1,2025-02-01 18:00:00,2025-02-01 16:00:00,171,275,6,1.0,172,0.6245767626279064,0.6286766581925352,0.6288896047887956,0.6285110315571056,0.627148776728294,0.6260011166121376,ligue1
28222,Ligue_1,2025-02-01 20:05:00,2025-02-01 18:05:00,160,175,5,1.0,173,0.6263709649495391,0.458809944343524,0.5411589297151539,0.5713764157162401,0.6003923910895417,0.6140460018568858,ligue1
28225,Ligue_1,2025-02-02 14:00:00,2025-02-02 12:00:00,174,170,2,0.0,175,0.49444655048474623,0.5075150908425491,0.5141474798181817,0.5105135378191548,0.5037687424719584,0.4993169392824671,ligue1
28223,Ligue_1,2025-02-02 16:15:00,2025-02-02 14:15:00,177,168,3,1.0,175,0.5264075974781711,0.46840777963884317,0.4962094829131948,0.5076197721096691,0.5183060844731876,0.5228560794991375,ligue1
28224,Ligue_1,2025-02-02 16:15:00,2025-02-02 14:15:00,167,282,2,0.0,175,0.4737683278857225,0.44789514226493615,0.46870850707247314,0.4716090790305427,0.4731223282383168,0.47352723699633176,ligue1
28226,Ligue_1,2025-02-02 16:15:00,2025-02-02 14:15:00,163,225,1,0.0,175,0.7171548729104318,0.7144433315845327,0.7048153071616147,0.7059952145988689,0.7101152933598733,0.713337422347143,ligue1
28219,Ligue_1,2025-02-02 19:45:00,2025-02-02 17:45:00,164,178,5,1.0,176,0.6632280148915153,0.43074565071727366,0.5411263479640058,0.5812880682452642,0.6222472102583629,0.6430690556604699,ligue1
28229,Ligue_1,2025-02-07 16:00:00,2025-02-07 14:00:00,168,241,2,0.0,180,0.6563746786794658,0.7043485343819027,0.6872763212493633,0.6784788407437227,0.6679973759360778,0.6621967320328287,ligue1
28233,Ligue_1,2025-02-07 20:05:00,2025-02-07 18:05:00,161,171,5,1.0,181,0.7375038441745174,0.9093355544878421,0.845488139333543,0.8143319469932461,0.7781053630910214,0.7580086895385025,ligue1
28231,Ligue_1,2025-02-08 16:00:00,2025-02-08 14:00:00,160,282,3,1.0,182,0.6154143931062463,0.6030825231433742,0.6042010055305025,0.6061083184342737,0.609735428792307,0.6123507270155016,ligue1
28236,Ligue_1,2025-02-08 16:00:00,2025-02-08 14:00:00,170,210,2,0.0,182,0.47201254606726933,0.4880173836215003,0.5181989178742249,0.5119878001922712,0.49634480114467183,0.48500325856648047,ligue1
28232,Ligue_1,2025-02-08 20:05:00,2025-02-08 18:05:00,175,163,2,0.0,184,0.6131203990476155,0.6507922175789749,0.6316750039164237,0.6246800436632649,0.6183303719699333,0.6155254207216199,ligue1
28234,Ligue_1,2025-02-09 14:00:00,2025-02-09 12:00:00,178,177,4,1.0,185,0.5929217790785112,0.5414374736827262,0.5577174983394326,0.5672478412366256,0.5790181454647088,0.5858198957533061,ligue1
28228,Ligue_1,2025-02-09 16:15:00,2025-02-09 14:15:00,275,174,4,1.0,185,0.4334032118386782,0.36511498309048734,0.3911983575108124,0.4049994800487014,0.4196602780601205,0.4268641731282977,ligue1
28230,Ligue_1,2025-02-09 16:15:00,2025-02-09 14:15:00,225,166,2,0.0,185,0.7937017588258629,0.550510540675628,0.6674930280554439,0.7112860714592417,0.7541849020621595,0.7747789302790954,ligue1
28235,Ligue_1,2025-02-09 19:45:00,2025-02-09 17:45:00,167,164,2,0.0,186,0.6359601531528143,0.5296214059864047,0.5749398005060203,0.5943451172803365,0.6149570855199207,0.6256052134127363,ligue1
28241,Ligue_1,2025-02-14 19:45:00,2025-02-14 17:45:00,241,275,4,1.0,189,0.7317254096279788,0.771021771016936,0.7416449585692029,0.7353187488258297,0.7319537177757821,0.7314589878920384,ligue1
28238,Ligue_1,2025-02-15 16:00:00,2025-02-15 14:00:00,164,175,6,1.0,190,0.8323984605805144,0.7713861863266434,0.7940249865850536,0.8051990946269295,0.8181599944198119,0.8252626829882366,ligue1
28245,Ligue_1,2025-02-15 18:00:00,2025-02-15 16:00:00,171,168,8,1.0,190,0.6350381724718615,0.7749541609368931,0.7298249712074021,0.7047355735618756,0.6732348692954794,0.6547052927530788,ligue1
28237,Ligue_1,2025-02-15 20:05:00,2025-02-15 18:05:00,174,161,1,0.0,191,0.5801904556641898,0.6748107002305699,0.615212766036331,0.599187429070153,0.5872246201457166,0.5830155455793176,ligue1
28239,Ligue_1,2025-02-16 14:00:00,2025-02-16 12:00:00,166,178,5,1.0,193,0.7043455594641458,0.5793098794138533,0.6271365427911498,0.6516549973257969,0.6782445534997972,0.6917064401399954,ligue1
28240,Ligue_1,2025-02-16 16:15:00,2025-02-16 14:15:00,210,225,2,0.0,193,0.4825181247717717,0.3267493839728337,0.41609788938467523,0.44430216639495484,0.4672429179235055,0.47605383561144177,ligue1
28243,Ligue_1,2025-02-16 16:15:00,2025-02-16 14:15:00,177,167,1,0.0,193,0.49530272660994396,0.4012364244015963,0.4369580244369611,0.4539291232177335,0.47372294376930746,0.4845432096151707,ligue1
28244,Ligue_1,2025-02-16 16:15:00,2025-02-16 14:15:00,282,170,4,1.0,193,0.6517604752349793,0.5780212554501496,0.6224329162510396,0.6330300790687853,0.6425224073777009,0.6471878656353004,ligue1
28242,Ligue_1,2025-02-16 19:45:00,2025-02-16 17:45:00,163,160,2,0.0,194,0.5205123827372601,0.547134620044274,0.5322670523438852,0.5270474457597752,0.5229236503715826,0.5214618009166384,ligue1
28246,Ligue_1,2025-02-21 19:45:00,2025-02-21 17:45:00,163,177,1,0.0,198,0.5347767289729254,0.4390906551853451,0.4857149432459337,0.5009060541312713,0.5171362333444677,0.5259014109604093,ligue1
28248,Ligue_1,2025-02-22 16:00:00,2025-02-22 14:00:00,160,171,3,1.0,199,0.6033573117519652,0.8344839513530916,0.753170058511775,0.7106381657668047,0.6600748623660689,0.6319144544957321,ligue1
28251,Ligue_1,2025-02-22 18:00:00,2025-02-22 16:00:00,175,167,6,1.0,199,0.49631285335787095,0.4367269650164583,0.4723066897902935,0.4840523999958756,0.49290368198304113,0.4954745059485597,ligue1
28252,Ligue_1,2025-02-22 20:05:00,2025-02-22 18:05:00,275,164,3,1.0,200,0.7555588370186657,0.8110171077383016,0.7671343574535651,0.7577422300791633,0.7536532891770844,0.7538721799780458,ligue1
28250,Ligue_1,2025-02-23 14:00:00,2025-02-23 12:00:00,168,210,4,1.0,202,0.40199181817337953,0.4647967241372649,0.4612099592537041,0.4493206753815204,0.4297051950214208,0.41664349211310137,ligue1
28247,Ligue_1,2025-02-23 16:15:00,2025-02-23 14:15:00,282,174,5,1.0,202,0.3617732507956281,0.34045704377511343,0.3461181453810256,0.3503020431962131,0.3556184584493601,0.3586587405194584,ligue1
28249,Ligue_1,2025-02-23 16:15:00,2025-02-23 14:15:00,225,241,0,0.0,202,0.7541983448875872,0.5871420773976824,0.6663013789596612,0.6963948705063888,0.7261583392937809,0.7406576319862942,ligue1
28253,Ligue_1,2025-02-23 16:15:00,2025-02-23 14:15:00,170,166,2,0.0,202,0.8451878844544716,0.8107845010266755,0.8168463728319012,0.8241370894997792,0.8338486052222387,0.8394574156475466,ligue1
28254,Ligue_1,2025-02-23 19:45:00,2025-02-23 17:45:00,178,161,5,1.0,203,0.693596964846607,0.6703654732214495,0.6646768475113809,0.6683616379795663,0.6776213151303494,0.6848483164516564,ligue1
28262,Ligue_1,2025-02-28 19:45:00,2025-02-28 17:45:00,171,177,3,1.0,207,0.6707993382205241,0.7992054097515396,0.7566855641097582,0.7325431259076811,0.7035825099896316,0.6873523675869535,ligue1
28259,Ligue_1,2025-03-01 16:00:00,2025-03-01 14:00:00,175,170,4,1.0,208,0.7717958334900172,0.8313893423808872,0.8068928484627917,0.7960293979157705,0.7841499343344415,0.7779088618591661,ligue1
28260,Ligue_1,2025-03-01 18:00:00,2025-03-01 16:00:00,210,282,7,1.0,208,0.45777123840727724,0.4963517739810873,0.4832802264653522,0.4764106476597441,0.46782778236810874,0.46288559655725237,ligue1
28255,Ligue_1,2025-03-01 20:05:00,2025-03-01 18:05:00,161,160,5,1.0,209,0.6325555275154208,0.6464677822056681,0.6351605775650535,0.6321456970155755,0.6310138020634584,0.6314304351615999,ligue1
28257,Ligue_1,2025-03-02 14:00:00,2025-03-02 12:00:00,178,241,3,1.0,211,0.7253493160517647,0.6878228295670691,0.7061430928056408,0.7120389581360247,0.7183578401678008,0.7218098402158271,ligue1
28258,Ligue_1,2025-03-02 16:15:00,2025-03-02 14:15:00,166,163,4,1.0,211,0.5916985246988049,0.3904221890408319,0.4787645841336192,0.5146632171602149,0.5528409628940659,0.5725712957477648,ligue1
28261,Ligue_1,2025-03-02 16:15:00,2025-03-02 14:15:00,275,225,1,0.0,211,0.6579969629365989,0.3612162320572231,0.49603816241491666,0.5501133412175947,0.6054438032703325,0.6326990033998566,ligue1
28263,Ligue_1,2025-03-02 16:15:00,2025-03-02 14:15:00,167,174,4,1.0,211,0.37461548955818225,0.42639245549708304,0.39421082352099923,0.3872615329824007,0.3811977302769356,0.3780282162130683,ligue1
28256,Ligue_1,2025-03-02 19:45:00,2025-03-02 17:45:00,164,168,2,0.0,212,0.7748787348709182,0.8533230437314586,0.821305273748784,0.8073671325036468,0.7918239366743478,0.7833951600364936,ligue1
28267,Ligue_1,2025-03-07 19:45:00,2025-03-07 17:45:00,174,171,2,0.0,216,0.5226772932821914,0.7302712624186275,0.6655355239736883,0.6262180077022663,0.5777509602417874,0.5504161900960421,ligue1
28271,Ligue_1,2025-03-08 16:00:00,2025-03-08 14:00:00,163,161,5,1.0,217,0.6838636003461678,0.5923558705136291,0.6351698206746844,0.6501434761798864,0.6662515871139416,0.6749841243354581,ligue1
28270,Ligue_1,2025-03-08 18:00:00,2025-03-08 16:00:00,160,166,1,0.0,217,0.7268358745203245,0.6685928613679059,0.682318400489066,0.6931459717416704,0.7081849357953918,0.717271260481903,ligue1
28272,Ligue_1,2025-03-08 20:05:00,2025-03-08 18:05:00,164,210,1,0.0,218,0.5815993714961728,0.7031711645855823,0.661105072687449,0.6395149429050541,0.6130010560643169,0.597659673292726,ligue1
28269,Ligue_1,2025-03-09 14:00:00,2025-03-09 12:00:00,241,167,2,0.0,220,0.5942528402164012,0.5156292616959995,0.5525078638219558,0.5669768232604402,0.5813498613349711,0.5881685501459863,ligue1
28264,Ligue_1,2025-03-09 16:15:00,2025-03-09 14:15:00,282,175,2,0.0,220,0.6107514806279387,0.8324789682844026,0.7337718777226094,0.6919209757837503,0.6494650766799831,0.629088940309725,ligue1
28265,Ligue_1,2025-03-09 16:15:00,2025-03-09 14:15:00,177,275,2,0.0,220,0.5429752796609877,0.38970924012241864,0.4435841577489757,0.47200808928585186,0.5057581153541846,0.5243621631096231,ligue1
28266,Ligue_1,2025-03-09 16:15:00,2025-03-09 14:15:00,168,225,1,0.0,220,0.594548307240126,0.3869458456962833,0.4849083809787046,0.5232382741591728,0.5609118159900847,0.5786788976520201,ligue1
28268,Ligue_1,2025-03-09 19:45:00,2025-03-09 17:45:00,170,178,2,0.0,221,0.683840158120483,0.6678420339856012,0.6749066138377563,0.6769583776853659,0.6796312490072964,0.6815119727521639,ligue1
28274,Ligue_1,2025-03-14 19:45:00,2025-03-14 17:45:00,170,275,2,0.0,225,0.6805049216813233,0.5047403062981463,0.594813789513025,0.6252193195194474,0.6541745403964293,0.6679186846893563,ligue1
28280,Ligue_1,2025-03-15 16:00:00,2025-03-15 14:00:00,168,160,1,0.0,226,0.533649497667013,0.5529386302439391,0.5610033957226217,0.5566835296926529,0.5476956696399142,0.5412138574144505,ligue1
28281,Ligue_1,2025-03-15 18:00:00,2025-03-15 16:00:00,167,171,2,0.0,226,0.613476804172552,0.7426467563371286,0.6964561796810615,0.6735690470726011,0.6458588161693843,0.6299722379322478,ligue1
28278,Ligue_1,2025-03-15 20:05:00,2025-03-15 18:05:00,210,163,1,0.0,227,0.44802912360824104,0.579386046879037,0.5214274266738173,0.498805416077329,0.4742397156988701,0.46112457304455196,ligue1
28277,Ligue_1,2025-03-16 14:00:00,2025-03-16 12:00:00,178,282,6,1.0,229,0.7279989639187731,0.8054775976688399,0.7715726516179291,0.7570452324022126,0.7420978559024555,0.7347581376030422,ligue1
28275,Ligue_1,2025-03-16 16:15:00,2025-03-16 14:15:00,166,175,2,0.0,229,0.6039255641230981,0.5157258557156648,0.5566039890270125,0.5733464711833015,0.589879780455874,0.5974749759915584,ligue1
28276,Ligue_1,2025-03-16 16:15:00,2025-03-16 14:15:00,241,177,0,0.0,229,0.5897003568286298,0.4411750003566676,0.509193016163196,0.535155116719949,0.562184568713669,0.576116447129926,ligue1
28279,Ligue_1,2025-03-16 16:15:00,2025-03-16 14:15:00,225,174,3,1.0,229,0.44317640810481307,0.1729430683651717,0.29306685875562344,0.34375991387895527,0.3952787015666247,0.42028686339014437,ligue1
28273,Ligue_1,2025-03-16 19:45:00,2025-03-16 17:45:00,161,164,4,1.0,230,0.7638148743153178,0.7317333941935511,0.7431281072375681,0.7480863735808825,0.7547780345310661,0.7590435348152467,ligue1
28285,Ligue_1,2025-03-28 19:45:00,2025-03-28 17:45:00,225,178,6,1.0,234,0.6312845021432529,0.3736093160739583,0.47328949788838376,0.5229824415255141,0.5771795655177815,0.6049194805938815,ligue1
28288,Ligue_1,2025-03-29 16:00:00,2025-03-29 14:00:00,177,164,4,1.0,235,0.6066123705810216,0.37276090840456794,0.4891535211954431,0.5292092197365411,0.568707695351149,0.5881896245706373,ligue1
28287,Ligue_1,2025-03-29 18:00:00,2025-03-29 16:00:00,175,161,7,1.0,235,0.8726761308911114,0.8901320597435607,0.8814515440535435,0.8770105583162994,0.8735979807276665,0.8727397657423119,ligue1
28290,Ligue_1,2025-03-29 20:05:00,2025-03-29 18:05:00,171,170,3,1.0,236,0.6733248414303609,0.6612585914892307,0.7067926201265401,0.7072701460527372,0.6964594992267894,0.6862638405049131,ligue1
28286,Ligue_1,2025-03-30 14:00:00,2025-03-30 12:00:00,174,241,6,1.0,238,0.4879004975944502,0.3444617608503487,0.4264901490202953,0.4512261451736511,0.4721629848109358,0.48085318406532523,ligue1
28282,Ligue_1,2025-03-30 16:15:00,2025-03-30 14:15:00,167,163,3,1.0,238,0.4758970346862808,0.40606643131827624,0.4361807320950802,0.4485853655337695,0.4621467125510002,0.46917691278231566,ligue1
28283,Ligue_1,2025-03-30 16:15:00,2025-03-30 14:15:00,275,166,1,0.0,238,0.6656110776438373,0.44125508537062413,0.528321699572634,0.5702528517092065,0.6173737559854549,0.6420150001605629,ligue1
28284,Ligue_1,2025-03-30 16:15:00,2025-03-30 14:15:00,282,168,5,1.0,238,0.5499780504491829,0.6269233167192814,0.6071856124557594,0.590471897071665,0.570377252482203,0.5598460301752068,ligue1
28289,Ligue_1,2025-03-30 19:45:00,2025-03-30 17:45:00,160,210,1,0.0,239,0.3741936273302413,0.3428856452811326,0.38598155314478805,0.39079721460093236,0.38734361049703164,0.3819208973373157,ligue1
28292,Ligue_1,2025-04-04 18:45:00,2025-04-04 16:45:00,170,168,3,1.0,243,0.6669333829686731,0.5720068546461043,0.6348338133514806,0.6524933721889634,0.6640806806490555,0.6667507301113086,ligue1
28297,Ligue_1,2025-04-05 15:00:00,2025-04-05 13:00:00,161,167,1,0.0,244,0.8131995379943695,0.8911213035798732,0.843328682006408,0.8280144702913915,0.817063615273983,0.8140939161637653,ligue1
28293,Ligue_1,2025-04-05 17:00:00,2025-04-05 15:00:00,241,171,3,1.0,244,0.6827447764889057,0.6146604242374847,0.6740777312768824,0.6855495721705889,0.6888239217718848,0.6869080994939467,ligue1
28295,Ligue_1,2025-04-05 19:05:00,2025-04-05 17:05:00,178,160,3,1.0,245,0.5659314534861237,0.5737827628616431,0.5798280260031403,0.5759976995116121,0.5707113175838812,0.5680887770964613,ligue1
28296,Ligue_1,2025-04-06 13:00:00,2025-04-06 11:00:00,210,175,1,0.0,247,0.5455455495599891,0.5603629597165911,0.573299880783841,0.5697293122036066,0.5605601944316078,0.5536560874863392,ligue1
28294,Ligue_1,2025-04-06 15:15:00,2025-04-06 13:15:00,166,282,2,0.0,247,0.5635316462663646,0.5447213446603189,0.5470810249640873,0.5495409172651089,0.5546476653424673,0.5586137238172366,ligue1
28298,Ligue_1,2025-04-06 15:15:00,2025-04-06 13:15:00,177,225,1,0.0,247,0.5282240029930082,0.40357908070260307,0.4147231684168115,0.4380029694794154,0.4760932911017604,0.5010333688843037,ligue1
28299,Ligue_1,2025-04-06 15:15:00,2025-04-06 13:15:00,163,275,1,0.0,247,0.55019909234909,0.3468536753335399,0.4420176171775957,0.4773274667645052,0.513826391375243,0.5323852968096299,ligue1
28291,Ligue_1,2025-04-06 18:45:00,2025-04-06 16:45:00,164,174,5,1.0,248,0.594959313441865,0.722705591921389,0.6529179522662304,0.6297777278369757,0.6097022696270323,0.6014409776406598,ligue1
28307,Ligue_1,2025-04-11 18:45:00,2025-04-11 16:45:00,210,177,2,0.0,252,0.34685641671026973,0.1842514801495833,0.26401531614039375,0.2953691039987354,0.3245538000726636,0.337006703294582,ligue1
28308,Ligue_1,2025-04-12 15:00:00,2025-04-12 13:00:00,171,164,3,1.0,253,0.7239721834477878,0.7780891202575599,0.7740970845331174,0.7643857709674488,0.7479418769880871,0.7367353764692964,ligue1
28300,Ligue_1,2025-04-12 17:00:00,2025-04-12 15:00:00,174,160,3,1.0,253,0.432090349335379,0.564870813599511,0.5116203828841881,0.4869448616768075,0.45977003456590354,0.44565182310329493,ligue1
28304,Ligue_1,2025-04-12 19:05:00,2025-04-12 17:05:00,225,170,4,1.0,254,0.615834209949637,0.41086194656243336,0.4629737264192217,0.5056887197817277,0.5589144297314651,0.5878367068278025,ligue1
28305,Ligue_1,2025-04-13 13:00:00,2025-04-13 11:00:00,175,241,6,1.0,256,0.7022003796104114,0.7321481918727499,0.7139756903329417,0.7100907103731126,0.7065399702907947,0.7045200625887337,ligue1
28301,Ligue_1,2025-04-13 15:15:00,2025-04-13 13:15:00,282,163,6,1.0,256,0.5857404844313484,0.6078421972978441,0.6143909936132113,0.6071648103709066,0.5965026512734992,0.5907802670161182,ligue1
28306,Ligue_1,2025-04-13 15:15:00,2025-04-13 13:15:00,167,166,2,0.0,256,0.4519323276569618,0.0984917942360015,0.24510174607835014,0.3129019638498442,0.38434210726431967,0.41961041988215925,ligue1
28302,Ligue_1,2025-04-13 18:45:00,2025-04-13 16:45:00,275,178,4,1.0,257,0.6354338092303831,0.4842263726373532,0.5637961741844683,0.5884866839899208,0.612378483427154,0.6241866632825663,ligue1
28317,Ligue_1,2025-04-18 18:45:00,2025-04-18 16:45:00,163,168,3,1.0,260,0.567176778341741,0.5987476822774276,0.5885987026187889,0.5833561692322777,0.5762609087960424,0.5718961535067287,ligue1
28313,Ligue_1,2025-04-19 15:00:00,2025-04-19 13:00:00,161,282,3,1.0,261,0.9012208350109735,0.9316126555057553,0.9197031280031317,0.9129399210006799,0.9060935528604982,0.9032288062937907,ligue1
28316,Ligue_1,2025-04-19 17:00:00,2025-04-19 15:00:00,171,225,0,0.0,261,0.6310697193232174,0.4636602109869209,0.5298478714033382,0.5633639812408509,0.5989068019180271,0.6160009902822534,ligue1
28314,Ligue_1,2025-04-19 19:05:00,2025-04-19 17:05:00,164,166,6,1.0,262,0.7764029630132818,0.3787257422294995,0.5572774345957163,0.6306136291532665,0.7057016377294308,0.7425059786593189,ligue1
28312,Ligue_1,2025-04-20 13:00:00,2025-04-20 11:00:00,160,275,4,1.0,264,0.5023823088480501,0.32172545025828886,0.3869172080582392,0.42079508630375734,0.4601826674221826,0.48146252426508884,ligue1
28310,Ligue_1,2025-04-20 15:15:00,2025-04-20 13:15:00,170,167,3,1.0,264,0.599463010050804,0.44239154652820406,0.5120346506466066,0.5411068638714304,0.5710339809517729,0.5857922979898726,ligue1
28311,Ligue_1,2025-04-20 15:15:00,2025-04-20 13:15:00,241,210,4,1.0,264,0.4700427120820968,0.44881174008428854,0.4658910753153269,0.47141965045831585,0.4735704720762216,0.4725999103655562,ligue1
28315,Ligue_1,2025-04-20 15:15:00,2025-04-20 13:15:00,177,174,1,0.0,264,0.41849341717786,0.4449563509808516,0.429330592603577,0.42508210573993926,0.4213428418184174,0.419756752304842,ligue1
28309,Ligue_1,2025-04-20 18:45:00,2025-04-20 16:45:00,175,178,3,1.0,265,0.78451855409678,0.906664943200867,0.8638891570647197,0.8411749820780361,0.8142285318002291,0.7993878956586188,ligue1
28303,Ligue_1,2025-04-22 18:45:00,2025-04-22 16:45:00,168,161,2,0.0,269,0.7702077388986343,0.7925704870187957,0.7964022070974375,0.7915520176894102,0.7828075314535042,0.7768830004523761,ligue1
28324,Ligue_1,2025-04-25 18:45:00,2025-04-25 16:45:00,161,170,4,1.0,270,0.7448556845455745,0.6942086838884225,0.7208482277860111,0.7297016371979771,0.7377988874899641,0.7415053604893292,ligue1
28319,Ligue_1,2025-04-26 15:00:00,2025-04-26 13:00:00,225,175,4,1.0,271,0.7147910503463055,0.5716971173253379,0.6220454538980512,0.6491423494963962,0.6811033295152658,0.6982287192908869,ligue1
28318,Ligue_1,2025-04-26 17:00:00,2025-04-26 15:00:00,282,171,2,0.0,271,0.716695750862532,0.7421143055011804,0.7737447807638475,0.7664997534722604,0.747215726840697,0.732957953416722,ligue1
28326,Ligue_1,2025-04-26 19:05:00,2025-04-26 17:05:00,178,163,5,1.0,272,0.6534991826686481,0.7127252100435437,0.6804762490165368,0.6694436754277855,0.6600673196692974,0.656332472617539,ligue1
28323,Ligue_1,2025-04-27 13:00:00,2025-04-27 11:00:00,167,160,2,0.0,274,0.4512055725625731,0.4196050948741891,0.4218622332154781,0.4288709022457814,0.4390786236839705,0.445106544132411,ligue1
28320,Ligue_1,2025-04-27 15:15:00,2025-04-27 13:15:00,168,174,0,0.0,274,0.47948112899618595,0.574522325831067,0.5551656905733292,0.5372980533110604,0.5119006706983107,0.49623463793000555,ligue1
28321,Ligue_1,2025-04-27 15:15:00,2025-04-27 13:15:00,166,177,0,0.0,274,0.4533871379093833,0.25386116099560335,0.2772113150524601,0.31675232452476826,0.3769661862796934,0.4142654960663984,ligue1
28322,Ligue_1,2025-04-27 15:15:00,2025-04-27 13:15:00,210,275,4,1.0,274,0.4210924854162491,0.3749411823682471,0.38590959049667223,0.39758966185781003,0.4104415366581195,0.41634439734801,ligue1
28325,Ligue_1,2025-04-27 18:45:00,2025-04-27 16:45:00,164,241,5,1.0,275,0.7776122663183397,0.8503498483749384,0.7911140200708605,0.7777697109817548,0.7725115912242945,0.7737414077456268,ligue1
28332,Ligue_1,2025-05-02 18:45:00,2025-05-02 16:45:00,170,177,1,0.0,279,0.5458970822847025,0.2654940035780027,0.3857090718195568,0.4382762054868367,0.4934956159776954,0.5207879490437991,ligue1
28328,Ligue_1,2025-05-03 15:00:00,2025-05-03 13:00:00,225,161,3,1.0,280,0.6826852960164761,0.5233052664775404,0.5453962745450268,0.5778121473689487,0.6252974025255391,0.6536840747159685,ligue1
28327,Ligue_1,2025-05-03 17:00:00,2025-05-03 15:00:00,174,163,3,1.0,280,0.4840524295659716,0.5943046058810145,0.5565621834195179,0.5343038767899667,0.509293607073464,0.4963609273531429,ligue1
28334,Ligue_1,2025-05-03 19:05:00,2025-05-03 17:05:00,175,171,4,1.0,281,0.74437088503118,0.7156953906582919,0.7651738242213815,0.7687183946462162,0.7621047921268145,0.7544879418460183,ligue1
28335,Ligue_1,2025-05-04 13:00:00,2025-05-04 11:00:00,168,167,1,0.0,283,0.43692803921453216,0.28651279758529047,0.35697548564814746,0.385449074459458,0.4133994694490826,0.4261372273123896,ligue1
28329,Ligue_1,2025-05-04 15:15:00,2025-05-04 13:15:00,275,282,3,1.0,283,0.6653821418348731,0.7307933106427943,0.6951951708935538,0.6831180291214258,0.6726764829989328,0.668496411385617,ligue1
28330,Ligue_1,2025-05-04 15:15:00,2025-05-04 13:15:00,178,210,3,1.0,283,0.5487080731662319,0.7527012740295763,0.675919595747679,0.6404752805974727,0.5978370120743218,0.5735891371549448,ligue1
28333,Ligue_1,2025-05-04 15:15:00,2025-05-04 13:15:00,241,166,1,0.0,283,0.7002117551958805,0.5684877878537178,0.6079962269855677,0.6330257407443155,0.6645983750001896,0.6823962116098888,ligue1
28331,Ligue_1,2025-05-04 18:45:00,2025-05-04 16:45:00,160,164,2,0.0,284,0.6159942931711281,0.6873765989565904,0.646453666556387,0.6334092291639469,0.6227899958158943,0.6187994816481434,ligue1
28336,Ligue_1,2025-05-10 19:00:00,2025-05-10 17:00:00,177,175,2,0.0,288,0.5265770843670027,0.3091840517408796,0.3934984165101131,0.4328696948570913,0.47812465118431563,0.5025560903563223,ligue1
28337,Ligue_1,2025-05-10 19:00:00,2025-05-10 17:00:00,275,168,2,0.0,288,0.5446191656777363,0.39962064455995255,0.4641857577396247,0.4914021078442811,0.5194455601081606,0.5328517279814466,ligue1
28338,Ligue_1,2025-05-10 19:00:00,2025-05-10 17:00:00,167,225,3,1.0,288,0.49114511140551187,0.35992390854584816,0.38565371611728727,0.4083396537463184,0.443793932401728,0.4666218599442414,ligue1
28339,Ligue_1,2025-05-10 19:00:00,2025-05-10 17:00:00,282,164,4,1.0,288,0.7795956147552936,0.8479165764938548,0.8246298998832604,0.8100213802680296,0.7937553046545603,0.7860152359708681,ligue1
28340,Ligue_1,2025-05-10 19:00:00,2025-05-10 17:00:00,163,170,2,0.0,288,0.6224523419785015,0.644735011882891,0.62549384168144,0.6223571714629145,0.6213720518034967,0.6216771182520182,ligue1
28341,Ligue_1,2025-05-10 19:00:00,2025-05-10 17:00:00,166,161,5,1.0,288,0.83761801980744,0.5815466626922464,0.7090499998001634,0.7526081125545804,0.796000067808016,0.8174621836603031,ligue1
28342,Ligue_1,2025-05-10 19:00:00,2025-05-10 17:00:00,174,210,2,0.0,288,0.35769462055654294,0.4628823333878608,0.44140889276334466,0.4228475968445413,0.39504119656236575,0.3772004901864779,ligue1
28343,Ligue_1,2025-05-10 19:00:00,2025-05-10 17:00:00,241,160,2,0.0,288,0.576897405361897,0.5759832659093705,0.5628965780096257,0.5635915140945893,0.5682675621830124,0.572184998857728,ligue1
28344,Ligue_1,2025-05-10 19:00:00,2025-05-10 17:00:00,171,178,2,0.0,288,0.6917298623968325,0.7048955675813999,0.7280455832754985,0.7256421837699023,0.7136680339520675,0.703681584622452,ligue1
28345,Ligue_1,2025-05-17 19:00:00,2025-05-17 17:00:00,225,282,5,1.0,297,0.695284843240601,0.6894675728392454,0.6727920465296897,0.673888323414347,0.6812889070068116,0.6876027026101934,ligue1
28346,Ligue_1,2025-05-17 19:00:00,2025-05-17 17:00:00,164,163,6,1.0,297,0.7077543629452114,0.7722463135300713,0.7349503945637366,0.7211925439985457,0.7109040367737206,0.7082188159493263,ligue1
28347,Ligue_1,2025-05-17 19:00:00,2025-05-17 17:00:00,168,166,3,1.0,297,0.5030901438991041,0.25439532431230955,0.3339509228815734,0.380949653168316,0.4391224497741631,0.4713539526029177,ligue1
28348,Ligue_1,2025-05-17 19:00:00,2025-05-17 17:00:00,178,167,2,0.0,297,0.6195047209361264,0.55660230945082,0.5938446453447479,0.6044899628039252,0.6132283016340866,0.6167515349407879,ligue1
28349,Ligue_1,2025-05-17 19:00:00,2025-05-17 17:00:00,210,171,4,1.0,297,0.4643058192019483,0.48618322883657983,0.5107062862041104,0.5098710537810347,0.4960732061425666,0.482410310805756,ligue1
28350,Ligue_1,2025-05-17 19:00:00,2025-05-17 17:00:00,170,241,6,1.0,297,0.6947928304204324,0.5858628271103926,0.6272040035337465,0.646717608183468,0.6696384905666735,0.682228261090629,ligue1
28351,Ligue_1,2025-05-17 19:00:00,2025-05-17 17:00:00,161,275,4,1.0,297,0.765759460479322,0.7016140746137174,0.7068401973563846,0.7186294013449395,0.7382633330867422,0.7513196769140899,ligue1
28352,Ligue_1,2025-05-17 19:00:00,2025-05-17 17:00:00,175,174,5,1.0,297,0.5702689773867793,0.6175126151826397,0.6309015839147024,0.6209091486022266,0.6006945807934693,0.5864572313163684,ligue1
28353,Ligue_1,2025-05-17 19:00:00,2025-05-17 17:00:00,160,177,3,1.0,297,0.4025386130329557,0.16981721895179022,0.2516131053146673,0.29580590777547777,0.34778425739777113,0.3756315400758999,ligue1
29538,Ligue_1,2025-08-15 18:45:00,2025-08-15 16:45:00,163,164,1,0.0,306,0.7288110608041747,0.8952335143266126,0.8217428486297398,0.7888076151706594,0.7558589912552145,0.7410072249259525,ligue1
29539,Ligue_1,2025-08-16 15:00:00,2025-08-16 13:00:00,210,178,1,0.0,307,0.5306098087408504,0.7283118465729833,0.6324121880394116,0.6036457453956842,0.5700610057065308,0.550710335160417,ligue1
29540,Ligue_1,2025-08-16 17:00:00,2025-08-16 15:00:00,171,282,4,1.0,307,0.7648479062269995,0.8666531837717455,0.8174882125939225,0.8050984389006504,0.7881990553239795,0.7771576718870158,ligue1
29541,Ligue_1,2025-08-16 19:05:00,2025-08-16 17:05:00,170,174,1,0.0,308,0.5761819688568736,0.7884372082537897,0.6652481006402442,0.6333674972221399,0.6039422259204925,0.589665308178057,ligue1
29542,Ligue_1,2025-08-17 13:00:00,2025-08-17 11:00:00,241,160,6,1.0,310,0.5940410009902155,0.7489051325327972,0.6352366469955725,0.6124653510462326,0.598781231272066,0.5953051739639643,ligue1
29543,Ligue_1,2025-08-17 15:15:00,2025-08-17 13:15:00,275,179,1,0.0,310,0.6115427509956293,0.6501470766406274,0.6083620695467529,0.6015404009881232,0.6023827194972761,0.6060578733254887,ligue1
29544,Ligue_1,2025-08-17 15:15:00,2025-08-17 13:15:00,167,290,1,0.0,310,0.49777322586423245,0.4450628418167835,0.45746381823794535,0.46790233245665114,0.4818725329423556,0.48985694626231774,ligue1
29545,Ligue_1,2025-08-17 15:15:00,2025-08-17 13:15:00,180,225,1,0.0,310,0.6134003828110198,0.6555850567588145,0.5857310289399376,0.578572816023043,0.5875393776264698,0.5987367573975259,ligue1
29546,Ligue_1,2025-08-17 18:45:00,2025-08-17 16:45:00,168,161,1,0.0,311,0.7177810937307568,0.6109147315755983,0.6607184496585627,0.6832446582697198,0.7036673847057019,0.7118351770225889,ligue1
29547,Ligue_1,2025-08-22 18:45:00,2025-08-22 16:45:00,161,167,1,0.0,315,0.7383046045443007,0.1769530328033056,0.5449974529154692,0.6314792601333548,0.693067633327866,0.71750431200106,ligue1
29548,Ligue_1,2025-08-23 15:00:00,2025-08-23 13:00:00,164,290,7,1.0,316,0.24040010466160439,0.1294307840416891,0.22124070177366856,0.22941182281509526,0.23392608586284042,0.23669684940576258,ligue1
29549,Ligue_1,2025-08-23 17:00:00,2025-08-23 15:00:00,170,275,4,1.0,316,0.6486499988701911,0.2546545784303195,0.5100742910898832,0.5685732287196253,0.612681779990863,0.6316339922839147,ligue1
29550,Ligue_1,2025-08-23 19:05:00,2025-08-23 17:05:00,178,180,3,1.0,317,0.19354761673054102,0.19240126376182995,0.20781604518692667,0.20628378896584235,0.20156154774690552,0.19792001753889366,ligue1
29551,Ligue_1,2025-08-24 13:00:00,2025-08-24 11:00:00,179,163,4,1.0,319,0.08125685966892304,0.07842333157641052,0.09319364400832746,0.09133363264701938,0.08674749653003105,0.08394839514678512,ligue1
29552,Ligue_1,2025-08-24 15:15:00,2025-08-24 13:15:00,225,168,1,0.0,319,0.5628430214738677,0.2874255099268496,0.42171973802767504,0.46959153601085235,0.517076908677085,0.5407126382943416,ligue1
29553,Ligue_1,2025-08-24 15:15:00,2025-08-24 13:15:00,282,210,3,1.0,319,0.5298646754313519,0.5998876998597724,0.6521063189414065,0.625650238058288,0.5827146217621687,0.5566305688886178,ligue1
29554,Ligue_1,2025-08-24 15:15:00,2025-08-24 13:15:00,174,241,2,0.0,319,0.6083981503502759,0.8788556383327595,0.7716083386510096,0.7138630342742004,0.6571667557041928,0.6311761624684903,ligue1
29555,Ligue_1,2025-08-24 18:45:00,2025-08-24 16:45:00,160,171,1,0.0,320,0.5660364177783264,0.9769631320512902,0.7870251359160993,0.6952492287176021,0.6213973091919828,0.5915497951763597,ligue1
29556,Ligue_1,2025-08-29 18:45:00,2025-08-29 16:45:00,210,241,4,1.0,324,0.5689759511486993,0.9129779079398618,0.7599268091394952,0.6884494949646017,0.6229823495717226,0.594088589706618,ligue1
29557,Ligue_1,2025-08-30 15:00:00,2025-08-30 13:00:00,179,160,8,1.0,325,0.40664971877781225,0.8633557300238791,0.6143417771279136,0.5203110909448787,0.45029786538423416,0.4252178849261973,ligue1
29558,Ligue_1,2025-08-30 17:00:00,2025-08-30 15:00:00,168,275,1,0.0,325,0.518628904844119,0.21731888315146564,0.3921271392350678,0.4401327759359053,0.4826438488716692,0.5018613998623113,ligue1
29559,Ligue_1,2025-08-30 19:05:00,2025-08-30 17:05:00,174,161,9,1.0,326,0.6051244844367574,0.06000364550127027,0.39640304507335206,0.5098094629335118,0.5777663975094278,0.5957660233629645,ligue1
29560,Ligue_1,2025-08-31 13:00:00,2025-08-31 11:00:00,167,163,2,0.0,328,0.4700953263836418,0.16551859511478995,0.33021801848132615,0.3922285603755672,0.43960420277018886,0.45695987301515195,ligue1
29561,Ligue_1,2025-08-31 15:15:00,2025-08-31 13:15:00,282,170,4,1.0,328,0.7363399855290416,0.7208128575275231,0.7605770588997403,0.760779018112083,0.7517645085085871,0.7444441949518515,ligue1
29562,Ligue_1,2025-08-31 15:15:00,2025-08-31 13:15:00,290,180,5,1.0,328,0.21598059824861218,0.2973306027204616,0.258760827661319,0.24122359937309323,0.2264132154402618,0.22058491215661655,ligue1
29563,Ligue_1,2025-08-31 15:15:00,2025-08-31 13:15:00,171,225,5,1.0,328,0.595181627724711,0.12971661303011534,0.36782121756758834,0.4592111709268857,0.5364199134052982,0.5685935176690368,ligue1
29564,Ligue_1,2025-08-31 18:45:00,2025-08-31 16:45:00,178,164,1,0.0,329,0.7639605201541063,0.6548404114882008,0.7647405598265322,0.776897845030683,0.7743371800857151,0.7694734489671635,ligue1
29568,Ligue_1,2025-09-12 18:45:00,2025-09-12 16:45:00,164,179,4,1.0,333,0.9428223995994874,0.9504477773801324,0.9557531609625115,0.9527902881566026,0.9477737049743526,0.9450962820198322,ligue1
29570,Ligue_1,2025-09-13 15:00:00,2025-09-13 13:00:00,170,168,1,0.0,334,0.6055435051754149,0.21442524454825584,0.4011838332421514,0.4857382814839491,0.5576423346556986,0.5852461142745223,ligue1
29565,Ligue_1,2025-09-13 19:05:00,2025-09-13 17:05:00,275,171,3,1.0,335,0.6188144357457306,0.5378990996126412,0.5842449135763057,0.600135688637369,0.6127152011044223,0.6168204637229528,ligue1
29567,Ligue_1,2025-09-14 13:00:00,2025-09-14 11:00:00,160,174,3,1.0,336,0.5316546946534872,0.9929869638143518,0.8948243537204335,0.7805998916848694,0.6436245426667594,0.5817923598773234,ligue1
29566,Ligue_1,2025-09-14 15:15:00,2025-09-14 13:15:00,241,290,3,1.0,336,0.8977864845855721,0.9536756589060513,0.936261554563512,0.9237121656053661,0.9096887286215508,0.903192564383619,ligue1
29569,Ligue_1,2025-09-14 15:15:00,2025-09-14 13:15:00,180,167,2,0.0,336,0.38825469732865375,0.2569934112260217,0.30647320405855616,0.3350824759369322,0.3644601012545638,0.3776357455404946,ligue1
29571,Ligue_1,2025-09-14 15:15:00,2025-09-14 13:15:00,161,210,2,0.0,336,0.651952280259572,0.8026331790755978,0.7485642190995013,0.7215857701287823,0.6892171004550267,0.6709152833151013,ligue1
29573,Ligue_1,2025-09-14 15:15:00,2025-09-14 13:15:00,225,282,1,0.0,336,0.7256971015748439,0.7762954318984702,0.7586791834754367,0.7444072443462927,0.7312105835347208,0.727145851615017,ligue1
29572,Ligue_1,2025-09-14 18:45:00,2025-09-14 16:45:00,163,178,4,1.0,337,0.6466470415826334,0.35841301920766006,0.5367254926677224,0.5979731295736822,0.6342622584203773,0.6428936751059846,ligue1
29578,Ligue_1,2025-09-19 18:45:00,2025-09-19 16:45:00,178,167,1,0.0,342,0.5877122355433134,0.3257885041292934,0.42855702803416723,0.49027424108464096,0.5472915865152835,0.5701945571926371,ligue1
29581,Ligue_1,2025-09-20 15:00:00,2025-09-20 13:00:00,168,163,4,1.0,343,0.5090194424048011,0.18161371970459855,0.33272190181100036,0.4081013777338621,0.47087419427574867,0.49345364232767996,ligue1
29575,Ligue_1,2025-09-20 17:00:00,2025-09-20 15:00:00,241,170,5,1.0,343,0.7274408061212891,0.729824663218068,0.7530079312901196,0.7484174576237977,0.7376992012728292,0.7319690038961956,ligue1
29577,Ligue_1,2025-09-20 19:05:00,2025-09-20 17:05:00,210,160,3,1.0,344,0.4373262984213008,0.7955575330464033,0.6830328772128841,0.604480479171776,0.5161000854021754,0.4740462122376701,ligue1
29582,Ligue_1,2025-09-21 13:00:00,2025-09-21 11:00:00,290,225,5,1.0,346,0.7917876472375114,0.7052284194822115,0.7312781207592498,0.7439087411959053,0.7638090848824125,0.777172686807694,ligue1
29574,Ligue_1,2025-09-21 15:15:00,2025-09-21 13:15:00,275,174,1,0.0,346,0.5401397127133679,0.7355693015505423,0.6742109126663388,0.6317839453945293,0.583087641024982,0.5599349624196999,ligue1
29576,Ligue_1,2025-09-21 15:15:00,2025-09-21 13:15:00,282,179,2,0.0,346,0.8433889172197021,0.9371387083657444,0.9266053311959555,0.9091476976262046,0.8804270157546296,0.8622458328277776,ligue1
29580,Ligue_1,2025-09-21 15:15:00,2025-09-21 13:15:00,171,180,7,1.0,346,0.7136713257963762,0.885637993012368,0.8178790057579521,0.7811740060999346,0.7448366265456354,0.7283093329219272,ligue1
29579,Ligue_1,2025-09-22 18:45:00,2025-09-22 16:45:00,164,161,1,0.0,350,0.792123291736897,0.7371880404305118,0.7913339023984735,0.7998718828206727,0.7990715067723473,0.7959630875431035,ligue1
29590,Ligue_1,2025-09-26 18:45:00,2025-09-26 16:45:00,225,164,3,1.0,351,0.6964081023287609,0.5653169634227564,0.6343279632789767,0.6522233256878984,0.6700744473578474,0.6819888826299119,ligue1
29585,Ligue_1,2025-09-27 15:00:00,2025-09-27 13:00:00,179,171,4,1.0,352,0.8398620971092495,0.9589155324385134,0.9227579120414572,0.8980746940333326,0.869019326448718,0.8540844025630994,ligue1
29591,Ligue_1,2025-09-27 17:00:00,2025-09-27 15:00:00,174,168,4,1.0,352,0.4672911266835767,0.4482299611974519,0.45885678684120634,0.4703355837076849,0.47609151502012187,0.4737285111013406,ligue1
29588,Ligue_1,2025-09-27 19:05:00,2025-09-27 17:05:00,161,275,2,0.0,353,0.7704423228968815,0.5648662400748439,0.6679492296076323,0.7040049761680712,0.7379766732512588,0.7545098176735145,ligue1
29587,Ligue_1,2025-09-28 13:00:00,2025-09-28 11:00:00,170,290,2,0.0,355,0.8931435709993096,0.926433677209147,0.9162363633681372,0.9085170254877422,0.8996911468246843,0.8959036379388832,ligue1
29583,Ligue_1,2025-09-28 15:15:00,2025-09-28 13:15:00,167,241,2,0.0,355,0.5472962378329428,0.4570449631917185,0.49239551825528627,0.5102365820129893,0.5290001325888757,0.5384123117697684,ligue1
29584,Ligue_1,2025-09-28 15:15:00,2025-09-28 13:15:00,160,178,1,0.0,355,0.6065237090444521,0.6746272500198159,0.6753188249911715,0.6610048980760642,0.6345221037364928,0.6195865460253409,ligue1
29586,Ligue_1,2025-09-28 15:15:00,2025-09-28 13:15:00,180,282,0,0.0,355,0.721143118840416,0.7803254507090799,0.7955324771580179,0.7874995928955197,0.7625630187417506,0.7431700903206676,ligue1
29589,Ligue_1,2025-09-28 18:45:00,2025-09-28 16:45:00,163,210,0,0.0,356,0.49998203177398953,0.7084610235167025,0.6569520027408909,0.6169345518677076,0.5616955390079331,0.5304349854965397,ligue1
29599,Ligue_1,2025-10-03 18:45:00,2025-10-03 16:45:00,290,179,2,0.0,360,0.9076686794510896,0.9576036908162157,0.9436696369565934,0.9317826313606897,0.9182748800103568,0.9122997419864082,ligue1
29597,Ligue_1,2025-10-04 15:00:00,2025-10-04 13:00:00,180,164,3,1.0,361,0.7710367313148528,0.7512207379456177,0.7747350309632899,0.7772537565178247,0.7747921816215525,0.7726861376592472,ligue1
29593,Ligue_1,2025-10-04 17:00:00,2025-10-04 15:00:00,241,168,0,0.0,361,0.6297041893852984,0.7947799601430142,0.6944756928107024,0.6619611115101725,0.6403825818880158,0.6339149267190798,ligue1
29592,Ligue_1,2025-10-04 19:05:00,2025-10-04 17:05:00,275,210,3,1.0,362,0.44003120166251325,0.27134904741250815,0.35645162845561956,0.3946296231572952,0.4257065491479354,0.4353570499533484,ligue1
29596,Ligue_1,2025-10-05 13:00:00,2025-10-05 11:00:00,178,174,3,1.0,364,0.6095162204370599,0.620475524975058,0.6626566891290817,0.6639432826012307,0.6457329705656913,0.6290122320933089,ligue1
29594,Ligue_1,2025-10-05 15:15:00,2025-10-05 13:15:00,282,163,4,1.0,364,0.6468970491768279,0.386279196300307,0.5711635686799343,0.62528159152253,0.6511805046630602,0.6521530741303864,ligue1
29598,Ligue_1,2025-10-05 15:15:00,2025-10-05 13:15:00,171,170,4,1.0,364,0.7008410767139501,0.9336336476273354,0.8674758222684052,0.8175635022152312,0.7580125494442902,0.7282126351952763,ligue1
29600,Ligue_1,2025-10-05 15:15:00,2025-10-05 13:15:00,225,167,5,1.0,364,0.5183647172382485,0.4445861822525648,0.43349668402271657,0.44569427694645497,0.4733941360858939,0.4942640405821357,ligue1
29595,Ligue_1,2025-10-05 18:45:00,2025-10-05 16:45:00,160,161,2,0.0,365,0.6407506473799135,0.6312359525840671,0.6803743646826991,0.678563110123217,0.6625614833352804,0.6514324151394167,ligue1
29608,Ligue_1,2025-10-17 18:45:00,2025-10-17 16:45:00,161,225,6,1.0,369,0.7274802931166359,0.5985689362257703,0.6371248141831855,0.6551425649562849,0.683061660105204,0.7035062399278993,ligue1
29606,Ligue_1,2025-10-18 15:00:00,2025-10-18 13:00:00,170,178,5,1.0,370,0.6719529449872768,0.5111129377793804,0.5707352632750932,0.6096163456208601,0.6464159255257904,0.6609494963545488,ligue1
29601,Ligue_1,2025-10-18 17:00:00,2025-10-18 15:00:00,167,171,2,0.0,370,0.5647455452046832,0.7312716914004697,0.6478095751090716,0.6148853478069144,0.586392530489859,0.5746962943063968,ligue1
29604,Ligue_1,2025-10-18 19:05:00,2025-10-18 17:05:00,164,282,8,1.0,371,0.8319949435816785,0.6452070638933228,0.7662485624732639,0.8046491781581658,0.8268052869091401,0.8310698646406207,ligue1
29602,Ligue_1,2025-10-19 13:00:00,2025-10-19 11:00:00,210,290,3,1.0,373,0.6236323617678842,0.5987150343352337,0.6578082755467071,0.6595269766624243,0.6472728203406917,0.6363853062587252,ligue1
29603,Ligue_1,2025-10-19 15:15:00,2025-10-19 13:15:00,179,241,6,1.0,373,0.787110846925445,0.6916852060028865,0.7727509120806642,0.7855891451915249,0.7888777409022918,0.7881990493380515,ligue1
29607,Ligue_1,2025-10-19 15:15:00,2025-10-19 13:15:00,174,180,4,1.0,373,0.6170934416063482,0.7908936600193672,0.7720951083008216,0.7373584125784325,0.6822423121519292,0.6494090786015975,ligue1
29609,Ligue_1,2025-10-19 15:15:00,2025-10-19 13:15:00,163,275,4,1.0,373,0.5936627474438131,0.5161150832807891,0.5486267161526853,0.5642275498662291,0.579252075268056,0.5865124163226619,ligue1
29605,Ligue_1,2025-10-19 18:45:00,2025-10-19 16:45:00,168,160,2,0.0,374,0.470495771531083,0.3668450046081563,0.4143003920437582,0.43460139300101397,0.45523123678345634,0.4639883031219275,ligue1
29614,Ligue_1,2025-10-24 18:45:00,2025-10-24 16:45:00,290,168,3,1.0,378,0.6341290576678684,0.4615327899069587,0.5086353653105172,0.5439314035541153,0.590609430039854,0.6141710918040787,ligue1
29613,Ligue_1,2025-10-25 15:00:00,2025-10-25 13:00:00,241,161,3,1.0,379,0.8052381355934239,0.7842779034082931,0.7851682466241582,0.791623241491534,0.7986598456296153,0.8019487820014699,ligue1
29615,Ligue_1,2025-10-25 17:00:00,2025-10-25 15:00:00,171,174,1,0.0,379,0.6341807301283354,0.8278352889287003,0.8195419562239611,0.7847086888770426,0.7206791724777016,0.678400690392452,ligue1
29612,Ligue_1,2025-10-25 19:05:00,2025-10-25 17:05:00,210,164,3,1.0,380,0.5802322993989285,0.5548982255227991,0.5890685661244227,0.6049049983036185,0.6043394711389005,0.5948130924374465,ligue1
29617,Ligue_1,2025-10-26 13:00:00,2025-10-26 11:00:00,160,180,7,1.0,382,0.7304216046911965,0.8041723201372404,0.8221479233492608,0.8033874012004747,0.768255097484742,0.7481305839006358,ligue1
29610,Ligue_1,2025-10-26 15:15:00,2025-10-26 13:15:00,167,179,2,0.0,382,0.6274061251711849,0.5662933310695604,0.5546936458948997,0.5698066919573518,0.5970165292485979,0.6128019876684919,ligue1
29611,Ligue_1,2025-10-26 15:15:00,2025-10-26 13:15:00,275,282,1,0.0,382,0.6667527854203,0.692746786674876,0.658438656166222,0.6606444285012907,0.6650703831559668,0.6663785272204599,ligue1
29618,Ligue_1,2025-10-26 15:15:00,2025-10-26 13:15:00,163,170,3,1.0,382,0.6664761365664503,0.795310070453303,0.7561553134630145,0.729950032935627,0.6969826483186778,0.6804958305459047,ligue1
29616,Ligue_1,2025-10-26 18:45:00,2025-10-26 16:45:00,178,225,3,1.0,383,0.6639726689722748,0.7706756280297453,0.6916416939820116,0.6674008127639395,0.654376859179764,0.6560560508140288,ligue1
29619,Ligue_1,2025-10-29 17:00:00,2025-10-29 15:00:00,282,241,1,0.0,387,0.7344293181357942,0.7654050662958708,0.7786968580786677,0.7771521051196618,0.7623510894006345,0.7493298114308663,ligue1
29621,Ligue_1,2025-10-29 17:00:00,2025-10-29 15:00:00,179,161,2,0.0,387,0.8868757630858537,0.8183413061902606,0.8371271226075747,0.8518250306653476,0.8698785165054813,0.8789020161225294,ligue1
29623,Ligue_1,2025-10-29 17:00:00,2025-10-29 15:00:00,170,160,2,0.0,387,0.617894266937086,0.8214041115818111,0.7786816146213056,0.7367097161024821,0.6770431955028742,0.6453790265392315,ligue1
29625,Ligue_1,2025-10-29 17:00:00,2025-10-29 15:00:00,180,210,2,0.0,387,0.6044224714505528,0.7878136096970869,0.7311441030601868,0.7001091804694592,0.6569240834102241,0.630944168696192,ligue1
29620,Ligue_1,2025-10-29 19:05:00,2025-10-29 17:05:00,164,167,4,1.0,387,0.6922450773672001,0.7769398571254162,0.743153271428447,0.7203469878142463,0.6992050457799293,0.6933357240804097,ligue1
29622,Ligue_1,2025-10-29 19:05:00,2025-10-29 17:05:00,290,178,6,1.0,387,0.7540676339184208,0.6750804934527477,0.6911532087726105,0.7095902176539689,0.7334112244402277,0.7448025455965306,ligue1
29624,Ligue_1,2025-10-29 19:05:00,2025-10-29 17:05:00,168,171,8,1.0,387,0.5620874919393293,0.4583294329487375,0.49270775766388886,0.5146483218691552,0.5430563612354514,0.5552228967812318,ligue1
29626,Ligue_1,2025-10-29 19:05:00,2025-10-29 17:05:00,174,163,4,1.0,387,0.5708229892858661,0.7131540145214257,0.7112521184615794,0.6861074007168073,0.6369239551259065,0.6043174118247712,ligue1
29627,Ligue_1,2025-10-29 19:05:00,2025-10-29 17:05:00,225,275,3,1.0,387,0.6287711536494297,0.7356395122611573,0.6937457893914586,0.6606275287661849,0.6300713799269467,0.6244131860611748,ligue1
29634,Ligue_1,2025-11-01 16:00:00,2025-11-01 14:00:00,161,170,1,0.0,396,0.7517914107344672,0.6855828640188114,0.7256393355253324,0.7378285626426315,0.7468780878696702,0.7498180551127701,ligue1
29632,Ligue_1,2025-11-01 18:00:00,2025-11-01 16:00:00,171,290,1,0.0,396,0.8490718980736477,0.9422234564379205,0.9269817438890077,0.9109393678938736,0.8840429957293655,0.8668244779819595,ligue1
29628,Ligue_1,2025-11-01 20:05:00,2025-11-01 18:05:00,275,164,1,0.0,397,0.7040322440166413,0.7078409009245463,0.6912230965908344,0.6896010642482444,0.693234204213026,0.6977548847532938,ligue1
29635,Ligue_1,2025-11-02 14:00:00,2025-11-02 12:00:00,163,225,5,1.0,399,0.6455767813897153,0.8205533316984319,0.7674917620017657,0.7275588290412377,0.6787310028749047,0.6581311203349945,ligue1
29630,Ligue_1,2025-11-02 16:15:00,2025-11-02 14:15:00,210,179,3,1.0,399,0.6407926757151026,0.6679195953746746,0.6997894199201529,0.6946656637278372,0.6738420379467323,0.6580194838649488,ligue1
29631,Ligue_1,2025-11-02 16:15:00,2025-11-02 14:15:00,160,167,1,0.0,399,0.5329784829447564,0.7283971739256306,0.6741024796592345,0.6295792800889278,0.5749945913514866,0.5505895906566797,ligue1
29633,Ligue_1,2025-11-02 16:15:00,2025-11-02 14:15:00,168,180,2,0.0,399,0.6256203757365822,0.8320426018968965,0.735462163373567,0.6912389943744205,0.6507285869157181,0.635720186843756,ligue1
29636,Ligue_1,2025-11-02 16:15:00,2025-11-02 14:15:00,174,282,0,0.0,399,0.6457722162630356,0.6855972759909856,0.7225583119692301,0.7231349278977469,0.6996754128549484,0.675653450379906,ligue1
29629,Ligue_1,2025-11-02 19:45:00,2025-11-02 17:45:00,241,178,0,0.0,400,0.7321288307277569,0.7424722398250702,0.7329785564106245,0.7335092328819371,0.734092006822588,0.7334265015160173,ligue1
29644,Ligue_1,2025-11-07 19:45:00,2025-11-07 17:45:00,290,163,1,0.0,405,0.7518661399656644,0.8599553990881112,0.8365081035792392,0.8162328318795471,0.7853285334880306,0.7677205507484645,ligue1
29641,Ligue_1,2025-11-08 16:00:00,2025-11-08 14:00:00,164,241,3,1.0,406,0.8204299459035812,0.7750362884761146,0.8230154760415576,0.8307332380097073,0.8284530451474857,0.8244443932035989,ligue1
29638,Ligue_1,2025-11-08 18:00:00,2025-11-08 16:00:00,282,168,2,0.0,406,0.5573659027542007,0.5612821109179018,0.5537152247924472,0.5553383043844192,0.5583622987607196,0.5588241577569374,ligue1
29643,Ligue_1,2025-11-08 20:05:00,2025-11-08 18:05:00,171,210,5,1.0,407,0.5545017461891397,0.6986458027957887,0.6824595332722929,0.6619680848992705,0.6208863259818236,0.5901396526007456,ligue1
29639,Ligue_1,2025-11-09 14:00:00,2025-11-09 12:00:00,179,174,2,0.0,409,0.6522159122246902,0.6412212322962826,0.6975725920730937,0.701515794482147,0.6865184513381876,0.6709822532083417,ligue1
29637,Ligue_1,2025-11-09 16:15:00,2025-11-09 14:15:00,167,275,2,0.0,409,0.42366029919409953,0.30298991000604186,0.30203839937926574,0.3212284569792708,0.36341862197436015,0.3928671367933016,ligue1
29642,Ligue_1,2025-11-09 16:15:00,2025-11-09 14:15:00,180,170,3,1.0,409,0.7428582692844486,0.7257244916085341,0.7321438794580668,0.7341152040421112,0.7378266628428636,0.7403843576125029,ligue1
29645,Ligue_1,2025-11-09 16:15:00,2025-11-09 14:15:00,225,160,2,0.0,409,0.5955911098464906,0.8117777304177727,0.7719907372229982,0.7246227365845925,0.6548704791177477,0.6205431070349178,ligue1
29640,Ligue_1,2025-11-09 19:45:00,2025-11-09 17:45:00,178,161,5,1.0,410,0.7085940009611089,0.5533682921186814,0.584310630097593,0.6197270945120018,0.6665215165578683,0.689411550546695,ligue1
29651,Ligue_1,2025-11-21 19:45:00,2025-11-21 17:45:00,170,164,6,1.0,414,0.7376114224215553,0.7016091981081277,0.7247165397803234,0.7325963769844743,0.7375915278792553,0.7381995953223898,ligue1
29648,Ligue_1,2025-11-22 16:00:00,2025-11-22 14:00:00,210,225,1,0.0,415,0.5223708330941071,0.75258477646727,0.6952508667813044,0.6461472036477791,0.5807523519808663,0.5484626828490073,ligue1
29653,Ligue_1,2025-11-22 18:00:00,2025-11-22 16:00:00,163,171,5,1.0,415,0.6917767153291539,0.8536338121666059,0.8315115333182146,0.8042679560159106,0.756415738675417,0.7248046400904752,ligue1
29652,Ligue_1,2025-11-22 20:05:00,2025-11-22 18:05:00,161,282,3,1.0,416,0.8593362724143105,0.5703942902294883,0.686448022710519,0.7499318718764941,0.8139348099727768,0.8399653740721001,ligue1
29646,Ligue_1,2025-11-23 14:00:00,2025-11-23 12:00:00,275,178,0,0.0,418,0.6174225300072345,0.464154182783545,0.4957321745547155,0.5287043785515261,0.5732645344815195,0.5964992234424157,ligue1
29647,Ligue_1,2025-11-23 16:15:00,2025-11-23 14:15:00,241,180,5,1.0,418,0.7460884952477319,0.5988328180592811,0.6878460139975492,0.7178362122129789,0.7388791568603694,0.7442043657613169,ligue1
29650,Ligue_1,2025-11-23 16:15:00,2025-11-23 14:15:00,168,179,2,0.0,418,0.6164722168601142,0.6471847663863389,0.6312187820761404,0.6199205631758954,0.6125962605736993,0.613036487882092,ligue1
29654,Ligue_1,2025-11-23 16:15:00,2025-11-23 14:15:00,174,167,1,0.0,418,0.44839127966520387,0.42410235420274567,0.46799960250287487,0.47238696993455087,0.46579029290820156,0.45804910700157153,ligue1
29649,Ligue_1,2025-11-23 19:45:00,2025-11-23 17:45:00,160,290,6,1.0,419,0.6857114890405425,0.6872759519286828,0.7381069114865617,0.7353865229039956,0.7143747963452063,0.6994116520793549,ligue1
29660,Ligue_1,2025-11-28 19:45:00,2025-11-28 17:45:00,180,163,1,0.0,423,0.7254824024323732,0.8826920908895362,0.8410025536555126,0.8140510294735172,0.7739588912350028,0.7495278271270551,ligue1
29661,Ligue_1,2025-11-29 16:00:00,2025-11-29 14:00:00,171,161,1,0.0,424,0.7541999216234093,0.8620466928214715,0.8296076240725183,0.8143609635987097,0.790977165358114,0.7741129540792215,ligue1
29662,Ligue_1,2025-11-29 18:00:00,2025-11-29 16:00:00,290,275,2,0.0,424,0.6706612624554485,0.4561088747978693,0.5416393053646629,0.5791751934831849,0.6237000782311369,0.6478121646550138,ligue1
29659,Ligue_1,2025-11-29 20:05:00,2025-11-29 18:05:00,164,174,4,1.0,425,0.6939912264034696,0.7408758121659821,0.7663533635837103,0.7623783843623129,0.7383829484863278,0.7176306476372611,ligue1
29663,Ligue_1,2025-11-30 14:00:00,2025-11-30 12:00:00,225,241,3,1.0,427,0.7312712273202143,0.7782198663260796,0.7909992099228997,0.778890878656539,0.7531695759374917,0.7396798010890481,ligue1
29655,Ligue_1,2025-11-30 16:15:00,2025-11-30 14:15:00,167,210,3,1.0,427,0.3653712539054213,0.3235964298545528,0.35797038827924055,0.36605247736028784,0.3698776830844989,0.36882610187338466,ligue1
29656,Ligue_1,2025-11-30 16:15:00,2025-11-30 14:15:00,282,160,1,0.0,427,0.6358245001717924,0.634316048170215,0.6522931706188012,0.6616721437157513,0.6582861036972838,0.6488488446204437,ligue1
29657,Ligue_1,2025-11-30 16:15:00,2025-11-30 14:15:00,179,170,4,1.0,427,0.7373934593687905,0.7233700998178221,0.7351391716924018,0.7347103630088779,0.7335929674950328,0.7346432648921413,ligue1
29658,Ligue_1,2025-11-30 19:45:00,2025-11-30 17:45:00,178,168,3,1.0,428,0.621043614015539,0.575127988414479,0.5797545669793439,0.5862899378448488,0.6023531152176992,0.612482929856078,ligue1
29665,Ligue_1,2025-12-05 18:00:00,2025-12-05 16:00:00,241,171,1,0.0,432,0.745698760103406,0.8044750654652033,0.8064159845659582,0.7997688569604745,0.7805616585503851,0.7645861329111867,ligue1
29667,Ligue_1,2025-12-05 20:00:00,2025-12-05 18:00:00,160,164,1,0.0,432,0.6774707673171917,0.7772850605822283,0.762256848454761,0.7481715136026287,0.7192629110572123,0.6986980055844729,ligue1
29669,Ligue_1,2025-12-06 16:00:00,2025-12-06 14:00:00,168,210,3,1.0,434,0.4304667371631602,0.6281207087936017,0.5507325215996253,0.5124418480223036,0.47098677052168564,0.4502558089815064,ligue1
29672,Ligue_1,2025-12-06 18:00:00,2025-12-06 16:00:00,174,225,1,0.0,434,0.570195899374136,0.6537244991868368,0.6677659249190593,0.6512288070737742,0.6139418843092552,0.5907679480244041,ligue1
29671,Ligue_1,2025-12-06 20:05:00,2025-12-06 18:05:00,161,163,5,1.0,435,0.7655221289573265,0.6087219627701167,0.6824063781002652,0.7139939826435422,0.7442481031638437,0.7563872296056974,ligue1
29670,Ligue_1,2025-12-07 14:00:00,2025-12-07 12:00:00,170,167,1,0.0,437,0.5950574402445414,0.6346522778898371,0.5891285693316729,0.5786224322292531,0.5794145847846007,0.5857020255222954,ligue1
29664,Ligue_1,2025-12-07 16:15:00,2025-12-07 14:15:00,275,180,4,1.0,437,0.6240094811650525,0.3597859495826139,0.4343455912577897,0.4890464882494223,0.5593720747880724,0.5943889758545717,ligue1
29666,Ligue_1,2025-12-07 16:15:00,2025-12-07 14:15:00,282,290,0,0.0,437,0.7161187616500859,0.5233859541187574,0.6195732386181352,0.6635889133336519,0.7003557570240413,0.7113109752088935,ligue1
29668,Ligue_1,2025-12-07 19:45:00,2025-12-07 17:45:00,179,178,1,0.0,438,0.7368524369665514,0.684303853067497,0.6969015420016854,0.7066112086915295,0.7213911324679172,0.7296211226050698,ligue1
29673,Ligue_1,2025-12-12 19:45:00,2025-12-12 17:45:00,167,168,5,1.0,441,0.3940402367464273,0.5470098399227545,0.44755735020314363,0.40866810498063927,0.3863538276189589,0.38672692129794717,ligue1
29681,Ligue_1,2025-12-13 16:00:00,2025-12-13 14:00:00,163,241,4,1.0,442,0.7199769754038913,0.7935236475567912,0.7866397752220394,0.7767462103103385,0.7537163388214355,0.7370350618177042,ligue1
29677,Ligue_1,2025-12-13 18:00:00,2025-12-13 16:00:00,180,161,5,1.0,442,0.8509979320555097,0.8485584024409205,0.8276533707546381,0.8275048451563424,0.8356855052736177,0.8429347727937457,ligue1
29676,Ligue_1,2025-12-13 20:05:00,2025-12-13 18:05:00,290,174,3,1.0,443,0.5984075334721125,0.5067433485474911,0.5941720751827875,0.6152301051124384,0.6181166063099538,0.6105153560133122,ligue1
29679,Ligue_1,2025-12-14 14:00:00,2025-12-14 12:00:00,178,282,1,0.0,445,0.7241408260022958,0.3392456254043814,0.4861285115613393,0.5692809680246296,0.6607664338958096,0.6985232130239776,ligue1
29674,Ligue_1,2025-12-14 16:15:00,2025-12-14 14:15:00,275,160,7,1.0,445,0.5225823816697859,0.43058457454930776,0.4713911964066299,0.48892442561540633,0.5067048399580993,0.5149845305826368,ligue1
29675,Ligue_1,2025-12-14 16:15:00,2025-12-14 14:15:00,210,170,2,0.0,445,0.5546449285964328,0.836803449085994,0.7715123221503253,0.7171435778021849,0.6375066386615065,0.5939366302043054,ligue1
29680,Ligue_1,2025-12-14 16:15:00,2025-12-14 14:15:00,225,179,0,0.0,445,0.7264673445369555,0.6108035922299043,0.7146490257091533,0.7294096330332529,0.7284402693712898,0.7259051683690275,ligue1
29678,Ligue_1,2025-12-14 19:45:00,2025-12-14 17:45:00,164,171,1,0.0,446,0.787166700860682,0.8941463504986888,0.8955161513887674,0.8787865597494772,0.842522829904435,0.8161281059766428,ligue1
29690,Ligue_1,2026-01-02 19:45:00,2026-01-02 17:45:00,174,210,3,1.0,450,0.4309196942603308,0.4092748099734754,0.47070430512171196,0.48714576710737273,0.47985940255810033,0.4602528661185318,ligue1
29687,Ligue_1,2026-01-03 16:00:00,2026-01-03 14:00:00,171,178,4,1.0,451,0.6802254970964314,0.4330181533381656,0.5784158707079671,0.6277529855024507,0.6673745177252383,0.6780372373752428,ligue1
29688,Ligue_1,2026-01-03 18:00:00,2026-01-03 16:00:00,170,225,2,0.0,451,0.6625759916252886,0.47718648601200314,0.6150050523571625,0.6413161180149082,0.6528368873451442,0.6564408701942158,ligue1
29684,Ligue_1,2026-01-03 20:05:00,2026-01-03 18:05:00,160,163,2,0.0,452,0.648271045061916,0.8632381397094335,0.8271273410490599,0.7937704136647095,0.7318181149231052,0.6899782163919042,ligue1
29686,Ligue_1,2026-01-04 14:00:00,2026-01-04 12:00:00,164,168,2,0.0,454,0.746340231921544,0.8503504962877132,0.8475823823052466,0.8241615658956067,0.7854066389724463,0.7641302876484123,ligue1
29682,Ligue_1,2026-01-04 16:15:00,2026-01-04 14:15:00,241,275,2,0.0,454,0.6495148416591835,0.6734356811131323,0.6308625246483359,0.6257141873320279,0.6311912417118551,0.6390337986257855,ligue1
29683,Ligue_1,2026-01-04 16:15:00,2026-01-04 14:15:00,282,167,3,1.0,454,0.4625812695534065,0.23546812088235022,0.30277419391598653,0.3513404215139955,0.4123290978033118,0.4409107156165607,ligue1
29685,Ligue_1,2026-01-04 16:15:00,2026-01-04 14:15:00,179,180,2,0.0,454,0.6986507958494892,0.6443322785053687,0.7105472286574712,0.7175419750483361,0.7117773769715255,0.7052217718197874,ligue1
29689,Ligue_1,2026-01-04 19:45:00,2026-01-04 17:45:00,161,290,3,1.0,455,0.8566544428297583,0.8171040006776615,0.835794656191477,0.8407250832584178,0.8468045558301024,0.8511713893118303,ligue1
29694,Ligue_1,2026-01-16 18:00:00,2026-01-16 16:00:00,171,179,4,1.0,459,0.7132486707390515,0.47426843732277074,0.6191831149252588,0.6677981973163275,0.701628898457522,0.7101919439568308,ligue1
29696,Ligue_1,2026-01-16 20:00:00,2026-01-16 18:00:00,161,160,3,1.0,459,0.6928351258498011,0.7996413362208967,0.7724234168983439,0.7543224511208594,0.7267093010910705,0.7095577547092737,ligue1
29692,Ligue_1,2026-01-17 16:00:00,2026-01-17 14:00:00,210,275,1,0.0,461,0.5103843913935077,0.7459396816143572,0.6879097184627949,0.6410128209511099,0.5740480676853179,0.5392730909771307,ligue1
29699,Ligue_1,2026-01-17 18:00:00,2026-01-17 16:00:00,174,170,6,1.0,461,0.5883943277365403,0.5377215491924567,0.6208520787883245,0.632890121503768,0.6229150316681314,0.6078564191125192,ligue1
29691,Ligue_1,2026-01-17 20:05:00,2026-01-17 18:05:00,167,164,7,1.0,462,0.6122861071467225,0.5597743728820715,0.5687061836539887,0.5755802234294641,0.5896496294213792,0.6002133658386544,ligue1
29698,Ligue_1,2026-01-18 14:00:00,2026-01-18 12:00:00,225,180,3,1.0,464,0.7587824803220723,0.5341214410299405,0.6978884569260649,0.7348423110912418,0.753423050666914,0.7567606378396735,ligue1
29695,Ligue_1,2026-01-18 16:15:00,2026-01-18 14:15:00,168,290,3,1.0,464,0.5889264414851433,0.5690165378804672,0.5961755505918529,0.5946849005743602,0.5889582314693016,0.5875522234171452,ligue1
29697,Ligue_1,2026-01-18 16:15:00,2026-01-18 14:15:00,163,282,2,0.0,464,0.6839962760720922,0.4696518551727967,0.5783547412636868,0.6284215741611678,0.6712399160273154,0.6822678891654841,ligue1
29693,Ligue_1,2026-01-18 19:45:00,2026-01-18 17:45:00,178,241,3,1.0,465,0.7265195467328343,0.5082912524008315,0.6003048953255053,0.6440220589903924,0.691265274642461,0.7116079511329924,ligue1
29700,Ligue_1,2026-01-23 19:00:00,2026-01-23 17:00:00,275,161,1,0.0,468,0.6969688941812513,0.6343234193656154,0.6346436135566094,0.638632991252924,0.658289173533197,0.6761205731972589,ligue1
29708,Ligue_1,2026-01-24 16:00:00,2026-01-24 14:00:00,163,179,2,0.0,469,0.6728874428001624,0.5419436446935663,0.6541774551782719,0.6805678200325674,0.686548972589524,0.6810243824874532,ligue1
29702,Ligue_1,2026-01-24 18:00:00,2026-01-24 16:00:00,282,171,0,0.0,469,0.6758046640787033,0.42356574717328216,0.5080744056800494,0.5699357298876221,0.6363147139430656,0.6615552897869474,ligue1
29704,Ligue_1,2026-01-24 20:05:00,2026-01-24 18:05:00,164,210,4,1.0,470,0.600922488221789,0.4845585762252322,0.5413978706364877,0.5740481209948777,0.6024068510195489,0.606570773430719,ligue1
29706,Ligue_1,2026-01-25 14:00:00,2026-01-25 12:00:00,168,170,5,1.0,472,0.60784828142355,0.7118716962072195,0.6706548308928146,0.6488611732777286,0.624632892723716,0.6145912791613698,ligue1
29701,Ligue_1,2026-01-25 16:15:00,2026-01-25 14:15:00,241,174,2,0.0,472,0.6206305737907132,0.694534336753558,0.6628635286200656,0.6598626128014318,0.6499232559531427,0.6377398264783586,ligue1
29705,Ligue_1,2026-01-25 16:15:00,2026-01-25 14:15:00,180,178,7,1.0,472,0.7294354229429828,0.670685522200774,0.6813182296774793,0.6926729023864316,0.7113748539651638,0.7215547864288495,ligue1
29707,Ligue_1,2026-01-25 16:15:00,2026-01-25 14:15:00,290,167,0,0.0,472,0.558269253470238,0.7572112506757765,0.6680836607344685,0.6275065570910303,0.5840962755810972,0.5672132136259754,ligue1
29703,Ligue_1,2026-01-25 19:45:00,2026-01-25 17:45:00,160,225,5,1.0,473,0.5875437025506302,0.5134014184263016,0.5999476512529541,0.6151452671045687,0.6070115641757622,0.5963909832857018,ligue1
29710,Ligue_1,2026-01-30 19:45:00,2026-01-30 17:45:00,210,282,1,0.0,477,0.5451466907365755,0.17556640228125076,0.3346307004056474,0.4217209238254797,0.5074027912549133,0.5349867306460251,ligue1
29715,Ligue_1,2026-01-31 16:00:00,2026-01-31 14:00:00,290,164,4,1.0,478,0.7451877336517645,0.5932951184025502,0.6801183670705069,0.7069904453270804,0.7289586809612901,0.737665763545035,ligue1
29711,Ligue_1,2026-01-31 18:00:00,2026-01-31 16:00:00,179,168,3,1.0,478,0.5637688443746997,0.6267018243838841,0.6225730051932535,0.6075240723522624,0.5830167994079812,0.5712303929475889,ligue1
29713,Ligue_1,2026-01-31 20:05:00,2026-01-31 18:05:00,171,163,4,1.0,479,0.6857277918502833,0.4169693841572815,0.605191906187082,0.6596603249851393,0.6918655243082378,0.6939043104112699,ligue1
29712,Ligue_1,2026-02-01 14:00:00,2026-02-01 12:00:00,178,160,1,0.0,481,0.6322618104755944,0.8816457061978332,0.7865278007595221,0.7424980029202637,0.6889461362420088,0.6594942282517295,ligue1
29709,Ligue_1,2026-02-01 16:15:00,2026-02-01 14:15:00,167,180,1,0.0,481,0.5895779847042757,0.7489819634941534,0.7102948152970788,0.6781474179738243,0.6327153868579289,0.6089905544772254,ligue1
29714,Ligue_1,2026-02-01 16:15:00,2026-02-01 14:15:00,170,241,4,1.0,481,0.7414652201236459,0.6655509857466705,0.6863004854318396,0.704169094119668,0.7256775368990438,0.7349148457173864,ligue1
29717,Ligue_1,2026-02-01 16:15:00,2026-02-01 14:15:00,174,275,0,0.0,481,0.5268137298630649,0.5064412929675438,0.5403351320585734,0.5446830162751912,0.5401154565863192,0.5341707446469439,ligue1
29716,Ligue_1,2026-02-01 19:45:00,2026-02-01 17:45:00,225,161,3,1.0,482,0.6752064576798784,0.45200912080171346,0.5460336026775581,0.5823370374312221,0.6240603829233787,0.648607787175498,ligue1
29720,Ligue_1,2026-02-08 14:00:00,2026-02-08 12:00:00,241,179,2,0.0,486,0.6713221027650175,0.5418431020847535,0.5718580610205928,0.6020563464773541,0.6382645024937188,0.6559112660398817,ligue1
29722,Ligue_1,2026-02-08 14:00:00,2026-02-08 12:00:00,210,163,4,1.0,486,0.536052511355969,0.5611593635419856,0.6127865731170897,0.6154797865628379,0.5925395719884983,0.5674710087821515,ligue1
29723,Ligue_1,2026-02-08 14:00:00,2026-02-08 12:00:00,180,160,0,0.0,486,0.694149638835737,0.6457130441105406,0.7271626862124995,0.7367584952780701,0.7258516583750118,0.7114782766414175,ligue1
29724,Ligue_1,2026-02-08 14:00:00,2026-02-08 12:00:00,168,178,1,0.0,486,0.6043957067013447,0.7888330127526721,0.6970581718395654,0.6564935780780535,0.6216668065414028,0.61049598958357,ligue1
29725,Ligue_1,2026-02-08 14:00:00,2026-02-08 12:00:00,170,171,0,0.0,486,0.7224499056179657,0.7689551829077566,0.7678655368884988,0.768304806448371,0.7580662390935528,0.7437381603834234,ligue1
29718,Ligue_1,2026-02-08 16:15:00,2026-02-08 14:15:00,167,174,1,0.0,486,0.4253238734280126,0.38592795760203885,0.43337429142357814,0.4427447606404866,0.44138413485773964,0.43489381213734446,ligue1
29719,Ligue_1,2026-02-08 16:15:00,2026-02-08 14:15:00,275,290,0,0.0,486,0.567933891677592,0.19721656237565424,0.3299766120720024,0.39610969292684955,0.4793955822515703,0.5252456899688467,ligue1
29721,Ligue_1,2026-02-08 16:15:00,2026-02-08 14:15:00,282,225,3,1.0,486,0.6026096312033478,0.22046754843042562,0.3289199470307167,0.40763731157641625,0.5092957894298662,0.5601467075113851,ligue1
29726,Ligue_1,2026-02-08 19:45:00,2026-02-08 17:45:00,161,164,5,1.0,491,0.7840449091405182,0.7481399694845619,0.738694589823427,0.7455882452872442,0.7630085816682993,0.7741019994221812,ligue1
29735,Ligue_1,2026-02-13 18:00:00,2026-02-13 16:00:00,163,161,4,1.0,495,0.7407819640301552,0.8717108129747743,0.7953001387782189,0.771633161235615,0.7532582382135234,0.7461938276668079,ligue1
29733,Ligue_1,2026-02-13 20:05:00,2026-02-13 18:05:00,171,168,4,1.0,495,0.6558887527715228,0.587847183283114,0.6476787885939995,0.6659239182685011,0.6715851657232268,0.6664804336369964,ligue1
29731,Ligue_1,2026-02-14 16:00:00,2026-02-14 14:00:00,164,225,4,1.0,497,0.7527769215324168,0.8948660618457526,0.83874791599667,0.8126391738163927,0.7785337085028415,0.7623012977260893,ligue1
29728,Ligue_1,2026-02-14 18:00:00,2026-02-14 16:00:00,160,241,2,0.0,497,0.6702439278507248,0.5182488520632977,0.616603980461643,0.6526834551126457,0.6749265545879075,0.6757927086233814,ligue1
29734,Ligue_1,2026-02-14 20:05:00,2026-02-14 18:05:00,290,210,5,1.0,498,0.501494524557726,0.4096426440182259,0.485278973966124,0.5077275424100717,0.5159815998662922,0.511355165628919,ligue1
29727,Ligue_1,2026-02-15 14:00:00,2026-02-15 12:00:00,282,174,3,1.0,500,0.51714660411267,0.18715274719464964,0.28545107845470397,0.3589002715793956,0.4533288188397832,0.4937144636047813,ligue1
29729,Ligue_1,2026-02-15 16:15:00,2026-02-15 14:15:00,179,167,2,0.0,500,0.48481068734358496,0.3712615805697226,0.4350115588784719,0.453441868433633,0.46812168415890393,0.4756960954673402,ligue1
29732,Ligue_1,2026-02-15 16:15:00,2026-02-15 14:15:00,180,275,4,1.0,500,0.5616903617935161,0.13891318645614548,0.311780686826075,0.3882752539947205,0.475704756623232,0.5211151972996938,ligue1
29730,Ligue_1,2026-02-15 19:45:00,2026-02-15 17:45:00,178,170,2,0.0,501,0.6969245071222463,0.7240683197380254,0.7337645176648199,0.7263788385236797,0.712549066956908,0.7042766017087755,ligue1
29738,Ligue_1,2026-02-20 19:45:00,2026-02-20 17:45:00,241,164,2,0.0,504,0.7844694872753502,0.8073214552474653,0.7865997060167021,0.7845094785914349,0.7849188557129669,0.7849223458971103,ligue1
29739,Ligue_1,2026-02-21 16:00:00,2026-02-21 14:00:00,210,171,5,1.0,505,0.5597554803027144,0.6244038436070166,0.6695296613044639,0.6684914756357613,0.6351798284371704,0.6014516316891596,ligue1
29744,Ligue_1,2026-02-21 18:00:00,2026-02-21 16:00:00,174,290,2,0.0,505,0.5909586452144858,0.5316790791712134,0.5801693925537624,0.6006872747230584,0.6086175330842443,0.6028825870222778,ligue1
29742,Ligue_1,2026-02-21 20:05:00,2026-02-21 18:05:00,161,180,3,1.0,506,0.9088916529976836,0.8913726266842193,0.8987923130079345,0.9013169356409956,0.903975729137576,0.9060185894038328,ligue1
29737,Ligue_1,2026-02-22 14:00:00,2026-02-22 12:00:00,275,163,3,1.0,508,0.5807536184315474,0.4741885415279649,0.4980273354048193,0.5206377677765344,0.5511024957505362,0.5670113991581842,ligue1
29736,Ligue_1,2026-02-22 16:15:00,2026-02-22 14:15:00,167,160,1,0.0,508,0.4592585523796008,0.3389335623664144,0.4427215571242741,0.4615747699387896,0.4643958367965206,0.46169446469307335,ligue1
29740,Ligue_1,2026-02-22 16:15:00,2026-02-22 14:15:00,168,282,2,0.0,508,0.5280656294139656,0.43521346561802166,0.4146202802290234,0.4349730510768592,0.47870837617501866,0.5052116838853555,ligue1
29741,Ligue_1,2026-02-22 16:15:00,2026-02-22 14:15:00,170,179,6,1.0,508,0.669000915322129,0.5440844307265525,0.5939389726740343,0.6158858040567976,0.6408590227311817,0.6546734223612845,ligue1
29743,Ligue_1,2026-02-22 19:45:00,2026-02-22 17:45:00,225,178,4,1.0,509,0.6337722882257468,0.5811003344514377,0.5779473253863373,0.5846680663109879,0.6017842058923168,0.6160312970476465,ligue1
29753,Ligue_1,2026-02-27 19:45:00,2026-02-27 17:45:00,225,210,2,0.0,513,0.5347454799023996,0.7926409770526314,0.6945418240217138,0.6495412523312059,0.5933074997937813,0.5625287394818076,ligue1
29752,Ligue_1,2026-02-28 16:00:00,2026-02-28 14:00:00,163,174,1,0.0,514,0.5775560582207109,0.5667261518791968,0.6030226023392801,0.617141976810663,0.6154725201345194,0.6012003008408677,ligue1
29750,Ligue_1,2026-02-28 18:00:00,2026-02-28 16:00:00,171,167,2,0.0,514,0.5839909302890081,0.47514122156775945,0.5159660339332243,0.53833650918096,0.5633032940287797,0.575065236131719,ligue1
29745,Ligue_1,2026-02-28 20:05:00,2026-02-28 18:05:00,282,161,1,0.0,515,0.7464146364175123,0.5035197300662841,0.5091483765552837,0.5545310969335924,0.6434181247516928,0.6979634808858036,ligue1
29751,Ligue_1,2026-03-01 14:00:00,2026-03-01 12:00:00,290,170,1,0.0,517,0.6795612818489647,0.6540721799161954,0.6643705667847697,0.6726190886240684,0.6769964676048603,0.6778153004411905,ligue1
29746,Ligue_1,2026-03-01 16:15:00,2026-03-01 14:15:00,160,168,1,0.0,517,0.5787822800036968,0.44887575422540305,0.573021482822234,0.6038374603088157,0.6075555682789345,0.5959822168480465,ligue1
29747,Ligue_1,2026-03-01 16:15:00,2026-03-01 14:15:00,179,275,4,1.0,517,0.5748445917928848,0.557025240117564,0.5230110773643897,0.5254223623796174,0.5407244349736705,0.5556370410608344,ligue1
29749,Ligue_1,2026-03-01 16:15:00,2026-03-01 14:15:00,180,241,1,0.0,517,0.6983371144514686,0.6069189085682122,0.6399371271369815,0.6595762941377605,0.6815647416297641,0.6912718728539415,ligue1
29748,Ligue_1,2026-03-01 19:45:00,2026-03-01 17:45:00,164,178,5,1.0,518,0.7500021990271012,0.8169100982935434,0.7699334477252212,0.755336102516932,0.7484963751242919,0.7484758119302597,ligue1
29761,Ligue_1,2026-03-06 19:45:00,2026-03-06 17:45:00,161,171,4,1.0,522,0.7621283715791979,0.6123083441909573,0.7066094014426973,0.739076150568224,0.7621159866093001,0.7658506249167921,ligue1
29759,Ligue_1,2026-03-07 16:00:00,2026-03-07 14:00:00,168,167,1,0.0,523,0.4093737159243885,0.29031849143258903,0.37095395887671345,0.38692648164933,0.39585309569256766,0.40130233268651044,ligue1
29754,Ligue_1,2026-03-07 18:00:00,2026-03-07 16:00:00,275,225,0,0.0,523,0.570574780316433,0.5861105945894207,0.5395341130958747,0.5323465918452583,0.5380938634158697,0.5504302795860039,ligue1
29762,Ligue_1,2026-03-07 20:05:00,2026-03-07 18:05:00,174,164,1,0.0,524,0.6584680219205545,0.6530899909951962,0.6839602567318358,0.6901104759477396,0.685426497877142,0.6748287066819787,ligue1
29756,Ligue_1,2026-03-08 14:00:00,2026-03-08 12:00:00,210,180,3,1.0,526,0.6801887087334886,0.8323049474472405,0.8318466761847149,0.815866204598913,0.7694423863279233,0.7284740620200033,ligue1
29755,Ligue_1,2026-03-08 16:15:00,2026-03-08 14:15:00,241,282,2,0.0,526,0.6438779789430242,0.2910168373101659,0.3570318951606867,0.4247232841146238,0.5340454943938028,0.5946646798752637,ligue1
29757,Ligue_1,2026-03-08 16:15:00,2026-03-08 14:15:00,160,179,2,0.0,526,0.6245918550578335,0.478776601000243,0.5563759923966854,0.5910885012154881,0.6182502279371879,0.6240471771152835,ligue1
29760,Ligue_1,2026-03-08 16:15:00,2026-03-08 14:15:00,170,163,4,1.0,526,0.7045319068036157,0.7146776749011656,0.7360015883303493,0.7375165014879389,0.7283344638032891,0.7177064698679398,ligue1
29758,Ligue_1,2026-03-08 19:45:00,2026-03-08 17:45:00,178,290,2,0.0,527,0.6939323488863853,0.6557322774301602,0.6637910469793313,0.6704165920710337,0.6801426625769024,0.6866272223615583,ligue1
29766,Ligue_1,2026-03-13 19:45:00,2026-03-13 17:45:00,164,275,1,0.0,531,0.7220734941485819,0.5715362104844375,0.6294304074236192,0.6594761226136718,0.6922671125354884,0.7079076990225853,ligue1
29765,Ligue_1,2026-03-14 16:00:00,2026-03-14 14:00:00,179,210,3,1.0,532,0.5486663552669075,0.7295473578458941,0.6632774913343098,0.6386001582258815,0.6033875913681724,0.577853157175584,ligue1
29763,Ligue_1,2026-03-14 18:00:00,2026-03-14 16:00:00,167,170,2,0.0,532,0.5302954506730139,0.4113738504553684,0.48930628889128236,0.5059209283933845,0.5148467451592649,0.520646772065031,ligue1
29768,Ligue_1,2026-03-14 20:05:00,2026-03-14 18:05:00,171,241,2,0.0,533,0.7279050349388798,0.47689716659876563,0.5933577313290698,0.6451460749919476,0.697353766874229,0.7171821337145846,ligue1
29771,Ligue_1,2026-03-15 14:00:00,2026-03-15 12:00:00,225,290,0,0.0,535,0.6462104972254923,0.49219958549249515,0.570928509023875,0.6016433071095059,0.625818234481956,0.6354186370393626,ligue1
29764,Ligue_1,2026-03-15 16:15:00,2026-03-15 14:15:00,282,178,0,0.0,535,0.6287224100145785,0.43197416974187136,0.42790587011100384,0.4606560134775556,0.5355001005786862,0.5847233227289155,ligue1
29767,Ligue_1,2026-03-15 16:15:00,2026-03-15 14:15:00,180,174,7,1.0,535,0.5666825025649825,0.3138719689781422,0.4637299231420798,0.517882577495739,0.5595227732007028,0.5685154834214453,ligue1
29770,Ligue_1,2026-03-15 19:45:00,2026-03-15 17:45:00,163,160,3,1.0,536,0.5987222132378508,0.5292485279225138,0.6110045031491529,0.6340564219852349,0.6344314463686329,0.6203226885898279,ligue1
29773,Ligue_1,2026-03-20 19:45:00,2026-03-20 17:45:00,210,167,6,1.0,539,0.45832735739403024,0.548792986940282,0.5536612253023592,0.5418167559699624,0.5108852575601589,0.4860700285471728,ligue1
29780,Ligue_1,2026-03-21 16:00:00,2026-03-21 14:00:00,174,179,1,0.0,540,0.5825221819372746,0.6713752392464255,0.6161518005828333,0.6104085423609052,0.6045167023529389,0.5959734722427851,ligue1
29772,Ligue_1,2026-03-21 18:00:00,2026-03-21 16:00:00,275,241,3,1.0,540,0.5692370389132798,0.24049455633089858,0.3175895443381432,0.37069274664327134,0.4577091115686675,0.5142553168795814,ligue1
29777,Ligue_1,2026-03-21 20:05:00,2026-03-21 18:05:00,170,161,4,1.0,541,0.7486580416622122,0.7799520510556557,0.7798131583238227,0.7738644794140165,0.7634659193735213,0.7564028792053253,ligue1
29774,Ligue_1,2026-03-22 14:00:00,2026-03-22 12:00:00,178,171,3,1.0,543,0.6755691529582516,0.5329364461464985,0.5942113705460269,0.6266670964722383,0.6606653168083375,0.672323648440355,ligue1
29775,Ligue_1,2026-03-22 16:15:00,2026-03-22 14:15:00,164,160,3,1.0,543,0.6823153575415798,0.5133524707872367,0.6330771857045838,0.673516784341902,0.6952754847835537,0.6930382815111338,ligue1
29778,Ligue_1,2026-03-22 16:15:00,2026-03-22 14:15:00,290,282,5,1.0,543,0.5173278172055339,0.10510981997056905,0.1994670225518076,0.2737079613301443,0.3897453918633808,0.45742381198699333,ligue1
29779,Ligue_1,2026-03-22 16:15:00,2026-03-22 14:15:00,163,180,0,0.0,543,0.7741903602295589,0.8878520964522356,0.8600087413404657,0.847553655795337,0.8218699787511228,0.8000553422925036,ligue1
29776,Ligue_1,2026-03-22 19:45:00,2026-03-22 17:45:00,168,225,5,1.0,544,0.54931517813983,0.34107335358278335,0.4704866041791626,0.5053799309122826,0.5295421374411483,0.5390621346361685,ligue1
29788,Ligue_1,2026-04-03 18:45:00,2026-04-03 16:45:00,161,174,4,1.0,548,0.6830240701143169,0.6281067637041065,0.6286023260840594,0.6422376285858079,0.6650491115527173,0.6761943613369334,ligue1
29789,Ligue_1,2026-04-04 15:00:00,2026-04-04 13:00:00,225,170,4,1.0,549,0.684387317505145,0.7197140207538998,0.7295496802067198,0.7281395084187665,0.7118584145588445,0.6973353164372095,ligue1
29782,Ligue_1,2026-04-04 17:00:00,2026-04-04 15:00:00,241,163,7,1.0,549,0.6679195181601352,0.42421915925348674,0.5277320775559037,0.5790519086222685,0.6330230381483012,0.654623373074613,ligue1
29784,Ligue_1,2026-04-04 19:05:00,2026-04-04 17:05:00,160,210,3,1.0,550,0.48594679956391224,0.5923302219686231,0.5884567438135316,0.5794487262303538,0.5495841707823425,0.5212848444103542,ligue1
29781,Ligue_1,2026-04-05 13:00:00,2026-04-05 11:00:00,167,178,0,0.0,552,0.515470084092387,0.44352010446426743,0.46280667601734443,0.46793265963431757,0.4823353685266815,0.49696899921102017,ligue1
29783,Ligue_1,2026-04-05 15:15:00,2026-04-05 13:15:00,282,275,2,0.0,552,0.4865827957262271,0.2280917736477635,0.2341872391764847,0.27115354469769964,0.3576603261497088,0.42173429370827054,ligue1
29785,Ligue_1,2026-04-05 15:15:00,2026-04-05 13:15:00,179,290,2,0.0,552,0.6021516466926274,0.47203539130553424,0.528346206578943,0.555999806529707,0.5817364824134772,0.5922783197147105,ligue1
29786,Ligue_1,2026-04-05 15:15:00,2026-04-05 13:15:00,180,168,0,0.0,552,0.5527795807008362,0.5076236646193161,0.5469377878312118,0.5573392268512718,0.5581783874170977,0.5554018289360751,ligue1
29787,Ligue_1,2026-04-05 18:45:00,2026-04-05 16:45:00,171,164,3,1.0,553,0.7564170891926195,0.7216474983550883,0.7475034408823634,0.7594327248237376,0.7677755666146993,0.7655917194470179,ligue1
29796,Ligue_1,2026-04-10 17:00:00,2026-04-10 15:00:00,290,171,5,1.0,557,0.6363662844177888,0.5121019128581903,0.5578824180332441,0.5875709074285284,0.61879424505921,0.6302843834086054,ligue1
29794,Ligue_1,2026-04-10 19:05:00,2026-04-10 17:05:00,164,180,4,1.0,557,0.8462987612342091,0.5797802952462114,0.7398520159915382,0.7910152830956976,0.8291777306299537,0.8404093904467473,ligue1
29790,Ligue_1,2026-04-11 17:00:00,2026-04-11 15:00:00,275,168,0,0.0,559,0.4790460100073461,0.3248790418204626,0.3655698555820268,0.3851944340755936,0.42073739470416216,0.44835060979725927,ligue1
29797,Ligue_1,2026-04-11 19:05:00,2026-04-11 17:05:00,163,167,3,1.0,559,0.5523822903154438,0.6632819515481847,0.6193882807770325,0.6032979876258577,0.5803609635032373,0.5659631840611367,ligue1
29795,Ligue_1,2026-04-12 15:15:00,2026-04-12 13:15:00,170,282,2,0.0,561,0.6757012218406367,0.48802904326519386,0.47456868469182895,0.5050409334363326,0.5786458563154754,0.6289405777087949,ligue1
29798,Ligue_1,2026-04-12 15:15:00,2026-04-12 13:15:00,174,160,4,1.0,561,0.5002317984118926,0.5148282920937891,0.5039900452073709,0.518174410300819,0.5263750484944002,0.5186061901396458,ligue1
29793,Ligue_1,2026-04-12 18:45:00,2026-04-12 16:45:00,178,179,2,0.0,561,0.6530288079439263,0.40886653412646046,0.5066227937124097,0.5481689501374039,0.5996812891961425,0.6276583911302116,ligue1
29800,Ligue_1,2026-04-17 18:45:00,2026-04-17 16:45:00,210,174,5,1.0,564,0.5101134455495325,0.8639960115829215,0.7705573535012452,0.7163051627011232,0.6329112042673833,0.5744921874324818,ligue1
29802,Ligue_1,2026-04-18 15:00:00,2026-04-18 13:00:00,179,164,2,0.0,565,0.7192999790721464,0.6238134046704615,0.6767722362550033,0.694123385014585,0.7085483627759854,0.7141063533335459,ligue1
29799,Ligue_1,2026-04-18 17:00:00,2026-04-18 15:00:00,167,282,2,0.0,565,0.4217507588831716,0.23372573963193444,0.25035101873282484,0.2784882098588311,0.33778104892734406,0.38006575603510245,ligue1
29801,Ligue_1,2026-04-18 19:05:00,2026-04-18 17:05:00,160,170,0,0.0,566,0.6526489561008885,0.8338729795162682,0.7658562836599612,0.7446980112951058,0.711158633862708,0.6841732575650571,ligue1
29804,Ligue_1,2026-04-19 13:00:00,2026-04-19 11:00:00,171,275,4,1.0,568,0.6240586143282554,0.43102616771914326,0.48657482070172037,0.5220921501310458,0.5723303222205908,0.6004446501953884,ligue1
29803,Ligue_1,2026-04-19 15:15:00,2026-04-19 13:15:00,180,290,4,1.0,568,0.6056967835573691,0.5991059260714634,0.5807763194732436,0.5877069303006266,0.5972678387743856,0.6013900648858129,ligue1
29805,Ligue_1,2026-04-19 15:15:00,2026-04-19 13:15:00,168,241,2,0.0,568,0.5791796254925886,0.41058799527884166,0.4809455236848021,0.5096756131187561,0.5437625308591253,0.5623828570883609,ligue1
29807,Ligue_1,2026-04-19 15:15:00,2026-04-19 13:15:00,225,163,3,1.0,568,0.6697953286653469,0.7563908289308356,0.7228245429697221,0.7130998778879719,0.6954968663741735,0.6823325001811404,ligue1
29806,Ligue_1,2026-04-19 18:45:00,2026-04-19 16:45:00,161,178,3,1.0,569,0.7180791245264144,0.5523077203277423,0.6000815114089555,0.6229043694707912,0.6621989372771026,0.6896995363934205,ligue1
29769,Ligue_1,2026-04-22 18:00:00,2026-04-22 16:00:00,161,168,3,1.0,573,0.7622979046024896,0.5121403814679955,0.661571811990747,0.7047399943051159,0.7385700176724879,0.7518348702370915,ligue1
29809,Ligue_1,2026-04-24 18:45:00,2026-04-24 16:45:00,241,210,6,1.0,574,0.6011462958626037,0.8224188428932462,0.7426489298721067,0.7070951199011599,0.6626652143271786,0.633740464234704,ligue1
29812,Ligue_1,2026-04-25 13:00:00,2026-04-25 11:00:00,178,275,5,1.0,575,0.5803591578560741,0.28867551436317507,0.35824452382173944,0.4061213688506574,0.4821005123613624,0.5315387174623007,ligue1
29808,Ligue_1,2026-04-25 17:00:00,2026-04-25 15:00:00,167,161,3,1.0,576,0.6292607475248884,0.5744101791866018,0.5816413381255253,0.5808739603905853,0.5908260000495574,0.6063251493888704,ligue1
29816,Ligue_1,2026-04-25 19:05:00,2026-04-25 17:05:00,174,171,4,1.0,576,0.6165289552707363,0.8072706922415068,0.7292290217661725,0.7032562261613678,0.673455801664619,0.6495734573113289,ligue1
29811,Ligue_1,2026-04-26 13:00:00,2026-04-26 11:00:00,179,225,5,1.0,578,0.5999917657676347,0.48268348314006426,0.5349147639548816,0.5563680328840641,0.5762546170584276,0.5866018469287541,ligue1
29810,Ligue_1,2026-04-26 15:15:00,2026-04-26 13:15:00,282,180,8,1.0,578,0.5697503027871871,0.3458987172099831,0.37938922559763394,0.4204448365635949,0.49289277219312366,0.5353334333044545,ligue1
29814,Ligue_1,2026-04-26 15:15:00,2026-04-26 13:15:00,290,160,1,0.0,578,0.5581286461889108,0.3644890418698528,0.4546489626422437,0.4965020680707898,0.5368720868523374,0.5507313662727771,ligue1
29815,Ligue_1,2026-04-26 15:15:00,2026-04-26 13:15:00,163,168,3,1.0,578,0.6102318270826421,0.5684966178734104,0.6257597333028692,0.6423208074746055,0.6405133175951104,0.6282093903350523,ligue1
29813,Ligue_1,2026-04-26 18:45:00,2026-04-26 16:45:00,164,170,2,0.0,579,0.7802007836782278,0.5255183253967145,0.693838371125063,0.7472430104871634,0.7821173296022974,0.7860303182084696,ligue1
29818,Ligue_1,2026-05-03 13:00:00,2026-05-03 11:00:00,160,282,2,0.0,583,0.5999021364854226,0.43130354379329805,0.4360575613941789,0.4622130422651816,0.5223262933668145,0.5632515695593535,ligue1
29820,Ligue_1,2026-05-03 13:00:00,2026-05-03 11:00:00,180,171,3,1.0,583,0.7543963589527803,0.8468815670105293,0.8004703986130599,0.7868831092422699,0.773882976560446,0.7653756989004912,ligue1
29821,Ligue_1,2026-05-03 13:00:00,2026-05-03 11:00:00,168,164,3,1.0,583,0.6570129137454807,0.35244315949054444,0.49556778492896014,0.5581392978128639,0.617484887026607,0.6410229191694219,ligue1
29822,Ligue_1,2026-05-03 13:00:00,2026-05-03 11:00:00,170,210,2,0.0,583,0.6030102210787991,0.7259079132967803,0.7504933431778239,0.7362846180881331,0.689502205718277,0.6490176445103168,ligue1
29824,Ligue_1,2026-05-03 13:00:00,2026-05-03 11:00:00,161,179,4,1.0,583,0.7754628420311205,0.6559891290582326,0.6815661582941231,0.7022743787732472,0.7341090270301737,0.7542668220342177,ligue1
29817,Ligue_1,2026-05-03 15:15:00,2026-05-03 13:15:00,275,167,4,1.0,583,0.4111120911967354,0.35395167494592744,0.32729488885264274,0.3276220986062299,0.34949247332573957,0.37573309185030646,ligue1
29823,Ligue_1,2026-05-03 15:15:00,2026-05-03 13:15:00,290,241,4,1.0,583,0.6471344423871865,0.656799024758545,0.6108814393856021,0.6092011819563498,0.6221827879108582,0.6338626121988374,ligue1
29825,Ligue_1,2026-05-03 15:15:00,2026-05-03 13:15:00,225,174,3,1.0,583,0.590337963984082,0.7825018662064981,0.7091984680230659,0.6784301791687648,0.6391153396108636,0.6145631908376916,ligue1
29819,Ligue_1,2026-05-03 18:45:00,2026-05-03 16:45:00,178,163,6,1.0,588,0.6655915103346285,0.5529783871582322,0.587398093851298,0.6103217093403671,0.6406076697783603,0.6554514792960131,ligue1
29829,Ligue_1,2026-05-08 18:45:00,2026-05-08 16:45:00,210,168,1,0.0,592,0.5524023466583656,0.6471551142000463,0.6808888197071564,0.6801443643380914,0.6448189348373778,0.6043253318102324,ligue1
29826,Ligue_1,2026-05-10 19:00:00,2026-05-10 17:00:00,167,225,2,0.0,593,0.5017079701031849,0.5634988567081742,0.5280567430358216,0.5147988214467263,0.500743446629213,0.4974510156153263,ligue1
29827,Ligue_1,2026-05-10 19:00:00,2026-05-10 17:00:00,275,170,3,1.0,593,0.5831722777853395,0.49170662980156593,0.49837983056792223,0.5055404445864957,0.5300950281341031,0.554279681207723,ligue1
29828,Ligue_1,2026-05-10 19:00:00,2026-05-10 17:00:00,282,164,1,0.0,593,0.7047989293915135,0.5921071004429801,0.5689552653402185,0.5810562402998913,0.6280259144735721,0.6663524184960556,ligue1
29830,Ligue_1,2026-05-10 19:00:00,2026-05-10 17:00:00,180,179,4,1.0,593,0.6671273114254225,0.7514404315947751,0.7042643825955347,0.6930854807454669,0.6820576024949982,0.6748949287935155,ligue1
29831,Ligue_1,2026-05-10 19:00:00,2026-05-10 17:00:00,171,160,1,0.0,593,0.5998610714666452,0.41555939091024097,0.4998690402786014,0.5470739567713176,0.5922049696083463,0.6033016137570478,ligue1
29832,Ligue_1,2026-05-10 19:00:00,2026-05-10 17:00:00,161,241,1,0.0,593,0.8312370251345246,0.9007067431339291,0.8466605992471663,0.8284305913310293,0.8206863037857405,0.8238233707201861,ligue1
29833,Ligue_1,2026-05-10 19:00:00,2026-05-10 17:00:00,163,290,3,1.0,593,0.6622444474752457,0.7052013359435674,0.6871767886716713,0.6881911133705239,0.6839265458651719,0.6749911246086928,ligue1
29834,Ligue_1,2026-05-10 19:00:00,2026-05-10 17:00:00,174,178,3,1.0,593,0.581756119867952,0.7674549072027674,0.6713047501860274,0.6366677900183749,0.6073978262630644,0.594676666393897,ligue1
29791,Ligue_1,2026-05-13 17:00:00,2026-05-13 15:00:00,241,225,3,1.0,601,0.6692746812209583,0.6706807796905734,0.657706127023364,0.6531170478584192,0.6543373101714054,0.65951720858039,ligue1
29792,Ligue_1,2026-05-13 19:00:00,2026-05-13 17:00:00,210,161,2,0.0,601,0.6034099744287519,0.64190672493359,0.6626637012460007,0.6542856061084315,0.6357667570339053,0.621251787747057,ligue1
29840,Ligue_1,2026-05-17 18:00:00,2026-05-17 16:00:00,168,174,0,0.0,603,0.48180064223471525,0.4627515193140905,0.47965475380597794,0.48955341011459497,0.49527163036615784,0.4918490056589576,ligue1
29835,Ligue_1,2026-05-17 19:00:00,2026-05-17 17:00:00,241,167,2,0.0,603,0.5359102939141438,0.45503087465829567,0.47585029960108693,0.48628168532494037,0.5042203093377781,0.5186091854809709,ligue1
29836,Ligue_1,2026-05-17 19:00:00,2026-05-17 17:00:00,160,275,2,0.0,603,0.5171965718648727,0.2859155363583953,0.353242270286576,0.3956922287082701,0.4538629831375854,0.48697008519981444,ligue1
29837,Ligue_1,2026-05-17 19:00:00,2026-05-17 17:00:00,179,282,2,0.0,603,0.6186702806588837,0.616967706621134,0.5518594853067375,0.5435663487109605,0.5668570914380751,0.5923175039588395,ligue1
29838,Ligue_1,2026-05-17 19:00:00,2026-05-17 17:00:00,178,210,4,1.0,603,0.5688550556044596,0.7087950663781948,0.6791733879428334,0.6542072269218395,0.6178709993053527,0.5946371999396456,ligue1
29839,Ligue_1,2026-05-17 19:00:00,2026-05-17 17:00:00,164,163,4,1.0,603,0.7599188529690034,0.6558662047389787,0.7111794709525024,0.7341100061876241,0.7550629919183328,0.7604587178330896,ligue1
29841,Ligue_1,2026-05-17 19:00:00,2026-05-17 17:00:00,170,180,0,0.0,603,0.7646665533053896,0.5768356902957844,0.6220068747317965,0.6573332911399355,0.7096043622791257,0.7393160423878626,ligue1
29842,Ligue_1,2026-05-17 19:00:00,2026-05-17 17:00:00,290,161,3,1.0,603,0.6965179710675398,0.47950926570970914,0.5500832087515132,0.5870858490312729,0.636270958916257,0.6660940256284644,ligue1
29843,Ligue_1,2026-05-17 19:00:00,2026-05-17 17:00:00,225,171,9,1.0,603,0.6696894373306882,0.6528083058170805,0.6709249867547683,0.6779263995820125,0.6809166867814369,0.677199254258168,ligue1
31940,Ligue_1,2026-08-21 18:45:00,2026-08-21 16:45:00,164,225,4,1.0,612,0.7375273701526337,0.7444561635487302,0.7397161615995839,0.7408366593444158,0.7396134337930349,0.7375645149264961,ligue1
31941,Ligue_1,2026-08-22 15:15:00,2026-08-22 13:15:00,210,275,7,1.0,613,0.5266767243613806,0.6647157662247498,0.5966265314469299,0.5842199612621133,0.5662372157380821,0.5492601703918237,ligue1
31942,Ligue_1,2026-08-22 18:45:00,2026-08-22 16:45:00,174,178,2,0.0,613,0.5766456155894889,0.729895418324637,0.6310026240558309,0.6100563136078736,0.593657979790388,0.5859289254845297,ligue1
31943,Ligue_1,2026-08-22 18:45:00,2026-08-22 16:45:00,172,290,0,0.0,613,0.6176571550125324,0.6732597551965626,0.5891690138673374,0.5875854850356711,0.5993520574539051,0.6083956612440681,ligue1
31944,Ligue_1,2026-08-22 18:45:00,2026-08-22 16:45:00,295,241,4,1.0,613,0.6709156566093447,0.7477545148638325,0.6399407474620278,0.6352973043944127,0.6473831245161971,0.6589254820261873,ligue1
31945,Ligue_1,2026-08-22 18:45:00,2026-08-22 16:45:00,170,179,0,0.0,613,0.654411710126786,0.4415523359259993,0.5088958734393881,0.5507313566833484,0.6015314665565152,0.6290754541603141,ligue1
31946,Ligue_1,2026-08-23 13:00:00,2026-08-23 11:00:00,167,160,2,0.0,618,0.4259887607737628,0.28585843695716134,0.3174157575535852,0.34573342962673365,0.3855013088075911,0.4071603308494369,ligue1
31947,Ligue_1,2026-08-23 15:15:00,2026-08-23 13:15:00,282,171,1,0.0,618,0.6533233693340836,0.7804486093777526,0.6403384542177436,0.6128327889383066,0.6186025580673148,0.6354149234464235,ligue1
31948,Ligue_1,2026-08-23 18:45:00,2026-08-23 16:45:00,161,163,0,0.0,619,0.7743132759719612,0.7773041346265779,0.7446973394769308,0.7482758702408339,0.7604122870249472,0.7679663225116066,ligue1
31949,Ligue_1,2026-08-28 18:45:00,2026-08-28 16:45:00,160,161,4,1.0,621,0.5697415359963155,0.0396995893437632,0.2248415291991032,0.33602951040239776,0.46398857574275765,0.524330125242988,ligue1
31950,Ligue_1,2026-08-29 15:15:00,2026-08-29 13:15:00,225,210,3,1.0,622,0.5986742235346362,0.9973512687141264,0.9277898459064334,0.850259703364739,0.7345459699978228,0.6641995188578458,ligue1
31951,Ligue_1,2026-08-29 18:45:00,2026-08-29 16:45:00,275,167,4,1.0,622,0.43643124692048535,0.7291021372303643,0.5703243365130645,0.491717659957087,0.43344848985437817,0.4254414284113694,ligue1
31952,Ligue_1,2026-08-29 18:45:00,2026-08-29 16:45:00,241,174,4,1.0,622,0.5993115929030657,0.6323931567362342,0.6011980221779656,0.5989987016673209,0.6024126934978963,0.6032224087725522,ligue1
31953,Ligue_1,2026-08-29 18:45:00,2026-08-29 16:45:00,179,172,3,1.0,622,5.128911187541387e-27,3.3137556889184486e-28,2.3933859545856465e-27,3.4237284082810626e-27,4.3976576168494226e-27,4.8090095601521366e-27,ligue1
31954,Ligue_1,2026-08-29 18:45:00,2026-08-29 16:45:00,178,282,2,0.0,622,0.6549858726117787,0.3213004345122475,0.4349919685665885,0.4760745811173513,0.5467940104421776,0.6006432145597222,ligue1
31955,Ligue_1,2026-08-30 13:00:00,2026-08-30 11:00:00,290,170,3,1.0,627,0.6050145043043232,0.006388633476515601,0.233052594119376,0.3848805940416192,0.5180898556146407,0.5685951916269384,ligue1
31956,Ligue_1,2026-08-30 15:15:00,2026-08-30 13:15:00,163,295,5,1.0,627,0.8464368800233333,0.34126040102825095,0.7668092568776999,0.8283422516534046,0.8550042618753034,0.8549178012444523,ligue1
31957,Ligue_1,2026-08-30 18:45:00,2026-08-30 16:45:00,171,164,2,0.0,628,0.7571172568530223,0.4040524451225391,0.6842130340606427,0.7272443625727018,0.7560840578972312,0.7615033546372239,ligue1
31958,Ligue_1,2026-09-03 18:45:00,2026-09-03 16:45:00,174,160,1,0.0,630,0.48656515907749914,0.6495518641300911,0.5118574520577155,0.4880572884402547,0.49120908787023443,0.49346047631838,ligue1
31959,Ligue_1,2026-09-04 17:00:00,2026-09-04 15:00:00,178,275,4,1.0,631,0.6189425793456926,0.8781448255413594,0.751577548974899,0.6769724183903465,0.617950333013247,0.6096723801599265,ligue1
31960,Ligue_1,2026-09-04 19:05:00,2026-09-04 17:05:00,161,171,3,1.0,631,0.7511506879811316,0.24608946408910384,0.5127186120808461,0.6214333641604942,0.7093845116880263,0.7381588976498556,ligue1
31961,Ligue_1,2026-09-05 15:15:00,2026-09-05 13:15:00,210,179,1,0.0,633,0.593388284402969,0.6937112834546867,0.7059698354662555,0.697135261662663,0.6663349834723784,0.6346815123431107,ligue1
31962,Ligue_1,2026-09-05 18:45:00,2026-09-05 16:45:00,170,295,2,0.0,633,0.8884309867929813,0.4813313061206965,0.6637885024793275,0.7526867959917958,0.8344504731037048,0.8665468363345447,ligue1
31963,Ligue_1,2026-09-05 18:45:00,2026-09-05 16:45:00,282,241,3,1.0,633,0.6030777988744277,0.4550034931379751,0.47441114549558777,0.48198418466652987,0.5215104196716556,0.560490727762692,ligue1
31964,Ligue_1,2026-09-06 13:00:00,2026-09-06 11:00:00,172,225,8,1.0,636,0.25101994899078883,0.4547474251706666,0.38026584297743427,0.3411626993447722,0.2943132483916565,0.26985136057170506,ligue1
31965,Ligue_1,2026-09-06 15:15:00,2026-09-06 13:15:00,167,163,3,1.0,636,0.5268323636219449,0.6371452710380179,0.6104899424718964,0.590767658578006,0.5614563053615531,0.5435029700441807,ligue1
31966,Ligue_1,2026-09-06 18:45:00,2026-09-06 16:45:00,164,290,5,1.0,637,0.7025290586344618,0.2233261134237671,0.419249032610576,0.5134346779698481,0.614956998740138,0.663325944400528,ligue1
31967,Ligue_1,2026-09-11 18:45:00,2026-09-11 16:45:00,163,164,1,0.0,639,0.7405679272643584,0.6518128535883971,0.6912819254929057,0.7169299357161247,0.7399290432367363,0.7440448934942677,ligue1
31968,Ligue_1,2026-09-12 15:15:00,2026-09-12 13:15:00,225,171,2,0.0,640,0.7074675051970739,0.7280462204685634,0.7903878977760255,0.7890219997306427,0.7623249303990404,0.7367806999729855,ligue1
31969,Ligue_1,2026-09-12 18:45:00,2026-09-12 16:45:00,290,178,0,0.0,640,0.6153192988545853,0.4161604752276647,0.5005494144521889,0.5366539415910135,0.5733146537876109,0.5939316645312048,ligue1
31970,Ligue_1,2026-09-12 18:45:00,2026-09-12 16:45:00,282,167,0,0.0,640,0.4195476369703349,0.3409323077946404,0.3306027016740624,0.33408521352183784,0.360052034880744,0.38737549792140874,ligue1
31971,Ligue_1,2026-09-12 18:45:00,2026-09-12 16:45:00,275,170,1,0.0,640,0.5781114943973347,0.37069082930611646,0.4457482675427233,0.4818389266412746,0.5221419603035984,0.5483569528830754,ligue1
31972,Ligue_1,2026-09-12 18:45:00,2026-09-12 16:45:00,179,174,4,1.0,640,0.528079733566971,0.14419844084214506,0.32238679663100744,0.4164509171113664,0.496151934619584,0.5198009685320388,ligue1
31973,Ligue_1,2026-09-13 13:00:00,2026-09-13 11:00:00,160,172,2,0.0,645,0.7592700906982672,0.7315381773957226,0.6904690128632098,0.7032974210140491,0.7364957339721052,0.7521240229935833,ligue1
31974,Ligue_1,2026-09-13 15:15:00,2026-09-13 13:15:00,295,210,4,1.0,645,0.7280462779153619,0.8215062567944286,0.8360824394839053,0.829514917826216,0.8008636093607796,0.7700107206050792,ligue1
31975,Ligue_1,2026-09-13 18:45:00,2026-09-13 16:45:00,241,161,1,0.0,646,0.7486352619700389,0.6643864271670928,0.6522284081616898,0.6645728549358038,0.6954273489778978,0.720737619531893,ligue1
26982,La_liga,2024-08-15 17:00:00,2024-08-15 15:00:00,147,142,2,0.0,0,,,,,,,liga
26983,La_liga,2024-08-15 19:30:00,2024-08-15 17:30:00,153,223,2,0.0,0,,,,,,,liga
26984,La_liga,2024-08-16 17:00:00,2024-08-16 15:00:00,152,158,3,1.0,2,,,,,,,liga
26985,La_liga,2024-08-16 19:30:00,2024-08-16 17:30:00,144,138,4,1.0,2,,,,,,,liga
26986,La_liga,2024-08-17 17:00:00,2024-08-17 15:00:00,157,159,2,0.0,4,,,,,,,liga
26987,La_liga,2024-08-17 19:30:00,2024-08-17 17:30:00,146,148,3,1.0,4,,,,,,,liga
26988,La_liga,2024-08-18 17:00:00,2024-08-18 15:00:00,140,145,3,1.0,6,,,,,,,liga
26989,La_liga,2024-08-18 19:30:00,2024-08-18 17:30:00,239,150,2,0.0,6,,,,,,,liga
26990,La_liga,2024-08-19 17:00:00,2024-08-19 15:00:00,231,141,1,0.0,8,,,,,,,liga
26991,La_liga,2024-08-19 19:30:00,2024-08-19 17:30:00,154,143,4,1.0,8,,,,,,,liga
26992,La_liga,2024-08-23 17:00:00,2024-08-23 15:00:00,152,146,4,1.0,10,0.7384766961169109,0.7383365895086182,0.7383910279328622,0.7384161178205187,0.7384446750076683,0.7384604722045226,liga
26993,La_liga,2024-08-23 19:30:00,2024-08-23 17:30:00,138,154,3,1.0,10,0.9445537769896549,0.944504255114121,0.9445242052719758,0.9445329928532858,0.9445428500084173,0.9445482546284941,liga
26994,La_liga,2024-08-24 15:00:00,2024-08-24 13:00:00,157,239,1,0.0,12,0.1911531694619419,0.18993305084361634,0.1905480266217929,0.19075081225430934,0.19095252093415008,0.1910543509154229,liga
26995,La_liga,2024-08-24 17:00:00,2024-08-24 15:00:00,148,147,3,1.0,12,0.3967163284904139,0.39540410538210424,0.3960622076549846,0.3962806315993535,0.3964986571578347,0.39660902521966546,liga
26996,La_liga,2024-08-24 19:30:00,2024-08-24 17:30:00,142,145,0,0.0,13,0.42759944088825796,0.43094990911826875,0.4292166298574306,0.4286647708156956,0.4281257351154065,0.42785739614258766,liga
26997,La_liga,2024-08-24 19:30:00,2024-08-24 17:30:00,141,140,1,0.0,13,0.04248304896606561,0.04251896094396924,0.042497590635513206,0.042491998495663624,0.042487154738205093,0.04248498215279489,liga
26998,La_liga,2024-08-25 15:00:00,2024-08-25 13:00:00,150,231,3,1.0,16,0.05366627758920658,0.05513468325270944,0.05438311343453578,0.05414029995435119,0.053901353344062895,0.0537817214250118,liga
26999,La_liga,2024-08-25 17:00:00,2024-08-25 15:00:00,159,144,3,1.0,16,0.6893060964050736,0.7000809995377918,0.6946180745777975,0.6928299656640116,0.6910591440249916,0.6901683618453179,liga
27000,La_liga,2024-08-25 17:15:00,2024-08-25 15:15:00,158,153,0,0.0,16,0.4865504253363602,0.4964450258256763,0.4914076167869794,0.48976813020425736,0.4881489737076414,0.4873361582366379,liga
27001,La_liga,2024-08-25 19:30:00,2024-08-25 17:30:00,143,223,3,1.0,17,0.7274951402549747,0.7423917316346936,0.7348607730214687,0.7323860200575842,0.7299305262172119,0.7286935872251398,liga
27002,La_liga,2024-08-26 19:30:00,2024-08-26 17:30:00,154,152,7,1.0,20,0.923220735511092,0.9317663262533926,0.9275417157782428,0.9261111184207361,0.9246705373507436,0.9239368099064922,liga
27003,La_liga,2024-08-27 17:00:00,2024-08-27 15:00:00,239,138,0,0.0,21,0.4034253770676003,0.3832816204063231,0.39352231863724224,0.3968615534662661,0.40016272274578285,0.4018212362007805,liga
27004,La_liga,2024-08-27 19:30:00,2024-08-27 17:30:00,145,148,3,1.0,21,0.2987345001799148,0.2712646298535772,0.28511479288003044,0.2896825940178313,0.29422303314463893,0.29651338556435,liga
27005,La_liga,2024-08-28 17:00:00,2024-08-28 15:00:00,231,159,0,0.0,23,0.42259520527964656,0.46546540156349003,0.4440295288464865,0.4368778643770613,0.4297314069089299,0.4261128296678357,liga
27006,La_liga,2024-08-28 17:00:00,2024-08-28 15:00:00,147,146,1,0.0,23,0.7596387623176099,0.782224371012125,0.7711668090168593,0.7673740853701188,0.7635307774631187,0.7615640774308761,liga
27008,La_liga,2024-08-28 19:30:00,2024-08-28 17:30:00,140,158,3,1.0,23,0.19446325222693353,0.15658926482548363,0.17522746792538546,0.18158237256168883,0.1879966837397612,0.1912681796991059,liga
27009,La_liga,2024-08-28 19:30:00,2024-08-28 17:30:00,143,141,0,0.0,23,0.5243551471708947,0.5513403903182206,0.5379591389299272,0.5334455431854014,0.5289099422150443,0.526603568498185,liga
27010,La_liga,2024-08-29 17:00:00,2024-08-29 15:00:00,223,157,4,1.0,27,0.34183335599530784,0.36469635786003635,0.3530938766255667,0.3492995316264675,0.3455453466836506,0.34365852906153505,liga
27011,La_liga,2024-08-29 19:30:00,2024-08-29 17:30:00,144,150,2,0.0,27,0.8189475951534104,0.833237495597092,0.8261509421971803,0.8237619209521131,0.8213605780246962,0.8201389706198626,liga
27012,La_liga,2024-08-31 15:00:00,2024-08-31 13:00:00,148,231,7,1.0,29,0.5432033078738073,0.5736428570544193,0.5589099102962293,0.5537779206317718,0.5485411432361252,0.5458480531441579,liga
27013,La_liga,2024-08-31 17:00:00,2024-08-31 15:00:00,147,143,1,0.0,29,0.4033698345102216,0.3653528321519863,0.3847765390512501,0.3910727487859132,0.39727192890469704,0.40037555904796374,liga
27014,La_liga,2024-08-31 17:15:00,2024-08-31 15:15:00,141,145,3,1.0,29,0.020914887112945174,0.016674164672900373,0.018690041412623277,0.019407886796214018,0.02014937231998052,0.020534346287926022,liga
27015,La_liga,2024-08-31 19:30:00,2024-08-31 17:30:00,146,154,2,0.0,30,0.9466240042237903,0.9464766753765219,0.9466909395860323,0.9466993999624754,0.9466769724589229,0.9466539208081626,liga
27016,La_liga,2024-08-31 19:30:00,2024-08-31 17:30:00,159,239,1,0.0,30,0.10387367845342559,0.09543946101378191,0.09969054586955572,0.10109305755502884,0.10248756812208193,0.10319119085504891,liga
27017,La_liga,2024-09-01 15:00:00,2024-09-01 13:00:00,158,144,2,0.0,34,0.6556230075003837,0.6532011743065641,0.6539165891134535,0.6543732817697001,0.6549417238820666,0.6552728745150307,liga
27018,La_liga,2024-09-01 15:00:00,2024-09-01 13:00:00,157,152,5,1.0,34,0.9138553883186576,0.9360000275531464,0.9256772115664816,0.9219077969909889,0.917968186291742,0.915905432262935,liga
27019,La_liga,2024-09-01 17:00:00,2024-09-01 15:00:00,138,223,2,0.0,34,0.7096193535363571,0.6976274525551444,0.7044528903657811,0.7063569537652347,0.7080783968589749,0.7088818425260358,liga
27020,La_liga,2024-09-01 17:15:00,2024-09-01 15:15:00,142,140,0,0.0,34,0.1480878776636901,0.12421740453509077,0.13607955840121005,0.1400712020498795,0.14407523655605828,0.14610820070334538,liga
27021,La_liga,2024-09-01 19:30:00,2024-09-01 17:30:00,150,153,2,0.0,36,0.16870347112416545,0.1419056397342307,0.15557141892037882,0.16001974406622566,0.1643998397059752,0.16659118730732572,liga
27024,La_liga,2024-09-13 19:00:00,2024-09-13 17:00:00,153,159,2,0.0,39,0.07685003818462831,0.06517072863896646,0.0708288545693418,0.07279585786244597,0.07480304850748763,0.07583562021928085,liga
27026,La_liga,2024-09-14 12:00:00,2024-09-14 10:00:00,239,154,3,1.0,40,0.38070733650457433,0.3714648771651872,0.37551822623292047,0.3771322369459574,0.37886447431386333,0.3797851711304875,liga
27022,La_liga,2024-09-14 14:15:00,2024-09-14 12:15:00,141,158,5,1.0,40,0.15122530585463148,0.16568361575216883,0.15840358642769836,0.15600158104058323,0.15360922325214915,0.1523999467761669,liga
27029,La_liga,2024-09-14 16:30:00,2024-09-14 14:30:00,138,142,1,0.0,41,0.042576787506046945,0.021538766752173588,0.0306995258198142,0.03434030770153367,0.03829586520942633,0.040424385714726174,liga
27031,La_liga,2024-09-14 19:00:00,2024-09-14 17:00:00,140,150,2,0.0,42,0.30710053126421893,0.27356775089117574,0.29075606666114134,0.29630456111313785,0.3017541553103966,0.304477114516311,liga
27025,La_liga,2024-09-15 12:00:00,2024-09-15 10:00:00,152,231,4,1.0,44,0.9916189403053418,0.9947452267177436,0.9935221506812691,0.9929745733023628,0.9923433201443144,0.9919884360643437,liga
27028,La_liga,2024-09-15 14:15:00,2024-09-15 12:15:00,223,148,5,1.0,44,0.8196624938362059,0.8176969541148471,0.8199556745074146,0.820135813789817,0.8200366854471233,0.8198811412954199,liga
27027,La_liga,2024-09-15 16:30:00,2024-09-15 14:30:00,144,147,5,1.0,45,0.4305223708949498,0.37574768642121587,0.4036358341969418,0.41272769846359475,0.4216940628883843,0.4261866866067716,liga
27023,La_liga,2024-09-15 19:00:00,2024-09-15 17:00:00,143,146,3,1.0,46,0.6668127551126296,0.5855320911120624,0.6287165830347179,0.6419986339387389,0.6546993359648925,0.6609125659406673,liga
27030,La_liga,2024-09-16 19:00:00,2024-09-16 17:00:00,145,157,4,1.0,48,0.6367496721927166,0.645698392443784,0.6425491284776056,0.6409193120481467,0.6389874656717807,0.637891636263343,liga
27045,La_liga,2024-09-17 19:00:00,2024-09-17 17:00:00,239,140,1,0.0,49,0.12587619940864744,0.1310504557284905,0.12803092233721852,0.1272072587571321,0.12648694196470792,0.1261633291072872,liga
27007,La_liga,2024-09-18 17:00:00,2024-09-18 15:00:00,153,142,3,1.0,50,0.023349283805426422,0.026162437800850008,0.02402905503389406,0.023648788352290753,0.023423901417863692,0.023367595593188302,liga
27047,La_liga,2024-09-19 17:00:00,2024-09-19 15:00:00,159,147,2,0.0,51,0.2738322351661641,0.2974406806044256,0.2838663525019335,0.2801473366407881,0.2768081926873358,0.27525554916940975,liga
27035,La_liga,2024-09-20 19:00:00,2024-09-20 17:00:00,158,138,3,1.0,52,0.5135330329047322,0.4698643248528345,0.4929910851142518,0.5001490067216113,0.5069997644704788,0.5103512480108263,liga
27039,La_liga,2024-09-21 12:00:00,2024-09-21 10:00:00,231,140,0,0.0,53,0.20901356608189184,0.17304545595289847,0.19101884433353442,0.19706562721126927,0.20307656910262664,0.20609733083149132,liga
27040,La_liga,2024-09-21 14:15:00,2024-09-21 12:15:00,157,144,3,1.0,53,0.8488122207291982,0.8706062450854991,0.8600386558960414,0.8563694290775584,0.8526271145358046,0.8507025651322895,liga
27038,La_liga,2024-09-21 16:30:00,2024-09-21 14:30:00,146,223,2,0.0,54,0.7165920821635066,0.7182603637225048,0.7185027588242126,0.7180971769564829,0.7174582309215901,0.7170472280485395,liga
27041,La_liga,2024-09-21 19:00:00,2024-09-21 17:00:00,150,141,5,1.0,55,0.4520910341610754,0.5026727999238301,0.47767376489038665,0.4691992230131501,0.4606683354058094,0.4563260817125526,liga
27034,La_liga,2024-09-22 12:00:00,2024-09-22 10:00:00,142,159,2,0.0,57,0.062460064069420534,0.06841217767790961,0.06472504583091185,0.06381155603544286,0.06305637340972577,0.06273423749553342,liga
27032,La_liga,2024-09-22 14:15:00,2024-09-22 12:15:00,147,152,4,1.0,57,0.9036602366918732,0.9239190591970959,0.9150610654596586,0.9115372519851004,0.9077343634107939,0.9057026946697926,liga
27037,La_liga,2024-09-22 16:30:00,2024-09-22 14:30:00,154,148,6,1.0,58,0.9565076204968311,0.9528304787437788,0.9550074596794366,0.9555851631849047,0.9560856775384446,0.95630943214355,liga
27036,La_liga,2024-09-22 19:00:00,2024-09-22 17:00:00,145,143,2,0.0,59,0.42758258351678075,0.4149439011684399,0.4209985881251921,0.4231272894192858,0.42532030270795324,0.4264579864889132,liga
27033,La_liga,2024-09-23 19:00:00,2024-09-23 17:00:00,153,239,3,1.0,61,0.11376039157960492,0.14177780971981724,0.12731293287996354,0.12266031053702312,0.11813492394752369,0.11589743087547755,liga
27046,La_liga,2024-09-24 17:00:00,2024-09-24 15:00:00,138,231,3,1.0,62,0.4172852155383012,0.3521311051425447,0.38476941528243364,0.39567734088644313,0.4065315880553619,0.4119977091687049,liga
27050,La_liga,2024-09-24 17:00:00,2024-09-24 15:00:00,146,157,0,0.0,62,0.6606304132082861,0.659974464091919,0.6613779228563144,0.661373938866504,0.6611260348630432,0.6609059949970091,liga
27051,La_liga,2024-09-24 19:00:00,2024-09-24 17:00:00,150,158,5,1.0,62,0.6580152331320637,0.715383121818844,0.6863756191617096,0.6767786808544273,0.6673078021104101,0.6625723981923841,liga
27044,La_liga,2024-09-25 17:00:00,2024-09-25 15:00:00,223,145,0,0.0,65,0.6680188431006032,0.6708883609882074,0.6707153566589114,0.6701284003860718,0.6692375219689514,0.6686622711176633,liga
27043,La_liga,2024-09-25 19:00:00,2024-09-25 17:00:00,148,142,1,0.0,65,0.7210863173802212,0.8077870213089992,0.768092126274987,0.7531555665286028,0.7374569532294679,0.7292368932738138,liga
27042,La_liga,2024-09-26 17:00:00,2024-09-26 15:00:00,141,154,3,1.0,67,0.8631192166978003,0.9293401785385133,0.900501676395984,0.8890045965936493,0.876541422228441,0.8698571816529788,liga
27049,La_liga,2024-09-26 17:00:00,2024-09-26 15:00:00,144,153,2,0.0,67,0.5583559231549676,0.6236761614800409,0.591178735407149,0.5801894107004624,0.5692257809916574,0.5637003095598174,liga
27048,La_liga,2024-09-26 19:00:00,2024-09-26 17:00:00,152,143,1,0.0,67,0.787267253163295,0.7706973470865501,0.778029179963147,0.7809205747257751,0.7840074981661506,0.785639658172335,liga
27057,La_liga,2024-09-27 19:00:00,2024-09-27 17:00:00,231,239,3,1.0,70,0.2687732363331468,0.32213882861666604,0.2962433998181404,0.2871902931094965,0.2780140965772411,0.2733346964935699,liga
27059,La_liga,2024-09-28 12:00:00,2024-09-28 10:00:00,142,158,2,0.0,71,0.2530459993260953,0.3255791986450112,0.28864111660560215,0.27649186233979184,0.2645934321644843,0.25869062776376056,liga
27060,La_liga,2024-09-28 14:15:00,2024-09-28 12:15:00,145,159,2,0.0,71,0.29448016062235194,0.27577841680332227,0.28621340067336837,0.289207043880024,0.29196080614777153,0.2932665933333405,liga
27055,La_liga,2024-09-28 16:30:00,2024-09-28 14:30:00,140,146,3,1.0,72,0.1329329536513759,0.06936414819666216,0.0967684110584614,0.10784060085178997,0.11990186165795169,0.12638758043811885,liga
27056,La_liga,2024-09-28 19:00:00,2024-09-28 17:00:00,157,148,6,1.0,73,0.8768064894312825,0.8508268132007997,0.8671020078583086,0.8710455466135109,0.8742745991320702,0.875643920495422,liga
27054,La_liga,2024-09-29 12:00:00,2024-09-29 10:00:00,152,223,2,0.0,75,0.8795283912685966,0.7968911992041319,0.8453194060274529,0.8581992977897566,0.8695704349019632,0.8747879018996664,liga
27052,La_liga,2024-09-29 14:15:00,2024-09-29 12:15:00,147,138,2,0.0,75,0.5971758495149248,0.6378888190341543,0.6171291979900434,0.6103555107031591,0.6036956445428625,0.6003718908813518,liga
27061,La_liga,2024-09-29 16:30:00,2024-09-29 14:30:00,153,141,1,0.0,76,0.476055453039522,0.622692768615236,0.5539158700190815,0.5287355415141567,0.5027087512345646,0.48926289655702976,liga
27053,La_liga,2024-09-29 19:00:00,2024-09-29 17:00:00,143,150,2,0.0,77,0.33659441327404266,0.3507870184916531,0.34168122080225766,0.3395091041756302,0.33780809339128315,0.3371312245010305,liga
27058,La_liga,2024-09-30 19:00:00,2024-09-30 17:00:00,154,144,4,1.0,79,0.9430350327775275,0.9296347685079217,0.9365038183634887,0.9387366251939281,0.9409180073293582,0.9419998350985883,liga
27065,La_liga,2024-10-04 19:00:00,2024-10-04 17:00:00,159,146,0,0.0,80,0.2524706248811384,0.21830600621401916,0.2326869396184659,0.2386911551233773,0.24529149882403628,0.24885933026647503,liga
27071,La_liga,2024-10-05 12:00:00,2024-10-05 10:00:00,141,239,3,1.0,81,0.31426527327909104,0.44325545533109206,0.37979438911575175,0.3579369804821259,0.3360299343744806,0.3249686880695786,liga
27062,La_liga,2024-10-05 14:15:00,2024-10-05 12:15:00,142,157,2,0.0,81,0.3485687836817177,0.4197890613258841,0.3849573494376777,0.37290505408375274,0.3607471254367761,0.3545713994283778,liga
27069,La_liga,2024-10-05 16:30:00,2024-10-05 14:30:00,144,152,1,0.0,82,0.9096089465949273,0.8679233616299299,0.8906143234036711,0.8973852059190953,0.9037205114899506,0.9067613096615821,liga
27070,La_liga,2024-10-05 16:30:00,2024-10-05 14:30:00,231,145,3,1.0,82,0.4525490715474482,0.4316959046578041,0.44393113606130263,0.44725259695557945,0.450134202099747,0.45141790557741696,liga
27063,La_liga,2024-10-05 19:00:00,2024-10-05 17:00:00,150,154,2,0.0,83,0.9369113765328623,0.9511270449594286,0.9448007460269459,0.9423482098211753,0.9397186890410735,0.9383180080735619,liga
27066,La_liga,2024-10-06 12:00:00,2024-10-06 10:00:00,223,147,3,1.0,86,0.5709908324247404,0.5609353009175312,0.5677544556568048,0.5692408292207075,0.5703217223250542,0.5707127010450358,liga
27064,La_liga,2024-10-06 14:15:00,2024-10-06 12:15:00,158,148,3,1.0,86,0.915896012174028,0.9475618390315371,0.9339883641414669,0.9284777830287754,0.9224476554426747,0.9191918111202982,liga
27068,La_liga,2024-10-06 16:30:00,2024-10-06 14:30:00,138,153,1,0.0,87,0.3312876471513504,0.3490867403498477,0.3400064436039421,0.33702687800058445,0.33411204185481536,0.3326675561679768,liga
27067,La_liga,2024-10-06 19:00:00,2024-10-06 17:00:00,140,143,2,0.0,88,0.18412851794115473,0.14646374064299905,0.16278092816167183,0.16933207771632783,0.17644839588292002,0.18027088232427535,liga
27078,La_liga,2024-10-18 19:00:00,2024-10-18 17:00:00,158,231,5,1.0,90,0.7177589051502695,0.7002436109296543,0.7114991209050913,0.7142520884161375,0.7163660135430959,0.717167123014965,liga
27072,La_liga,2024-10-19 12:00:00,2024-10-19 10:00:00,147,141,5,1.0,91,0.6246697631156607,0.6978958519619719,0.6694470802679513,0.6563359554173677,0.6413970876452628,0.63313841351365,liga
27079,La_liga,2024-10-19 14:15:00,2024-10-19 12:15:00,157,153,3,1.0,91,0.46596649306527704,0.45885964405174307,0.467072471666573,0.46776992810249957,0.4674039046850626,0.46680918938110477,liga
27076,La_liga,2024-10-19 16:30:00,2024-10-19 14:30:00,223,140,1,0.0,92,0.33508879441168693,0.2897276094324267,0.3096245599080443,0.3175286020354282,0.32603365126124473,0.33055849507830964,liga
27075,La_liga,2024-10-19 19:00:00,2024-10-19 17:00:00,152,150,3,1.0,93,0.7734782594479359,0.6862890210719605,0.7360053402937572,0.7498783984635133,0.7623661470520353,0.7681689038868255,liga
27077,La_liga,2024-10-20 12:00:00,2024-10-20 10:00:00,239,145,1,0.0,95,0.3096089388078899,0.3482730654800851,0.3305850433881643,0.3239252322885658,0.31692116272438176,0.31325084874093717,liga
27073,La_liga,2024-10-20 14:15:00,2024-10-20 12:15:00,143,159,4,1.0,95,0.27523032502019373,0.207338297943211,0.24217488573157045,0.2535008380194961,0.2645443208151786,0.27000955422129747,liga
27080,La_liga,2024-10-20 16:30:00,2024-10-20 14:30:00,154,142,2,0.0,96,0.4881524298771581,0.49006341057227226,0.4912148042208425,0.49066129941761777,0.48963613324931954,0.4889401317967984,liga
27074,La_liga,2024-10-20 19:00:00,2024-10-20 17:00:00,148,138,6,1.0,97,0.8412771779925206,0.7579666274915455,0.8030576654260945,0.8166416766212717,0.8293967781995705,0.8355299812119162,liga
27081,La_liga,2024-10-21 19:00:00,2024-10-21 17:00:00,146,144,5,1.0,99,0.40550521910272713,0.27854527572909005,0.34031876184946197,0.3618509041956351,0.38362929795661316,0.3947144179427775,liga
27091,La_liga,2024-10-25 19:00:00,2024-10-25 17:00:00,141,138,2,0.0,100,0.5673751515800869,0.6960115846880104,0.6330323515322643,0.6111800766413625,0.5892298696769319,0.5781293711346633,liga
27089,La_liga,2024-10-26 12:00:00,2024-10-26 10:00:00,231,154,3,1.0,101,0.824120966042032,0.8061133097606655,0.8160612806580616,0.8189720780330574,0.8216633297736247,0.8229391585382038,liga
27090,La_liga,2024-10-26 14:15:00,2024-10-26 12:15:00,145,158,1,0.0,101,0.6080892881448375,0.5924551089553137,0.6065013539548493,0.6083622848371315,0.6088688998948809,0.6086293740577852,liga
27087,La_liga,2024-10-26 16:30:00,2024-10-26 14:30:00,144,223,1,0.0,102,0.6358469141886136,0.5595270821227176,0.597883158407995,0.6107218225441716,0.6234131769012198,0.6297543028782228,liga
27085,La_liga,2024-10-26 19:00:00,2024-10-26 17:00:00,150,148,4,1.0,103,0.7706341217412526,0.7909877403252382,0.7836392716652583,0.7799592555194873,0.7756249179292275,0.7731769004297797,liga
27086,La_liga,2024-10-27 13:00:00,2024-10-27 11:00:00,159,152,3,1.0,105,0.4955219876452281,0.42086880280465117,0.45409523592061674,0.4672168905444804,0.48109192963482567,0.48834958492054337,liga
27082,La_liga,2024-10-27 15:15:00,2024-10-27 13:15:00,142,146,2,0.0,105,0.21914138233182975,0.2583864366732869,0.23559385214811232,0.22943488299785258,0.22396150105631318,0.2214389503939069,liga
27084,La_liga,2024-10-27 17:30:00,2024-10-27 15:30:00,153,143,1,0.0,106,0.2582653708704723,0.29113260564836196,0.2719230876242041,0.266739908809015,0.2621871720152503,0.2601208505098525,liga
27088,La_liga,2024-10-27 20:00:00,2024-10-27 18:00:00,140,157,2,0.0,107,0.3871552989165125,0.3475948320959547,0.36812144985910195,0.3746951265306629,0.38105359552221796,0.38418071812795523,liga
27083,La_liga,2024-10-28 20:00:00,2024-10-28 18:00:00,239,147,0,0.0,109,0.38694637834698353,0.4589537405584336,0.42806822768841374,0.4152901240702397,0.4015213164262328,0.3942224770010673,liga
27097,La_liga,2024-11-01 20:00:00,2024-11-01 18:00:00,158,239,1,0.0,110,0.36786675954484954,0.3330286692847029,0.36190050629673687,0.36640962292125984,0.3683592416441862,0.3684046896166709,liga
27096,La_liga,2024-11-02 13:00:00,2024-11-02 11:00:00,157,231,1,0.0,111,0.7961317403274067,0.8057596068041183,0.8036855119479476,0.801864319841676,0.7993664157111673,0.7978225226131329,liga
27095,La_liga,2024-11-02 15:15:00,2024-11-02 13:15:00,223,159,7,1.0,111,0.3268238861090275,0.29267068229005255,0.3069133659013515,0.3130537817934682,0.31973511489993156,0.3232863924710343,liga
27093,La_liga,2024-11-03 13:00:00,2024-11-03 11:00:00,143,144,2,0.0,113,0.6418556117168499,0.5441991791611565,0.5925234660747859,0.6090855794040387,0.6255896455885378,0.6338748789558203,liga
27101,La_liga,2024-11-03 15:15:00,2024-11-03 13:15:00,148,141,4,1.0,113,0.9686942444930997,0.9857918401708021,0.9793290734110965,0.9763580754347605,0.9728452528332302,0.9708275055852514,liga
27100,La_liga,2024-11-03 17:30:00,2024-11-03 15:30:00,138,140,2,0.0,114,0.2878439553851839,0.31720378057661097,0.2973330964859743,0.2929036555000515,0.2897207920687167,0.288603430765598,liga
27092,La_liga,2024-11-03 20:00:00,2024-11-03 18:00:00,147,153,2,0.0,115,0.37090436607606425,0.3373246716979308,0.36222924625200087,0.3669903688497804,0.36988060054203087,0.37063071909752004,liga
27094,La_liga,2024-11-04 20:00:00,2024-11-04 18:00:00,152,142,1,0.0,117,0.4335938583062647,0.38878664394757867,0.4095823854304253,0.41752030890616876,0.4256025863410742,0.4296789414774777,liga
27110,La_liga,2024-11-08 20:00:00,2024-11-08 18:00:00,145,144,4,1.0,118,0.5476267782174404,0.4216096953632068,0.48601353158430644,0.5072193235870518,0.5278388095308206,0.5379863051050994,liga
27109,La_liga,2024-11-09 13:00:00,2024-11-09 11:00:00,150,157,4,1.0,119,0.7380381324955262,0.6542653421788032,0.6984066730807538,0.712589765074295,0.7259036585182848,0.7322187024666887,liga
27111,La_liga,2024-11-09 15:15:00,2024-11-09 13:15:00,154,158,3,1.0,119,0.8448775564563158,0.7490227737872568,0.8057050905086458,0.8207365056747229,0.8337774928985022,0.8396411615490205,liga
27105,La_liga,2024-11-09 21:00:00,2024-11-09 19:00:00,159,138,1,0.0,121,0.4848594026203636,0.7078382000923839,0.593519362432933,0.5553667728997264,0.5188537697070238,0.5012604134080407,liga
27103,La_liga,2024-11-10 13:00:00,2024-11-10 11:00:00,153,152,4,1.0,122,0.5421738502799167,0.4481788171434473,0.49390251473958624,0.5101429425614065,0.5263522159400038,0.5344421388439369,liga
27107,La_liga,2024-11-10 15:15:00,2024-11-10 13:15:00,239,143,1,0.0,122,0.17367966559525141,0.14417988048033734,0.16198215827758985,0.16661026964586095,0.1705063149955079,0.17220302559656372,liga
27104,La_liga,2024-11-10 17:30:00,2024-11-10 15:30:00,142,223,1,0.0,123,0.2863952203064457,0.3451316248729704,0.3138642273843483,0.3042612597525922,0.2951069515892727,0.29063703574618743,liga
27106,La_liga,2024-11-10 17:30:00,2024-11-10 15:30:00,231,147,2,0.0,123,0.6163205643030526,0.5879001040803145,0.6127126758486381,0.6163851741506844,0.617594256395773,0.6172579874267657,liga
27108,La_liga,2024-11-10 20:00:00,2024-11-10 18:00:00,140,148,1,0.0,124,0.583869674395739,0.5547285401691949,0.5674649747847527,0.5725663978823105,0.5780518432139026,0.5809628978978207,liga
27113,La_liga,2024-11-22 20:00:00,2024-11-22 18:00:00,142,231,2,0.0,127,0.27905219532048275,0.2515260905681991,0.27174960867734615,0.27577412582521255,0.27822427133638233,0.2788471021623229,liga
27118,La_liga,2024-11-23 13:00:00,2024-11-23 11:00:00,146,153,6,1.0,128,0.3460771707790993,0.4450259772028163,0.3874582177041488,0.3718637052939197,0.3580911677154559,0.35178776875569695,liga
27120,La_liga,2024-11-23 15:15:00,2024-11-23 13:15:00,143,158,3,1.0,128,0.6305774265685993,0.6315301530318167,0.6317449260767888,0.6317145068176662,0.6313641827525285,0.6310256557986029,liga
27115,La_liga,2024-11-23 17:30:00,2024-11-23 15:30:00,144,239,5,1.0,129,0.3475195666401937,0.29592004487267337,0.32339775327724274,0.3322605368023678,0.3403972557934926,0.34414941155488393,liga
27121,La_liga,2024-11-23 17:30:00,2024-11-23 15:30:00,223,141,5,1.0,129,0.6750161901788935,0.7749754256691441,0.7239713481479093,0.7073652309328898,0.6910597349470293,0.6829001740607946,liga
27117,La_liga,2024-11-23 20:00:00,2024-11-23 18:00:00,152,148,4,1.0,130,0.9231515097997953,0.8551264816063545,0.8923151412526865,0.9035142401155762,0.9138320055677399,0.9186857958684681,liga
27114,La_liga,2024-11-24 13:00:00,2024-11-24 11:00:00,157,154,4,1.0,133,0.8328025261668461,0.7373812401097443,0.7878736831604847,0.8039512278962943,0.8190164213378742,0.826176868752517,liga
27119,La_liga,2024-11-24 15:15:00,2024-11-24 13:15:00,138,145,1,0.0,133,0.3932917998225033,0.3615387443752396,0.3772437766357098,0.38241475568155364,0.38773291896150597,0.3905151504577116,liga
27116,La_liga,2024-11-24 17:30:00,2024-11-24 15:30:00,159,150,3,1.0,134,0.5711254013536994,0.7160852304970782,0.650423288949323,0.6248389894792457,0.5982127016323916,0.5845040025407447,liga
27112,La_liga,2024-11-24 20:00:00,2024-11-24 18:00:00,147,140,1,0.0,135,0.29434544167699694,0.21473984505129956,0.2563978653124424,0.26978558950700116,0.2825103795254646,0.2886330965963441,liga
27123,La_liga,2024-11-29 20:00:00,2024-11-29 18:00:00,239,146,3,1.0,137,0.3945411856767315,0.5941683390070841,0.47560266962504105,0.44396379366821903,0.4169897786655908,0.40506656887647086,liga
27122,La_liga,2024-11-30 13:00:00,2024-11-30 11:00:00,148,144,3,1.0,138,0.9664223533195171,0.9495351543358849,0.9576404400553968,0.9606392306781503,0.9636015998862018,0.965054942233083,liga
27124,La_liga,2024-11-30 15:15:00,2024-11-30 13:15:00,158,159,2,0.0,138,0.534936181613135,0.5885703713356588,0.571466028989599,0.5611372874008006,0.5488327825644209,0.5419606382306527,liga
27131,La_liga,2024-11-30 17:30:00,2024-11-30 15:30:00,141,152,4,1.0,139,0.7818523019573909,0.8045076925205884,0.7884818259540256,0.785548326627175,0.7834627482202849,0.7826129120820822,liga
27126,La_liga,2024-11-30 20:00:00,2024-11-30 18:00:00,231,143,5,1.0,140,0.502459161708928,0.4337790669372034,0.4674287945012497,0.47922223350906573,0.4909660886400531,0.49683482389514655,liga
27128,La_liga,2024-12-01 13:00:00,2024-12-01 11:00:00,154,223,4,1.0,142,0.8083542056260087,0.767189224794985,0.783527542052215,0.7910519837584201,0.7993959617820098,0.8038742986428207,liga
27127,La_liga,2024-12-01 15:15:00,2024-12-01 13:15:00,150,142,2,0.0,142,0.38430251017846384,0.3658044473390657,0.3860310707744803,0.3878611032805692,0.387247884089966,0.38603683667118693,liga
27125,La_liga,2024-12-01 17:30:00,2024-12-01 15:30:00,145,147,3,1.0,143,0.36025434659394934,0.23222849801420165,0.2975723050022711,0.3194758713289133,0.34054388254034695,0.35073389945548733,liga
27130,La_liga,2024-12-01 20:00:00,2024-12-01 18:00:00,140,153,2,0.0,144,0.2235098982771509,0.27340966280057694,0.24866643550544798,0.2400011176555097,0.23154523668221086,0.22740844675262872,liga
27129,La_liga,2024-12-02 20:00:00,2024-12-02 18:00:00,138,157,2,0.0,146,0.5459984716229195,0.44902296228541955,0.5004589139412161,0.5166221319486926,0.5318668068715223,0.5391784228544164,liga
27167,La_liga,2024-12-03 18:00:00,2024-12-03 16:00:00,239,148,6,1.0,147,0.582192637088173,0.6271761275855494,0.6048484278583802,0.5975297121677835,0.5900277024669403,0.5861067122614674,liga
27162,La_liga,2024-12-04 20:00:00,2024-12-04 18:00:00,147,150,3,1.0,148,0.5033130320156824,0.3641169405259973,0.4469203877743544,0.46968920910648754,0.4886386028112355,0.496626852765289,liga
27136,La_liga,2024-12-06 20:00:00,2024-12-06 18:00:00,152,239,2,0.0,149,0.6024704554886424,0.6929026286013671,0.6415508311416543,0.6267094593503091,0.6136158129404281,0.6077158855352373,liga
27138,La_liga,2024-12-07 13:00:00,2024-12-07 11:00:00,144,231,3,1.0,150,0.7300371132130683,0.7740843255943968,0.749491255427856,0.7423737813918768,0.7358875807422365,0.7328434091600543,liga
27139,La_liga,2024-12-07 15:15:00,2024-12-07 13:15:00,153,148,4,1.0,150,0.7471798759654372,0.8320668766691524,0.7948496462821761,0.7799424238127893,0.7639731210798762,0.755546550824099,liga
27140,La_liga,2024-12-07 17:30:00,2024-12-07 15:30:00,146,145,1,0.0,151,0.4307404582412678,0.5454162077915956,0.4779218529179237,0.4588962645431966,0.44301899794710603,0.43633008927666833,liga
27137,La_liga,2024-12-07 20:00:00,2024-12-07 18:00:00,223,150,3,1.0,152,0.6573805099024008,0.6754791059167231,0.6702897600552813,0.6667958571993033,0.6624592307689311,0.6599702244295144,liga
27133,La_liga,2024-12-08 13:00:00,2024-12-08 11:00:00,159,140,3,1.0,154,0.20709972461835185,0.22265635781706847,0.21788044300943163,0.21484782909089303,0.2111970761848213,0.2091626227353821,liga
27134,La_liga,2024-12-08 15:15:00,2024-12-08 13:15:00,147,154,2,0.0,154,0.737196767744454,0.6219474699111911,0.676933578985538,0.6976202263431348,0.7180053383783344,0.7279321843498324,liga
27141,La_liga,2024-12-08 17:30:00,2024-12-08 15:30:00,157,158,4,1.0,155,0.6649452018737244,0.5195095142792068,0.5991109993557484,0.623726556122847,0.6458998763374277,0.6559779130765416,liga
27135,La_liga,2024-12-08 20:00:00,2024-12-08 18:00:00,143,138,7,1.0,156,0.4705762538598863,0.4153817575248986,0.4427008242604475,0.45176990226040875,0.46101159618834364,0.4658096363577361,liga
27132,La_liga,2024-12-09 20:00:00,2024-12-09 18:00:00,142,141,1,0.0,158,0.3103532065025396,0.3737574034677344,0.35022399658787184,0.33895934301262093,0.32566631624045667,0.3181499422161925,liga
27147,La_liga,2024-12-13 20:00:00,2024-12-13 18:00:00,231,146,1,0.0,159,0.46898729056694655,0.523941640279093,0.5024007212177869,0.4919966406874416,0.48070512049118136,0.47479172961039656,liga
27150,La_liga,2024-12-14 13:00:00,2024-12-14 11:00:00,141,157,0,0.0,160,0.6776508648287206,0.6822727138357,0.6897912903627454,0.6882356806482826,0.6842472665777672,0.6812383159104164,liga
27146,La_liga,2024-12-14 15:15:00,2024-12-14 13:15:00,239,223,3,1.0,160,0.4730142428285688,0.6379825308165469,0.5578453989445463,0.5288933292336485,0.5003258693898205,0.4862781129709432,liga
27145,La_liga,2024-12-14 17:30:00,2024-12-14 15:30:00,138,152,1,0.0,161,0.6791108544034522,0.6740266852642458,0.6606976814946129,0.6631958588833105,0.6694203632614582,0.6739260758961202,liga
27144,La_liga,2024-12-14 20:00:00,2024-12-14 18:00:00,145,150,6,1.0,162,0.46556394896035275,0.4092438964053396,0.4402457630144394,0.44969565635497166,0.4582340061615327,0.46211727676794934,liga
27142,La_liga,2024-12-15 13:00:00,2024-12-15 11:00:00,143,142,1,0.0,164,0.2898459652988131,0.38692077457089274,0.3378336643527295,0.32116114734457785,0.30502789367956995,0.2971907289052179,liga
27149,La_liga,2024-12-15 15:15:00,2024-12-15 13:15:00,158,147,2,0.0,164,0.5641953744876071,0.5126479319048042,0.538080898730799,0.5474640480770464,0.5563705326449524,0.5605079435037673,liga
27148,La_liga,2024-12-15 17:30:00,2024-12-15 15:30:00,154,153,3,1.0,165,0.712096315046983,0.7496738302262405,0.7330143295395074,0.7263404918913545,0.7193176595231999,0.7156723599248838,liga
27151,La_liga,2024-12-15 17:30:00,2024-12-15 15:30:00,140,144,0,0.0,165,0.4338417510182352,0.4370197818151746,0.43397393119873506,0.43359477217380776,0.4335272530695487,0.4336322110766082,liga
27143,La_liga,2024-12-15 20:00:00,2024-12-15 18:00:00,148,159,1,0.0,166,0.8746381606477125,0.8921808738876039,0.8866153388401947,0.8835152953652551,0.8795563993664491,0.8771880861017344,liga
27098,La_liga,2024-12-18 20:30:00,2024-12-18 18:30:00,154,145,2,0.0,169,0.686394513946083,0.6778811912210603,0.670742936650447,0.6733384359003529,0.6786114467151123,0.682261432085345,liga
27102,La_liga,2024-12-18 20:30:00,2024-12-18 18:30:00,141,146,2,0.0,169,0.4827403046376124,0.40361904162684537,0.46533894931389,0.47606035932090496,0.4816999574065817,0.48276084727263213,liga
27156,La_liga,2024-12-20 20:00:00,2024-12-20 18:00:00,223,231,3,1.0,171,0.6810366215060526,0.6520670085226323,0.6676148959506897,0.6721550100977552,0.6765874384026875,0.6788340867530808,liga
27155,La_liga,2024-12-21 13:00:00,2024-12-21 11:00:00,142,239,1,0.0,172,0.16610092809171942,0.2304724842808962,0.20454048590551827,0.19278621815398198,0.17982751107649372,0.17293448531371747,liga
27154,La_liga,2024-12-21 15:15:00,2024-12-21 13:15:00,152,140,2,0.0,172,0.36565948652482116,0.23526922731746777,0.28652215050931373,0.3093526662649212,0.33571268039187724,0.35045335425042623,liga
27159,La_liga,2024-12-21 17:30:00,2024-12-21 15:30:00,157,147,3,1.0,173,0.546325664919181,0.42201477961830636,0.4819450683623726,0.5039425495646496,0.5257219510931499,0.5363726371899251,liga
27160,La_liga,2024-12-21 20:00:00,2024-12-21 18:00:00,148,143,3,1.0,174,0.6604688934942095,0.7439357984504502,0.7007989069577258,0.686249546925052,0.6726131306026182,0.6662389602931907,liga
27161,La_liga,2024-12-22 13:00:00,2024-12-22 11:00:00,146,158,4,1.0,176,0.5170244466570322,0.46860907934522805,0.49916938828149426,0.5067009985522113,0.5126116883866598,0.5150201383393819,liga
27157,La_liga,2024-12-22 15:15:00,2024-12-22 13:15:00,150,138,6,1.0,176,0.7197950684352475,0.7588042841799191,0.736839177024378,0.7304707568561026,0.7247604163535973,0.722146323660747,liga
27152,La_liga,2024-12-22 17:30:00,2024-12-22 15:30:00,144,141,1,0.0,177,0.6522700193919168,0.5176315113457103,0.6071619209397253,0.6279128136547513,0.6429972356520721,0.6484186053944503,liga
27158,La_liga,2024-12-22 17:30:00,2024-12-22 15:30:00,159,154,7,1.0,177,0.6263310682663007,0.5410881842303928,0.5926689894570207,0.6063294516699543,0.6176079525936377,0.6223522498464823,liga
27153,La_liga,2024-12-22 20:00:00,2024-12-22 18:00:00,153,145,2,0.0,178,0.43983202963531665,0.6091385480300272,0.525832427056684,0.4963010159821949,0.4673455105952755,0.4531716304268665,liga
27099,La_liga,2025-01-03 20:00:00,2025-01-03 18:00:00,146,150,3,1.0,181,0.6921891079019394,0.768490602991714,0.7345823946672434,0.7209425139582197,0.7066127643248271,0.6992707501895065,liga
27169,La_liga,2025-01-10 20:00:00,2025-01-10 18:00:00,145,152,3,1.0,182,0.5795605837088342,0.45239323374590185,0.5043060438757149,0.5268408303343385,0.552078918096205,0.5657715411396076,liga
27166,La_liga,2025-01-11 13:00:00,2025-01-11 11:00:00,158,223,1,0.0,183,0.6618613991403471,0.6934300557703827,0.6759288942561201,0.670505825059228,0.6657458088726196,0.6636586112855535,liga
27168,La_liga,2025-01-11 15:15:00,2025-01-11 13:15:00,231,153,1,0.0,183,0.4854940458950991,0.5276876291683931,0.5175515141525919,0.5095034721906168,0.4988025634706781,0.4923723376308788,liga
27171,La_liga,2025-01-11 17:30:00,2025-01-11 15:30:00,141,159,2,0.0,184,0.46792684510352855,0.4578565727081851,0.48533737913093483,0.48559314319784397,0.47986362427052054,0.47457838976519606,liga
27165,La_liga,2025-01-11 20:00:00,2025-01-11 18:00:00,138,146,2,0.0,185,0.5253417240378323,0.6533401283754728,0.5868673866704143,0.5646365866068731,0.54377281794094,0.5340614220657043,liga
27170,La_liga,2025-01-12 13:00:00,2025-01-12 11:00:00,144,142,3,1.0,187,0.2553381363187275,0.16492679616076777,0.21186107096630602,0.22768333655652864,0.24241871380560334,0.24923481436480888,liga
27163,La_liga,2025-01-12 15:15:00,2025-01-12 13:15:00,143,157,1,0.0,187,0.6507809819032879,0.676102428852152,0.6610363520179328,0.656701004726059,0.6531896460595865,0.6518157012917009,liga
27164,La_liga,2025-01-13 20:00:00,2025-01-13 18:00:00,140,154,1,0.0,189,0.4568239595589823,0.41295043654054886,0.4207991176559724,0.4297539854317712,0.44188414064796494,0.4491379570369832,liga
27172,La_liga,2025-01-17 20:00:00,2025-01-17 18:00:00,141,231,3,1.0,190,0.4772331102727566,0.30357892278563914,0.39525017402521245,0.42618449370314626,0.4541374801923072,0.46655181569767246,liga
27173,La_liga,2025-01-18 13:00:00,2025-01-18 11:00:00,223,138,3,1.0,191,0.618783213594977,0.6665446331951854,0.6514142239845481,0.6413102858093319,0.6300476464380532,0.6242632815256967,liga
27176,La_liga,2025-01-18 15:15:00,2025-01-18 13:15:00,159,143,1,0.0,191,0.5054004602411707,0.6639347887832481,0.6107651879344688,0.5799244455310493,0.5441234569751268,0.524712802888331,liga
27181,La_liga,2025-01-18 17:30:00,2025-01-18 15:30:00,153,158,4,1.0,192,0.5314681983363283,0.4536718284291386,0.5133361913878317,0.5245440903632057,0.5306437090699646,0.5317204183270849,liga
27177,La_liga,2025-01-18 20:00:00,2025-01-18 18:00:00,142,148,2,0.0,193,0.46380338338012883,0.46242557102000253,0.4546949024048138,0.45704072215147307,0.46043303308635886,0.4622103547741812,liga
27175,La_liga,2025-01-19 13:00:00,2025-01-19 11:00:00,152,147,3,1.0,195,0.6089697767508658,0.48152362716848457,0.5252061047989135,0.5495796002264629,0.5779376487555421,0.5934308587376488,liga
27180,La_liga,2025-01-19 15:15:00,2025-01-19 13:15:00,150,144,5,1.0,195,0.8091172579453154,0.7517480573327354,0.775089831441158,0.7861358024597239,0.797716266092255,0.8035590876104005,liga
27174,La_liga,2025-01-19 17:30:00,2025-01-19 15:30:00,157,145,2,0.0,196,0.5006444834789234,0.41881002709309156,0.45850538135832486,0.4725618819950564,0.4867016711271425,0.4938122842102292,liga
27179,La_liga,2025-01-19 20:00:00,2025-01-19 18:00:00,146,140,1,0.0,197,0.23750677216815702,0.2012261034920758,0.22160731921461382,0.22759741939588002,0.23291234198300084,0.23532815770573817,liga
27178,La_liga,2025-01-20 20:00:00,2025-01-20 18:00:00,154,239,4,1.0,199,0.620345253471319,0.6317506000345208,0.6323921227953112,0.6294839405572291,0.6254075483553432,0.6229546028383307,liga
27185,La_liga,2025-01-24 20:00:00,2025-01-24 18:00:00,144,157,2,0.0,200,0.645058501219585,0.5099635417519996,0.5686305034440773,0.5934924470300433,0.619417521934384,0.6325351906874319,liga
27187,La_liga,2025-01-25 13:00:00,2025-01-25 11:00:00,239,153,1,0.0,201,0.40000877801987705,0.5790097558691298,0.512177970496043,0.47844696112012586,0.44045023139678297,0.42012619333421003,liga
27183,La_liga,2025-01-25 15:15:00,2025-01-25 13:15:00,143,154,2,0.0,201,0.6918739735049892,0.5535744307787389,0.6310219342941292,0.6532164483239467,0.6734729570644513,0.6830230514006366,liga
27191,La_liga,2025-01-25 17:30:00,2025-01-25 15:30:00,138,141,2,0.0,202,0.551610300163686,0.5666922277332045,0.5649306315433373,0.5625817074546672,0.5582847891846283,0.5552153458252527,liga
27190,La_liga,2025-01-25 20:00:00,2025-01-25 18:00:00,231,150,3,1.0,203,0.7940124215944873,0.8367476571932441,0.8185849679610291,0.8110961977422504,0.802873210202249,0.7984529558778647,liga
27189,La_liga,2025-01-26 13:00:00,2025-01-26 11:00:00,145,223,3,1.0,205,0.5220629759937998,0.5365873347272092,0.5337738876146818,0.5299335902611264,0.5257257161727318,0.523745347139938,liga
27188,La_liga,2025-01-26 15:15:00,2025-01-26 13:15:00,140,142,3,1.0,205,0.09685998297434485,0.08585283361135826,0.0908476161137962,0.09298143937844115,0.09505807732264172,0.09601858749254977,liga
27182,La_liga,2025-01-26 17:30:00,2025-01-26 15:30:00,147,159,0,0.0,206,0.5461135514585964,0.567860352292612,0.5719948882920769,0.5670420604804265,0.5584333409661527,0.5526456656655816,liga
27184,La_liga,2025-01-26 20:00:00,2025-01-26 18:00:00,148,146,8,1.0,207,0.8257099598205789,0.5716577985141297,0.7043073062957723,0.7480303195800261,0.7889940257551424,0.8082129057157458,liga
27186,La_liga,2025-01-27 20:00:00,2025-01-27 18:00:00,158,152,2,0.0,209,0.7085583200289485,0.6269000491005484,0.6445082435459971,0.6614221305261114,0.6832561723826155,0.6957625864112974,liga
27197,La_liga,2025-01-31 20:00:00,2025-01-31 18:00:00,159,145,1,0.0,210,0.3980868265763204,0.37500414075443056,0.41348521273326744,0.41401472431099146,0.4085152296081725,0.40375384045802637,liga
27193,La_liga,2025-02-01 13:00:00,2025-02-01 11:00:00,142,138,0,0.0,211,0.28196716449587067,0.433900668766537,0.35960491039091286,0.3324020371365997,0.30610619558038243,0.2935357194258623,liga
27196,La_liga,2025-02-01 15:15:00,2025-02-01 13:15:00,154,231,6,1.0,211,0.8179115664756669,0.7362427561130287,0.7650869471163403,0.7807972230598927,0.7987673684991456,0.8084018175965764,liga
27192,La_liga,2025-02-01 17:30:00,2025-02-01 15:30:00,143,239,2,0.0,212,0.45631395970606053,0.5307019917659944,0.5261642797665944,0.5091980220053804,0.48531008667854814,0.47110682955921873,liga
27201,La_liga,2025-02-01 20:00:00,2025-02-01 18:00:00,141,150,1,0.0,213,0.7272446922269439,0.7047926368355918,0.7297483874481725,0.7334932853226646,0.7329535936268637,0.730745128010859,liga
27200,La_liga,2025-02-02 13:00:00,2025-02-02 11:00:00,148,158,1,0.0,215,0.9108031131653511,0.8966087411919832,0.8912938838946627,0.8957576491405698,0.9026657657730511,0.9067223318607768,liga
27199,La_liga,2025-02-02 15:15:00,2025-02-02 13:15:00,146,152,3,1.0,215,0.6591934834776962,0.6855729794427766,0.6557278054489545,0.6525240128151649,0.6536338509365469,0.6559001434689721,liga
27195,La_liga,2025-02-02 17:30:00,2025-02-02 15:30:00,157,140,3,1.0,216,0.28807400263123784,0.22369619016003112,0.24360887437448225,0.25602195072979156,0.2709923865830673,0.2794222224900754,liga
27198,La_liga,2025-02-02 20:00:00,2025-02-02 18:00:00,153,147,4,1.0,217,0.4209425935802538,0.3688537028648644,0.4132896750790335,0.4203046619815084,0.4228013051469008,0.4223796878839042,liga
27194,La_liga,2025-02-03 20:00:00,2025-02-03 18:00:00,223,144,3,1.0,219,0.6928364308003906,0.6976714387839597,0.6857122255168179,0.6856529265039636,0.6880571880962,0.6901997819965243,liga
27211,La_liga,2025-02-07 20:00:00,2025-02-07 18:00:00,145,231,1,0.0,220,0.6042704043957806,0.7640688002098575,0.670293521437614,0.6428654080143044,0.6204778595827242,0.6114535555877305,liga
27207,La_liga,2025-02-08 13:00:00,2025-02-08 11:00:00,152,153,5,1.0,221,0.6243369106546799,0.6339757481639582,0.6183589019979749,0.617998603881385,0.6201484017396668,0.6220585363536165,liga
27209,La_liga,2025-02-08 15:15:00,2025-02-08 13:15:00,147,223,3,1.0,221,0.5922135410705125,0.6166900241571514,0.5942751554698272,0.5914323678165766,0.5909153554423303,0.5913911565229306,liga
27203,La_liga,2025-02-08 17:30:00,2025-02-08 15:30:00,144,154,3,1.0,222,0.8129916706117128,0.8316063681977315,0.8027918369552366,0.8011772610336245,0.8047457695784754,0.8084065201187562,liga
27205,La_liga,2025-02-08 20:00:00,2025-02-08 18:00:00,150,143,2,0.0,223,0.5095211667202452,0.5115863800380047,0.5346017548400794,0.5318298817958517,0.5232395798268699,0.5168524772724631,liga
27204,La_liga,2025-02-09 13:00:00,2025-02-09 11:00:00,158,142,1,0.0,225,0.2723799692283237,0.24676958775161995,0.2661169657571045,0.2696886769487688,0.27174168293201484,0.2722345251874162,liga
27208,La_liga,2025-02-09 15:15:00,2025-02-09 13:15:00,146,159,2,0.0,225,0.4570601975789853,0.4743608365503313,0.49754704964190427,0.49144621358481555,0.477591439949955,0.4679041508468321,liga
27202,La_liga,2025-02-09 17:30:00,2025-02-09 15:30:00,140,141,3,1.0,226,0.2913779404215657,0.24757254059465073,0.2584277762374675,0.2685123604844834,0.2801419693879284,0.286016453826711,liga
27206,La_liga,2025-02-09 20:00:00,2025-02-09 18:00:00,138,148,5,1.0,227,0.7745330627414381,0.6779089013466448,0.7352641758664495,0.7502845700551796,0.7633566409027733,0.7692542097333248,liga
27210,La_liga,2025-02-10 20:00:00,2025-02-10 18:00:00,239,157,2,0.0,229,0.43692810173608226,0.3901812627766771,0.41742062225100013,0.4259236316038228,0.4326877652427933,0.43519165585280345,liga
27213,La_liga,2025-02-14 20:00:00,2025-02-14 18:00:00,223,142,3,1.0,230,0.28731811973851806,0.3022543773214747,0.2964166867712198,0.29389018539708966,0.2909012682354943,0.2891654879026028,liga
27219,La_liga,2025-02-15 13:00:00,2025-02-15 11:00:00,159,158,6,1.0,231,0.4358638490307362,0.2102009579529452,0.33379528950098236,0.3745641382639977,0.4095350945271554,0.4240867975283457,liga
27220,La_liga,2025-02-15 15:15:00,2025-02-15 13:15:00,157,150,2,0.0,231,0.6860576978481555,0.5552645077190546,0.627472239014965,0.6502506140822402,0.6701849283650669,0.6787967773505241,liga
27212,La_liga,2025-02-15 17:30:00,2025-02-15 15:30:00,143,152,2,0.0,232,0.6557297702752041,0.5709704789807007,0.6028246252587053,0.6180141680697523,0.6357858201752754,0.6456679988018984,liga
27216,La_liga,2025-02-15 20:00:00,2025-02-15 18:00:00,154,146,2,0.0,233,0.8120071215357897,0.86284977473848,0.8357187704636933,0.8260281288441206,0.8177151882860358,0.8144243232016908,liga
27221,La_liga,2025-02-16 13:00:00,2025-02-16 11:00:00,141,147,2,0.0,235,0.4947020782262106,0.4080574643540815,0.4443842573060139,0.46206536417135463,0.47968129953543465,0.4877767668133773,liga
27215,La_liga,2025-02-16 15:15:00,2025-02-16 13:15:00,231,138,4,1.0,235,0.5056761671484147,0.5165284343068106,0.5196827868669947,0.5166731673101156,0.5118512444524662,0.5088558245011923,liga
27217,La_liga,2025-02-16 17:30:00,2025-02-16 15:30:00,239,144,4,1.0,236,0.4830009598884177,0.4543493618068088,0.48266982178363227,0.4858655212568355,0.4857498527728558,0.4846310449315363,liga
27218,La_liga,2025-02-16 20:00:00,2025-02-16 18:00:00,153,140,3,1.0,237,0.2948455367256587,0.4977807698113309,0.3953304500861906,0.3594026786387508,0.32529690584367704,0.3093064788201052,liga
27214,La_liga,2025-02-17 20:00:00,2025-02-17 18:00:00,148,145,1,0.0,239,0.7376843397590551,0.5918865439714556,0.6681983123491142,0.6920968019993533,0.7153756141270797,0.7268395819504729,liga
27223,La_liga,2025-02-21 20:00:00,2025-02-21 18:00:00,152,157,1,0.0,240,0.6707869992876718,0.5124350436491778,0.5588579590061152,0.5890024528715666,0.627008446313097,0.6486784157957074,liga
27231,La_liga,2025-02-22 13:00:00,2025-02-22 11:00:00,158,141,1,0.0,241,0.55662125160298,0.4807165322936106,0.5045555137898915,0.5206281551654283,0.5387567425568299,0.5480047391810665,liga
27224,La_liga,2025-02-22 15:15:00,2025-02-22 13:15:00,145,154,1,0.0,241,0.6207445256108528,0.4533621885815613,0.538357135432561,0.5666286382720404,0.5941856846316209,0.6077873763578162,liga
27225,La_liga,2025-02-22 17:30:00,2025-02-22 15:30:00,146,143,3,1.0,242,0.4995216529563746,0.4811401102463052,0.5039635446096162,0.5060490448167211,0.5044013121410925,0.5022643275401617,liga
27226,La_liga,2025-02-22 20:00:00,2025-02-22 18:00:00,144,148,2,0.0,243,0.8595936482196902,0.8499925639931873,0.8410749822439337,0.8438088783502397,0.8501759690712599,0.8546338287563147,liga
27222,La_liga,2025-02-23 13:00:00,2025-02-23 11:00:00,147,231,8,1.0,245,0.7128616543472267,0.7629629698055732,0.7321483937048924,0.7231771637417332,0.7165997661285572,0.7143543903542677,liga
27228,La_liga,2025-02-23 15:15:00,2025-02-23 13:15:00,150,223,2,0.0,245,0.773006314391309,0.7326069634061061,0.7674985975458104,0.7726890442843098,0.7744202228928885,0.7740641775996886,liga
27227,La_liga,2025-02-23 17:30:00,2025-02-23 15:30:00,142,153,3,1.0,246,0.26359277901103495,0.4159926647455734,0.35607316108573234,0.32715972910997604,0.29565495495001587,0.27934043207101134,liga
27230,La_liga,2025-02-23 20:00:00,2025-02-23 18:00:00,140,159,3,1.0,247,0.2904816198549183,0.40294979179473184,0.3471519264995599,0.32832381540862804,0.3093168097982353,0.2997167677340231,liga
27229,La_liga,2025-02-24 20:00:00,2025-02-24 18:00:00,138,239,2,0.0,249,0.4666689644429513,0.6798181764431815,0.5936221081684894,0.5540794538642319,0.510905710973087,0.4884341709263324,liga
27239,La_liga,2025-02-28 20:00:00,2025-02-28 18:00:00,231,144,2,0.0,250,0.6182819136156652,0.6500633294898697,0.6367232862028823,0.6304352959152437,0.6239839575362164,0.6209448284599939,liga
27237,La_liga,2025-03-01 13:00:00,2025-03-01 11:00:00,223,152,4,1.0,251,0.6917682985423795,0.5655216846154537,0.6146787418771817,0.6372913393635369,0.6632852499137729,0.6774976070407374,liga
27235,La_liga,2025-03-01 15:15:00,2025-03-01 13:15:00,145,138,2,0.0,251,0.446121032370815,0.35201241390159865,0.41218307283391253,0.42718179696262565,0.4384135664104235,0.4427133257892493,liga
27233,La_liga,2025-03-01 17:30:00,2025-03-01 15:30:00,153,150,3,1.0,252,0.636918163336382,0.6415825559366081,0.673653141290696,0.6707762057837134,0.6586165208617815,0.6487730332733755,liga
27236,La_liga,2025-03-01 20:00:00,2025-03-01 18:00:00,143,147,1,0.0,253,0.4113746227735599,0.46051661186352805,0.4273293885380913,0.418948457420638,0.41343574685793677,0.41194614588668016,liga
27238,La_liga,2025-03-02 13:00:00,2025-03-02 11:00:00,159,142,1,0.0,255,0.23793902758174967,0.40547136727053196,0.3247832744095327,0.2954474786179652,0.26612268311341836,0.25162467346905004,liga
27232,La_liga,2025-03-02 15:15:00,2025-03-02 13:15:00,148,140,4,1.0,255,0.6128942272769866,0.6895642158535701,0.6470002832644935,0.6313712424586164,0.6190488945130521,0.614998774270149,liga
27240,La_liga,2025-03-02 17:30:00,2025-03-02 15:30:00,239,158,2,0.0,256,0.4738984083063942,0.5061630903378017,0.4954861176611394,0.49023775262884317,0.4831924788419366,0.4787840804410916,liga
27234,La_liga,2025-03-02 20:00:00,2025-03-02 18:00:00,157,146,6,1.0,257,0.5694660341957368,0.48923379492849367,0.5235896353345583,0.5383891225454384,0.5539766312180856,0.5618911106502956,liga
27246,La_liga,2025-03-08 13:00:00,2025-03-08 11:00:00,152,159,3,1.0,259,0.6167928299114248,0.6008815286654847,0.5953971972476637,0.5990816395039844,0.6063664364099964,0.611320812151241,liga
27249,La_liga,2025-03-08 15:15:00,2025-03-08 13:15:00,158,154,1,0.0,259,0.7350234471049384,0.5629779453394713,0.6427673249459968,0.6733907646096671,0.7046506740453274,0.7202584122940244,liga
27248,La_liga,2025-03-08 17:30:00,2025-03-08 15:30:00,146,231,3,1.0,260,0.6491071234442258,0.8857429874521294,0.7916627564572731,0.7473957947018078,0.698756692778875,0.6734716480359274,liga
27250,La_liga,2025-03-09 13:00:00,2025-03-09 11:00:00,142,143,3,1.0,262,0.19732761471216467,0.19594104015458447,0.20234924795098128,0.20257634110007172,0.20097364467929116,0.1993787497759358,liga
27251,La_liga,2025-03-09 15:15:00,2025-03-09 13:15:00,150,145,3,1.0,262,0.5798739754846789,0.411801712396679,0.5023510440373257,0.5325801169526502,0.5590656381372401,0.5704071752614914,liga
27243,La_liga,2025-03-09 17:30:00,2025-03-09 15:30:00,147,239,2,0.0,263,0.5207562916171331,0.7248112216439572,0.6495262965820228,0.6107466835039032,0.5668399615439103,0.5435426948872367,liga
27245,La_liga,2025-03-09 17:30:00,2025-03-09 15:30:00,153,144,1,0.0,263,0.652543844580644,0.8027887359692135,0.734630675230749,0.707415457643645,0.6796447770819577,0.6657523313836377,liga
27247,La_liga,2025-03-09 20:00:00,2025-03-09 18:00:00,140,138,1,0.0,264,0.37398301282802426,0.5953716027928357,0.4930906838431179,0.4514614662052129,0.41049876570776583,0.3912195175982508,liga
27242,La_liga,2025-03-10 20:00:00,2025-03-10 18:00:00,141,223,2,0.0,267,0.5568561894932244,0.5339756874117297,0.5334756308836963,0.5400411426032642,0.5485905970727835,0.5529752077047292,liga
27260,La_liga,2025-03-14 20:00:00,2025-03-14 18:00:00,144,158,4,1.0,268,0.5986739671738815,0.40174294615822165,0.48968937910040855,0.5254449278381278,0.5626291098545995,0.58122194240722,liga
27257,La_liga,2025-03-15 13:00:00,2025-03-15 11:00:00,231,152,1,0.0,269,0.7038182714282033,0.7930924471952173,0.7350692690448525,0.717690787371596,0.7063945304092206,0.7039064024768446,liga
27261,La_liga,2025-03-15 15:15:00,2025-03-15 13:15:00,239,141,3,1.0,269,0.4017000068627351,0.3463402111779981,0.37993409883781826,0.3907641801139193,0.3986538800754706,0.40090861902188185,liga
27259,La_liga,2025-03-15 17:30:00,2025-03-15 15:30:00,154,150,3,1.0,270,0.769034032529792,0.5700714750947721,0.6736580030389046,0.7088586090193337,0.741328801075175,0.7560718287939517,liga
27253,La_liga,2025-03-15 20:00:00,2025-03-15 18:00:00,223,146,2,0.0,271,0.6710250226869051,0.7730262490182555,0.7325897774591676,0.7137704800738636,0.6927196520503591,0.6816657585433255,liga
27256,La_liga,2025-03-16 13:00:00,2025-03-16 11:00:00,159,153,5,1.0,273,0.47491572625215694,0.5809280886584286,0.5562974276597623,0.5368746072547829,0.5096995568784491,0.49294360066454657,liga
27255,La_liga,2025-03-16 15:15:00,2025-03-16 13:15:00,138,147,1,0.0,273,0.5239445410072358,0.5329255689836928,0.5412045413746244,0.5379402991469227,0.5319019249122703,0.5280375559827103,liga
27254,La_liga,2025-03-16 17:30:00,2025-03-16 15:30:00,145,140,4,1.0,274,0.27381787267226426,0.3491637873146395,0.3229258735189836,0.3070920945363359,0.28985382556269246,0.28140185981349286,liga
27258,La_liga,2025-03-16 17:30:00,2025-03-16 15:30:00,157,142,3,1.0,274,0.3052687500362727,0.4128775417829853,0.3460137254749371,0.328553685037767,0.31491675817215936,0.3095460932659152,liga
27252,La_liga,2025-03-16 20:00:00,2025-03-16 18:00:00,143,148,6,1.0,275,0.569129315938383,0.42042350443432536,0.4908164077853737,0.5193404357567429,0.5463264736721427,0.5585388297761515,liga
27244,La_liga,2025-03-27 20:00:00,2025-03-27 18:00:00,148,157,3,1.0,278,0.863535708858232,0.8570637560415368,0.833817447096413,0.8366861260527042,0.8470502056226125,0.8548133863265033,liga
27265,La_liga,2025-03-29 13:00:00,2025-03-29 11:00:00,140,231,3,1.0,279,0.4581616597387914,0.5847842025944288,0.5369749489368489,0.5121876807073921,0.4849950060539495,0.47115332024152273,liga
27262,La_liga,2025-03-29 15:15:00,2025-03-29 13:15:00,141,143,2,0.0,279,0.47038216740326466,0.4673715273567297,0.4466256863947416,0.45137140194853864,0.4604124999569683,0.46560029703463085,liga
27266,La_liga,2025-03-29 17:30:00,2025-03-29 15:30:00,158,145,2,0.0,280,0.46016921859329046,0.4278432918980965,0.42621627924591,0.4341508975494379,0.44591795334257045,0.4529405857832029,liga
27268,La_liga,2025-03-29 20:00:00,2025-03-29 18:00:00,150,159,5,1.0,281,0.7438851537871689,0.7598349670039503,0.7611107897605157,0.7596764276885024,0.7544715582600799,0.7498517273663934,liga
27264,La_liga,2025-03-30 13:00:00,2025-03-30 11:00:00,142,154,3,1.0,283,0.4215290443424206,0.39938973231189245,0.4105941675875471,0.4147245613752041,0.41847752641095015,0.42012429476823065,liga
27270,La_liga,2025-03-30 15:15:00,2025-03-30 13:15:00,148,223,5,1.0,283,0.8705413229238563,0.8481768444186935,0.8534580721625528,0.8570205040058624,0.8627511358384152,0.8664819414202262,liga
27267,La_liga,2025-03-30 17:30:00,2025-03-30 15:30:00,146,239,1,0.0,284,0.4720285202739019,0.5942461977188312,0.5690885184359205,0.5454750428937452,0.5125723317198081,0.4927727260613653,liga
27269,La_liga,2025-03-30 17:30:00,2025-03-30 15:30:00,147,157,0,0.0,284,0.6148173503151338,0.6638491934837857,0.6292433332479443,0.6191341873629136,0.61384857697265,0.6135447921155173,liga
27271,La_liga,2025-03-30 20:00:00,2025-03-30 18:00:00,153,138,3,1.0,285,0.5400299463563927,0.5227201903652307,0.5655290937414416,0.5666378639909627,0.5580967096390359,0.5500380223421429,liga
27263,La_liga,2025-03-31 20:00:00,2025-03-31 18:00:00,152,144,2,0.0,288,0.71550313398733,0.618194322157901,0.6413976794995868,0.6583123610018978,0.6830532965433573,0.6986425260930508,liga
27281,La_liga,2025-04-04 19:00:00,2025-04-04 17:00:00,145,141,4,1.0,289,0.42864832599547303,0.3515014587460836,0.36797164325196846,0.38472272352433734,0.4058844978825152,0.41743993363784143,liga
27280,La_liga,2025-04-05 12:00:00,2025-04-05 10:00:00,223,158,1,0.0,290,0.6182988620385934,0.5258386130663765,0.5611473231289527,0.5787323841368663,0.5983899688990661,0.6085901653739593,liga
27273,La_liga,2025-04-05 14:15:00,2025-04-05 12:15:00,150,146,3,1.0,290,0.782732896826891,0.7165075575907955,0.7601017320673334,0.7708623344279363,0.7784860829756823,0.7810462275981769,liga
27278,La_liga,2025-04-05 16:30:00,2025-04-05 14:30:00,239,152,3,1.0,291,0.5053955758994502,0.36735778052075163,0.441155245473624,0.4643872202576374,0.48598385058007215,0.496132661375002,liga
27272,La_liga,2025-04-05 19:00:00,2025-04-05 17:00:00,148,153,2,0.0,292,0.8174579653568002,0.7974807435915874,0.8152050086820293,0.8183157394002831,0.8191537090536127,0.8186183805417088,liga
27274,La_liga,2025-04-06 12:00:00,2025-04-06 10:00:00,144,140,4,1.0,294,0.4175010057859659,0.49946714896539685,0.4718264742317966,0.45540253794566926,0.4364456574909287,0.4266345635783712,liga
27277,La_liga,2025-04-06 14:15:00,2025-04-06 12:15:00,138,143,3,1.0,294,0.46506342255489247,0.4507856309219096,0.4659842382977801,0.4685773779360255,0.4684279964611642,0.467122953271375,liga
27279,La_liga,2025-04-06 16:30:00,2025-04-06 14:30:00,231,142,4,1.0,295,0.3426335988962817,0.5279816660279892,0.4648160728491128,0.42784665017892765,0.38563163373237325,0.36362505651227633,liga
27276,La_liga,2025-04-06 19:00:00,2025-04-06 17:00:00,154,147,0,0.0,296,0.6033096296162725,0.3078630798697088,0.4418609185706034,0.4953841152616873,0.5503811690753732,0.5777036000110625,liga
27275,La_liga,2025-04-07 19:00:00,2025-04-07 17:00:00,159,157,2,0.0,298,0.5058664308413218,0.49223319946157984,0.49988259739704327,0.502271220492225,0.5045772981616375,0.5054345558874729,liga
27291,La_liga,2025-04-11 19:00:00,2025-04-11 17:00:00,146,138,1,0.0,299,0.5351291223576389,0.4803653027880391,0.532165596729181,0.5414414549422599,0.5427668633126238,0.539991217957493,liga
27290,La_liga,2025-04-12 12:00:00,2025-04-12 10:00:00,140,239,2,0.0,300,0.31242272166292867,0.49678970134401645,0.4385669949242023,0.40274538003973087,0.35929900133463283,0.33561167896496347,liga
27286,La_liga,2025-04-12 14:15:00,2025-04-12 12:15:00,142,144,4,1.0,300,0.4136933932882596,0.614895778345115,0.5300775992117631,0.49185998430968353,0.45178491433369544,0.43198212851967555,liga
27282,La_liga,2025-04-12 16:30:00,2025-04-12 14:30:00,152,141,2,0.0,301,0.5954374204227404,0.4070068352809039,0.4645608669633557,0.5000964099489015,0.5446480693886698,0.5698976914070585,liga
27288,La_liga,2025-04-12 19:00:00,2025-04-12 17:00:00,159,148,1,0.0,302,0.7879140860837841,0.8342849246005374,0.8152796241308244,0.8068167353044849,0.7977510031292642,0.7928900147659186,liga
27289,La_liga,2025-04-13 12:00:00,2025-04-13 10:00:00,157,223,3,1.0,304,0.5710233946680355,0.34445183307940636,0.45194879656026465,0.49243184166582743,0.5329518485027449,0.5527177861561917,liga
27287,La_liga,2025-04-13 14:15:00,2025-04-13 12:15:00,158,150,1,0.0,304,0.6638194001566048,0.48041183849660096,0.5665022823415722,0.6014010017458764,0.6352505230096075,0.650648376348041,liga
27285,La_liga,2025-04-13 16:30:00,2025-04-13 14:30:00,153,154,3,1.0,305,0.6556682379244615,0.3919327819911828,0.5408527041180837,0.5880184205328884,0.6273113442912801,0.6431558985566057,liga
27283,La_liga,2025-04-13 19:00:00,2025-04-13 17:00:00,147,145,4,1.0,306,0.415612531863687,0.2436119859707573,0.3389656250536589,0.3679557606515201,0.3937987511522852,0.4053997336455731,liga
27284,La_liga,2025-04-14 19:00:00,2025-04-14 17:00:00,143,231,6,1.0,308,0.7450211279025409,0.6837156476370971,0.721884166085268,0.7322495452658601,0.7400171170164652,0.7428734629461543,liga
27301,La_liga,2025-04-18 19:00:00,2025-04-18 17:00:00,141,142,1,0.0,309,0.3073995029174047,0.4333105394805515,0.38029242432306626,0.3584377906456471,0.3340402449056316,0.32075351137317765,liga
27293,La_liga,2025-04-19 12:00:00,2025-04-19 10:00:00,145,146,2,0.0,310,0.4844871787574138,0.5096665154854723,0.49538263396775395,0.4912249434778344,0.4874953026349959,0.4858513398693725,liga
27292,La_liga,2025-04-19 14:15:00,2025-04-19 12:15:00,148,152,7,1.0,310,0.8468823921742634,0.5517901654933248,0.6790803616527197,0.7342453351750965,0.7921521125452046,0.8207065549277954,liga
27300,La_liga,2025-04-19 16:30:00,2025-04-19 14:30:00,239,159,0,0.0,311,0.4043402514762122,0.41218676963859363,0.4381548140248576,0.43623215517707736,0.4252769317616998,0.4158847278918222,liga
27295,La_liga,2025-04-19 19:00:00,2025-04-19 17:00:00,144,143,1,0.0,312,0.6013598049198033,0.7315476929545294,0.6632902556812077,0.6400453661422413,0.6188318174807659,0.6094088960038067,liga
27297,La_liga,2025-04-20 12:00:00,2025-04-20 10:00:00,231,157,5,1.0,314,0.5748001693112257,0.6064851925195415,0.5761342235897181,0.5711643261183195,0.5706569561126682,0.5722162021237541,liga
27298,La_liga,2025-04-20 14:15:00,2025-04-20 12:15:00,154,140,4,1.0,314,0.5312883556373895,0.46725836345236327,0.5163617616392037,0.5264741785820056,0.5310142531057427,0.5314936342403792,liga
27299,La_liga,2025-04-20 16:30:00,2025-04-20 14:30:00,138,158,2,0.0,315,0.4770762176607044,0.20444339480830528,0.32467928150228026,0.3766183812252385,0.42939677222221456,0.4545736016917318,liga
27294,La_liga,2025-04-20 19:00:00,2025-04-20 17:00:00,150,147,1,0.0,316,0.5183899518619608,0.3152716078696518,0.40510726426706667,0.44284637564174056,0.4817466115852687,0.5008378889361742,liga
27296,La_liga,2025-04-21 19:00:00,2025-04-21 17:00:00,223,153,4,1.0,318,0.5855402170825066,0.6114359280354017,0.6172239863944814,0.6121492225979646,0.6017868164046284,0.5942902406101969,liga
27302,La_liga,2025-04-22 19:00:00,2025-04-22 17:00:00,146,141,2,0.0,319,0.48092561562887703,0.2846987045802708,0.3910847976944445,0.4275389725613625,0.4590948457558205,0.47164970936464157,liga
27305,La_liga,2025-04-22 19:30:00,2025-04-22 17:30:00,148,239,1,0.0,319,0.7117650978025045,0.48571840156589485,0.6108863885922126,0.6519514167619729,0.6867227235545197,0.7007910885575352,liga
27303,La_liga,2025-04-23 17:00:00,2025-04-23 15:00:00,147,144,1,0.0,321,0.5883631187436636,0.31865835046811547,0.44494467619510497,0.494534558176557,0.5434946849752993,0.5669483371171762,liga
27307,La_liga,2025-04-23 17:00:00,2025-04-23 15:00:00,152,154,3,1.0,321,0.7507943135843139,0.6235174167840808,0.6342842986782549,0.6606452618170183,0.700588850082323,0.725140294374356,liga
27308,La_liga,2025-04-23 19:30:00,2025-04-23 17:30:00,142,150,1,0.0,321,0.398263388443343,0.42995735595038864,0.44199961525643094,0.4350759764192393,0.4203245576037507,0.4099371325042878,liga
27310,La_liga,2025-04-23 19:30:00,2025-04-23 17:30:00,158,140,1,0.0,321,0.3798747546069299,0.3735421229934629,0.3931947333910503,0.3937491832473613,0.38911321721423436,0.3848759426331671,liga
27309,La_liga,2025-04-24 17:00:00,2025-04-24 15:00:00,157,138,1,0.0,325,0.5188113893506178,0.44029110806333666,0.4591830222343147,0.474624320500716,0.49493948916476466,0.5067359487955854,liga
27311,La_liga,2025-04-24 17:00:00,2025-04-24 15:00:00,159,223,2,0.0,325,0.5221858065734782,0.4379115732457288,0.4966544659461617,0.512085950181509,0.5214110225522355,0.5229666062204015,liga
27304,La_liga,2025-04-24 19:30:00,2025-04-24 17:30:00,143,145,3,1.0,325,0.4845618864403301,0.6343896070842528,0.5627559860372626,0.5355141411401451,0.5087121228952658,0.49599253273837685,liga
27306,La_liga,2025-04-24 19:30:00,2025-04-24 17:30:00,153,231,6,1.0,325,0.7373952177267512,0.9093200708957777,0.8578330870611222,0.8268475402938521,0.7862049035813211,0.7622495240910038,liga
27241,La_liga,2025-04-27 14:15:00,2025-04-27 12:15:00,154,141,1,0.0,329,0.6374618942031495,0.41663253681651846,0.45965954237173823,0.5056593812160466,0.5680443341210496,0.6031757310572305,liga
27318,La_liga,2025-05-02 19:00:00,2025-05-02 17:00:00,145,142,1,0.0,330,0.2810435902720271,0.47625224222335616,0.40185753010546654,0.36279113434599997,0.32075303749580625,0.2999949268692259,liga
27314,La_liga,2025-05-03 12:00:00,2025-05-03 10:00:00,158,143,0,0.0,331,0.4953813594902569,0.39270162064052494,0.43793586068880164,0.45756438776682773,0.4776241330799493,0.48710091583951876,liga
27319,La_liga,2025-05-03 14:15:00,2025-05-03 12:15:00,154,157,6,1.0,331,0.688562914704223,0.49521053546344224,0.5444575267216961,0.5825265235685152,0.6321325909081282,0.6603356428563668,liga
27313,La_liga,2025-05-03 16:30:00,2025-05-03 14:30:00,144,146,5,1.0,332,0.5861891812540054,0.453907212915504,0.526026303361801,0.5490410870489401,0.5694925436189365,0.5784819020933792,liga
27316,La_liga,2025-05-03 19:00:00,2025-05-03 17:00:00,231,148,3,1.0,333,0.9267661521337535,0.9737400307169126,0.9563565830875538,0.947079020000067,0.936654224385067,0.9314414287030288,liga
27317,La_liga,2025-05-04 12:00:00,2025-05-04 10:00:00,150,152,5,1.0,335,0.7515841575436586,0.5695654685814064,0.6362271192490134,0.6699718933138405,0.7094648683582093,0.7307802359104564,liga
27320,La_liga,2025-05-04 14:15:00,2025-05-04 12:15:00,138,159,4,1.0,335,0.43933298041852087,0.2536508100231547,0.3576654392006754,0.3934479696603869,0.42239256207010994,0.43271735513532233,liga
27321,La_liga,2025-05-04 16:30:00,2025-05-04 14:30:00,141,153,3,1.0,336,0.5139499526487868,0.48722353104459093,0.5109607813290928,0.5188467142221258,0.521200286441001,0.5189086387455267,liga
27315,La_liga,2025-05-04 19:00:00,2025-05-04 17:00:00,140,147,0,0.0,337,0.3295514691786165,0.3091960759970338,0.35153798984057977,0.352974300343947,0.34491829481102915,0.33775603144621036,liga
27312,La_liga,2025-05-05 19:00:00,2025-05-05 17:00:00,223,239,1,0.0,339,0.4459797799240825,0.30957517601015744,0.38680089999051814,0.41298471081498067,0.4341493168681826,0.4415376482006699,liga
27329,La_liga,2025-05-09 19:00:00,2025-05-09 17:00:00,144,145,1,0.0,340,0.512342616787867,0.5369827818451672,0.5128911428712916,0.5086526905566342,0.5082628189160361,0.5097672043250776,liga
27330,La_liga,2025-05-10 12:00:00,2025-05-10 10:00:00,146,142,3,1.0,341,0.34325329830225415,0.4595905705388968,0.43256579286663027,0.41136863286857345,0.38115862163408404,0.3626854151275595,liga
27326,La_liga,2025-05-10 14:15:00,2025-05-10 12:15:00,152,138,5,1.0,341,0.6310578220236717,0.6672160144876956,0.618202661835063,0.6126699247808269,0.6164943577472295,0.6225358904265217,liga
27327,La_liga,2025-05-10 16:30:00,2025-05-10 14:30:00,223,154,1,0.0,342,0.7095656054817095,0.6110516907535442,0.6330763018923856,0.6523505057933542,0.6784768099637521,0.6938188673532445,liga
27328,La_liga,2025-05-10 16:30:00,2025-05-10 14:30:00,239,231,3,1.0,342,0.5268471794666542,0.49654101447892707,0.5428611633929449,0.5462776721339418,0.5407905594393523,0.534651735320461,liga
27323,La_liga,2025-05-10 19:00:00,2025-05-10 17:00:00,143,140,4,1.0,343,0.40136567055273575,0.456365870240175,0.477067589939096,0.4629427688605037,0.43648887724673374,0.41935233169171204,liga
27322,La_liga,2025-05-11 12:00:00,2025-05-11 10:00:00,159,141,5,1.0,346,0.4277366973498624,0.39141101058473216,0.4059979141141229,0.41410974046868887,0.4221957582315795,0.42551467269475973,liga
27324,La_liga,2025-05-11 14:15:00,2025-05-11 12:15:00,148,150,7,1.0,346,0.7639253572632576,0.6661241708529433,0.6944925819494464,0.7152185856428167,0.7397302312500248,0.7523414057183956,liga
27331,La_liga,2025-05-11 16:30:00,2025-05-11 14:30:00,147,158,1,0.0,347,0.46074555917942406,0.0817271365410484,0.21341707859321843,0.28862101769594234,0.3751654272322096,0.4195883022840713,liga
27325,La_liga,2025-05-11 19:00:00,2025-05-11 17:00:00,153,157,2,0.0,348,0.6438337825183248,0.8525022127261348,0.7635844524178033,0.7246874790226151,0.683646644029265,0.6630966375834547,liga
27338,La_liga,2025-05-13 17:00:00,2025-05-13 15:00:00,231,223,1,0.0,350,0.6300594616304767,0.6038955801984549,0.6294892632730495,0.6338631083026147,0.6342774890623354,0.6327015252130733,liga
27337,La_liga,2025-05-13 18:00:00,2025-05-13 16:00:00,140,152,1,0.0,350,0.5208172583607098,0.7393349628860453,0.6503867478739946,0.6062016493369337,0.5601762447117654,0.538824473679872,liga
27340,La_liga,2025-05-13 19:30:00,2025-05-13 17:30:00,138,144,1,0.0,350,0.5690200070432103,0.5484120710580107,0.5375127398053672,0.543663898795156,0.5547366231166913,0.5617252983250394,liga
27333,La_liga,2025-05-14 17:00:00,2025-05-14 15:00:00,158,146,1,0.0,353,0.4986990982359851,0.24820412521024782,0.3557715270683616,0.4048162902370133,0.45464944601247875,0.47808482078303044,liga
27341,La_liga,2025-05-14 17:00:00,2025-05-14 15:00:00,154,159,3,1.0,353,0.6928497841086929,0.6736671947801229,0.6603836513178817,0.6671963132759786,0.6790874492758737,0.6860894875963556,liga
27339,La_liga,2025-05-14 19:30:00,2025-05-14 17:30:00,150,239,3,1.0,353,0.5840069535753682,0.5302577209962196,0.54462153099834,0.560469940594373,0.575827961688365,0.5812821132054937,liga
27335,La_liga,2025-05-15 17:00:00,2025-05-15 15:00:00,157,143,2,0.0,356,0.5392495921977606,0.6576838559186953,0.6000318245213636,0.5768148973214157,0.5555162560770103,0.546490074474634,liga
27336,La_liga,2025-05-15 17:00:00,2025-05-15 15:00:00,145,153,4,1.0,356,0.4959837659348292,0.6111601836106721,0.5853274708983089,0.5621340938609461,0.5315469047320317,0.5139182956801837,liga
27332,La_liga,2025-05-15 19:30:00,2025-05-15 17:30:00,141,148,2,0.0,356,0.7437168389899982,0.7858527656854944,0.7139725919656483,0.7086410199090075,0.7194310093433566,0.7304946931478963,liga
27334,La_liga,2025-05-15 19:30:00,2025-05-15 17:30:00,142,147,2,0.0,356,0.2494885538544885,0.17564100097219804,0.2265433225889135,0.2403062546643842,0.24842999108642003,0.2498568413472593,liga
27342,La_liga,2025-05-18 17:00:00,2025-05-18 15:00:00,143,153,5,1.0,360,0.5681030083515932,0.6952131383260811,0.6589525316429619,0.6358427854261344,0.6052089912141166,0.5870483023671401,liga
27343,La_liga,2025-05-18 17:00:00,2025-05-18 15:00:00,148,154,5,1.0,360,0.8546240626944401,0.7360792612463978,0.7512137569411674,0.7749305011493158,0.8110670991432731,0.8327687311167495,liga
27344,La_liga,2025-05-18 17:00:00,2025-05-18 15:00:00,152,145,3,1.0,360,0.5960040880593607,0.7292586261681349,0.6560372958699798,0.6280766202124676,0.6058631447171726,0.5989810678307167,liga
27345,La_liga,2025-05-18 17:00:00,2025-05-18 15:00:00,146,147,1,0.0,360,0.4471103668257263,0.16768585159231714,0.2859816493157427,0.3419780049507924,0.3987519100349315,0.42487068060630817,liga
27346,La_liga,2025-05-18 17:00:00,2025-05-18 15:00:00,239,142,3,1.0,360,0.23873125218246502,0.3077320573736461,0.2948933503521714,0.2838569632654168,0.26526140612845023,0.2526765432287944,liga
27347,La_liga,2025-05-18 17:00:00,2025-05-18 15:00:00,140,223,5,1.0,360,0.4067712597600936,0.2926507783509939,0.37947066867717344,0.4002739164653241,0.4100149132486657,0.4099236154028165,liga
27348,La_liga,2025-05-18 17:00:00,2025-05-18 15:00:00,138,150,2,0.0,360,0.6364372427903682,0.6975278934688002,0.6465346812240036,0.6391507782079976,0.6366701660302465,0.6364973529892524,liga
27349,La_liga,2025-05-18 17:00:00,2025-05-18 15:00:00,231,158,1,0.0,360,0.5169565969536387,0.30186796394823245,0.4095352384156903,0.44928888805029255,0.48623698451712477,0.5027500368751194,liga
27350,La_liga,2025-05-18 17:00:00,2025-05-18 15:00:00,144,159,1,0.0,360,0.5481247004488486,0.5328792839092418,0.539145801529052,0.5428599166301025,0.546467550135995,0.5476880489459623,liga
27351,La_liga,2025-05-18 17:00:00,2025-05-18 15:00:00,157,141,2,0.0,360,0.5291162268667219,0.5888204808460537,0.5233897238264799,0.5129678260245871,0.5144623145541817,0.5203512490962278,liga
27354,La_liga,2025-05-23 19:00:00,2025-05-23 17:00:00,153,146,2,0.0,370,0.6304734852223824,0.6680587531420052,0.6797164745399015,0.6747862985015515,0.6592701915383808,0.6463604430014511,liga
27355,La_liga,2025-05-24 14:15:00,2025-05-24 12:15:00,150,140,2,0.0,371,0.5944651731905619,0.7512371182063358,0.6989503596174749,0.6721443436547099,0.6372221553819414,0.6163291055208626,liga
27352,La_liga,2025-05-24 16:30:00,2025-05-24 14:30:00,141,144,2,0.0,371,0.507977002128923,0.3410744354502127,0.4092411799123931,0.43814744296563446,0.47162560645106133,0.48993104079815014,liga
27357,La_liga,2025-05-24 16:30:00,2025-05-24 14:30:00,159,231,3,1.0,371,0.5772888980685535,0.6479028232207225,0.6445980788518049,0.6302659315407766,0.6074645927618594,0.5929200822792384,liga
27356,La_liga,2025-05-24 19:00:00,2025-05-24 17:00:00,158,157,2,0.0,372,0.47133541051944894,0.18287322012994262,0.28634168054428766,0.3396163147289854,0.40276052317511707,0.4372880525665654,liga
27359,La_liga,2025-05-24 19:00:00,2025-05-24 17:00:00,142,152,3,1.0,372,0.45005069481179316,0.6178787694496686,0.5546645381702596,0.5206170825829171,0.48374929966700375,0.4658703836756176,liga
27360,La_liga,2025-05-24 19:00:00,2025-05-24 17:00:00,145,239,0,0.0,372,0.3629586539854758,0.42092643619399656,0.3908670772550984,0.3831673123401258,0.37447686249907436,0.36908212748982805,liga
27358,La_liga,2025-05-25 12:00:00,2025-05-25 10:00:00,223,143,4,1.0,377,0.5643609078502468,0.6366851072042574,0.6130499890388696,0.6007277189514885,0.5845375638784815,0.5747507270543375,liga
27361,La_liga,2025-05-25 14:15:00,2025-05-25 12:15:00,154,138,6,1.0,377,0.6826823508276063,0.6949824092587266,0.6473931670244835,0.6471403613241595,0.6593134693643852,0.6700177824048222,liga
27353,La_liga,2025-05-25 19:00:00,2025-05-25 17:00:00,147,148,3,1.0,379,0.5566633549982439,0.30340481219021875,0.38364442102970386,0.4324534533398664,0.4921268238260476,0.5247878993136494,liga
29158,La_liga,2025-08-15 17:00:00,2025-08-15 15:00:00,223,145,4,1.0,380,0.48314663405206104,0.4190829443714202,0.44436363535868884,0.4568886747389741,0.4704194885899647,0.47709054193827105,liga
29159,La_liga,2025-08-15 19:30:00,2025-08-15 17:30:00,154,289,2,0.0,380,0.7094978795732227,0.7330885387947169,0.6929300119211866,0.6883264215452414,0.6934625934509545,0.7003155285944006,liga
29160,La_liga,2025-08-16 17:30:00,2025-08-16 15:30:00,239,148,3,1.0,382,0.6345073997644726,0.5265475290350912,0.5779810446086296,0.5988925987581676,0.619127795953688,0.6278222668967436,liga
29161,La_liga,2025-08-16 19:30:00,2025-08-16 17:30:00,158,151,3,1.0,382,0.4581227535045366,0.1956874337562963,0.28420656038819486,0.33464984269142983,0.39498338803704425,0.42725841559116806,liga
29162,La_liga,2025-08-16 19:30:00,2025-08-16 17:30:00,146,140,2,0.0,382,0.41196059213471814,0.4555366755775684,0.4850989623965898,0.47498095730941,0.4500273148715749,0.4320114617044384,liga
29163,La_liga,2025-08-17 15:00:00,2025-08-17 13:00:00,152,142,2,0.0,385,0.463541060882662,0.5781624773204154,0.5642150178969771,0.5357894632681994,0.4995879742832322,0.48072379438139534,liga
29164,La_liga,2025-08-17 17:30:00,2025-08-17 15:30:00,147,138,5,1.0,385,0.4779700511183308,0.29315749716303996,0.3693770369441506,0.4035239225009341,0.44097942614431596,0.4601102557180339,liga
29165,La_liga,2025-08-17 19:30:00,2025-08-17 17:30:00,141,143,3,1.0,386,0.4854713899685065,0.5225933596660921,0.4986312392969446,0.49162952883588884,0.48714898681152274,0.4860116398874236,liga
29166,La_liga,2025-08-18 19:00:00,2025-08-18 17:00:00,207,153,2,0.0,388,0.6041252848615152,0.6558153897547183,0.6632800182977489,0.6530061661026211,0.6333138134921459,0.6196095946660446,liga
29167,La_liga,2025-08-19 19:00:00,2025-08-19 17:00:00,150,157,1,0.0,389,0.6979616346807678,0.510554103995872,0.5977886186853608,0.6289792363653207,0.6626778372470611,0.6805432590596605,liga
29168,La_liga,2025-08-22 19:30:00,2025-08-22 17:30:00,153,158,1,0.0,390,0.5273720714714601,0.3844426504117817,0.41470603719622506,0.45012305558138266,0.49224853666822904,0.5117877305277564,liga
29169,La_liga,2025-08-23 15:00:00,2025-08-23 13:00:00,239,152,2,0.0,391,0.5012163778994532,0.3168564523251347,0.45490650688606127,0.47246466237803353,0.48672055199529324,0.49394588938626416,liga
29170,La_liga,2025-08-23 17:30:00,2025-08-23 15:30:00,143,207,2,0.0,391,0.40454953971553115,0.4530414609660853,0.44339515959719444,0.43233812690658785,0.41845074452874265,0.41120078268669447,liga
29171,La_liga,2025-08-23 19:30:00,2025-08-23 17:30:00,151,148,5,1.0,392,0.8807562734016453,0.8624323412869445,0.8621835528270773,0.8649725914791629,0.8710249737740962,0.8755393536203587,liga
29172,La_liga,2025-08-24 15:00:00,2025-08-24 13:00:00,157,146,1,0.0,394,0.5382441731475369,0.18768576201450413,0.3794026353949104,0.4430492119539115,0.49666095847294234,0.519230683526268,liga
29173,La_liga,2025-08-24 17:30:00,2025-08-24 15:30:00,154,223,5,1.0,394,0.7619858872243338,0.8220643448449892,0.7760247836121292,0.7618388900537981,0.7561753304862995,0.7576857500154256,liga
29174,La_liga,2025-08-24 17:30:00,2025-08-24 15:30:00,140,141,4,1.0,394,0.3639692697224361,0.4369812345138447,0.419707053463199,0.40322473119486985,0.38346360699843035,0.37332039382831933,liga
29175,La_liga,2025-08-24 19:30:00,2025-08-24 17:30:00,289,150,3,1.0,395,0.5984622409842792,0.4058449054071611,0.5170985175879632,0.5475124452752048,0.5749403976103444,0.5874706724349579,liga
29176,La_liga,2025-08-25 17:30:00,2025-08-25 15:30:00,147,145,1,0.0,398,0.406164382673163,0.7167586642666488,0.44871948809185125,0.4072377309734101,0.39655650044249713,0.3997087904582773,liga
29177,La_liga,2025-08-25 19:30:00,2025-08-25 17:30:00,138,142,3,1.0,398,0.3528848985172216,0.6828863034074865,0.5250524241557614,0.4659604143595307,0.4077242342403318,0.37929402477624397,liga
29178,La_liga,2025-08-27 19:00:00,2025-08-27 17:00:00,152,153,2,0.0,400,0.6774941411836335,0.32792579515640785,0.5804519183244248,0.6392994098271638,0.6697947495781345,0.6759231554565593,liga
29179,La_liga,2025-08-29 17:30:00,2025-08-29 15:30:00,207,151,2,0.0,401,0.6796841693632063,0.6411773437421902,0.6518299720677471,0.6588424801905609,0.6680799875631358,0.6736857616888609,liga
29180,La_liga,2025-08-29 19:30:00,2025-08-29 17:30:00,146,142,3,1.0,401,0.34391532761442317,0.26029218674094207,0.33990345388874055,0.3627517046852213,0.3650061032411537,0.35693059424696966,liga
29181,La_liga,2025-08-30 15:00:00,2025-08-30 13:00:00,158,143,2,0.0,403,0.4445218652080658,0.32598451977569615,0.33342203614279864,0.36070013566084336,0.4012077674789894,0.423628490666938,liga
29182,La_liga,2025-08-30 17:00:00,2025-08-30 15:00:00,289,140,1,0.0,403,0.2727919705925711,0.47560169722901807,0.35843340428514253,0.32409108778228535,0.2958568356356451,0.2836244936469049,liga
29183,La_liga,2025-08-30 17:30:00,2025-08-30 15:30:00,223,138,2,0.0,403,0.5913487491783498,0.8483005860023152,0.7120225699432519,0.6584455111830427,0.6164834916035493,0.6016215151447769,liga
29184,La_liga,2025-08-30 19:30:00,2025-08-30 17:30:00,150,239,3,1.0,404,0.5755497816564263,0.6588237919893144,0.5685421304560221,0.5612754989387644,0.5671856015076234,0.5719394309169102,liga
29185,La_liga,2025-08-31 15:00:00,2025-08-31 13:00:00,152,154,2,0.0,407,0.7656724585942983,0.7117952946662485,0.7057878911329948,0.7141360778067212,0.7332486801719788,0.7480399087972458,liga
29186,La_liga,2025-08-31 17:00:00,2025-08-31 15:00:00,153,147,3,1.0,407,0.452829160113046,0.3404628894292546,0.39189026657033343,0.4142754579144074,0.4369709219390056,0.44638677151847117,liga
29187,La_liga,2025-08-31 17:30:00,2025-08-31 15:30:00,141,157,1,0.0,407,0.4948184223081078,0.3381223514382535,0.4284676831468814,0.44916482232544597,0.4699462278664954,0.48198486577630334,liga
29188,La_liga,2025-08-31 19:30:00,2025-08-31 17:30:00,145,148,2,0.0,408,0.6795834836402644,0.7135718406774548,0.6905354859142889,0.6826541465969634,0.6782531814275399,0.6781505050803727,liga
29189,La_liga,2025-09-12 19:00:00,2025-09-12 17:00:00,138,207,4,1.0,411,0.38381888866721536,0.5049537503453015,0.4575625275273864,0.4299460860672055,0.40350548285433374,0.3924569413213305,liga
29190,La_liga,2025-09-13 12:00:00,2025-09-13 10:00:00,142,289,2,0.0,412,0.25245170015594304,0.3714471200022473,0.3251755848654284,0.30284468467107817,0.27826767483203524,0.26523517797474255,liga
29195,La_liga,2025-09-13 14:15:00,2025-09-13 12:15:00,140,150,3,1.0,412,0.5189447474661713,0.5095503288601353,0.5578902974486998,0.5621339364208846,0.5497812747016204,0.5362549145385901,liga
29196,La_liga,2025-09-13 16:30:00,2025-09-13 14:30:00,147,158,1,0.0,413,0.4134151885367128,0.38830564142583834,0.2865746551325572,0.2928193746996937,0.3372646782872105,0.37315720544533193,liga
29193,La_liga,2025-09-13 19:00:00,2025-09-13 17:00:00,143,154,2,0.0,414,0.6434827163076339,0.5902914936709992,0.6036698906187583,0.6123246482569835,0.6250747598361353,0.6336578356082294,liga
29192,La_liga,2025-09-14 12:00:00,2025-09-14 10:00:00,152,223,2,0.0,416,0.7061057733353706,0.6359909289390078,0.6850158567751403,0.6929867222190654,0.6976704989724078,0.701030791389421,liga
29191,La_liga,2025-09-14 14:15:00,2025-09-14 12:15:00,151,153,4,1.0,416,0.7357510714466856,0.6291693169447472,0.7175666240147898,0.7411263888770211,0.748320336270652,0.7443503775645824,liga
29197,La_liga,2025-09-14 16:30:00,2025-09-14 14:30:00,157,145,2,0.0,417,0.44241649248583487,0.1508912561337696,0.2963592154536437,0.3543805376977176,0.40389116034951517,0.4246933506453768,liga
29194,La_liga,2025-09-14 19:00:00,2025-09-14 17:00:00,148,146,6,1.0,418,0.8125908164776924,0.5231168519082952,0.6395675219979886,0.6984183609600723,0.7586406128342972,0.7871741125267622,liga
29198,La_liga,2025-09-15 19:00:00,2025-09-15 17:00:00,141,239,5,1.0,420,0.3769515705022598,0.6806300518431803,0.49531633396787345,0.43591168844201,0.39680254485600686,0.38487481568278115,liga
29200,La_liga,2025-09-19 19:00:00,2025-09-19 17:00:00,153,140,4,1.0,421,0.4985634586435753,0.6421674529531074,0.6308219533821684,0.6135342682944689,0.5705361417464663,0.5371181313614148,liga
29202,La_liga,2025-09-20 12:00:00,2025-09-20 10:00:00,223,151,4,1.0,422,0.7597690348309794,0.7233141402459834,0.7241731236229998,0.7296293050189661,0.7415557791460378,0.7501851868670807,liga
29206,La_liga,2025-09-20 14:15:00,2025-09-20 12:15:00,150,141,2,0.0,422,0.6717834514155355,0.7404021840636886,0.6658434809256655,0.6485439545409402,0.6494261787989839,0.6584238727110175,liga
29207,La_liga,2025-09-20 16:30:00,2025-09-20 14:30:00,154,157,3,1.0,423,0.6786500475004211,0.23542312734725834,0.42816778133745703,0.5182587704214004,0.603922467815838,0.6433070912552847,liga
29208,La_liga,2025-09-20 16:30:00,2025-09-20 14:30:00,158,138,3,1.0,423,0.45306718121902634,0.4165037119929921,0.3959853427022756,0.39875621143475537,0.4183681276622745,0.43461466161771467,liga
29203,La_liga,2025-09-20 19:00:00,2025-09-20 17:00:00,146,147,2,0.0,424,0.4477308248614726,0.5718796406058344,0.46439842199753173,0.435556730170328,0.4302185917162972,0.4369895429208208,liga
29205,La_liga,2025-09-21 12:00:00,2025-09-21 10:00:00,145,152,2,0.0,427,0.5390033205132309,0.31136452640516893,0.42092265436773724,0.4644285210125885,0.5039116508992524,0.5220394167810744,liga
29204,La_liga,2025-09-21 14:15:00,2025-09-21 12:15:00,239,143,2,0.0,427,0.4283320603433897,0.6429100912848975,0.5719281199945606,0.5281229454896249,0.478266953457244,0.45270422527485615,liga
29201,La_liga,2025-09-21 16:30:00,2025-09-21 14:30:00,207,289,1,0.0,428,0.5090167437083201,0.5858880763014063,0.5362322221068496,0.519292102562564,0.5090047519767253,0.5076732217790478,liga
29199,La_liga,2025-09-21 19:00:00,2025-09-21 17:00:00,148,142,3,1.0,429,0.6637454622126007,0.8255150930194818,0.791837765108343,0.7569749115748783,0.7108544946526467,0.6863163910664095,liga
29209,La_liga,2025-09-23 17:00:00,2025-09-23 15:00:00,141,146,4,1.0,431,0.5196476146813952,0.7872020283471614,0.6485749314401994,0.5895401019070873,0.5444561213741547,0.5296014521451229,liga
29217,La_liga,2025-09-23 17:00:00,2025-09-23 15:00:00,147,223,2,0.0,431,0.581112062135367,0.6363423234757323,0.6272018201433136,0.6082303074302722,0.5901590288662525,0.5841093036287128,liga
29210,La_liga,2025-09-23 19:30:00,2025-09-23 17:30:00,151,150,5,1.0,431,0.8186753550682005,0.6890256108351164,0.7495537880794201,0.7750493856169537,0.7991824121631381,0.8098187056114415,liga
29211,La_liga,2025-09-23 19:30:00,2025-09-23 17:30:00,138,154,3,1.0,431,0.692763976833192,0.7743996664437384,0.7465645903144604,0.7255522357277819,0.7039616167446403,0.6963715111415464,liga
29212,La_liga,2025-09-24 17:00:00,2025-09-24 15:00:00,142,158,2,0.0,435,0.2987164951922348,0.3480641772669521,0.3030817965521822,0.2930483023479378,0.292941600709732,0.2956970454718392,liga
29215,La_liga,2025-09-24 19:30:00,2025-09-24 17:30:00,140,239,1,0.0,435,0.32902591096497136,0.6328599000645362,0.5156262857222533,0.45475775944129615,0.3901612546606692,0.3583728625831949,liga
29216,La_liga,2025-09-24 19:30:00,2025-09-24 17:30:00,143,145,5,1.0,435,0.4844931401123082,0.3745678539851045,0.4520951216303311,0.4768641041382423,0.48851707279299705,0.48820889911633875,liga
29214,La_liga,2025-09-25 17:30:00,2025-09-25 15:30:00,157,207,2,0.0,438,0.4074226279374661,0.24243793255988916,0.28952812759271523,0.3245756562362912,0.36598223227088605,0.3873605844536714,liga
29213,La_liga,2025-09-25 19:30:00,2025-09-25 17:30:00,289,148,4,1.0,438,0.6843965628390067,0.718410777841107,0.6954919634791575,0.68369897717942,0.6777751857008456,0.6793643730971489,liga
29227,La_liga,2025-09-26 19:00:00,2025-09-26 17:00:00,223,141,0,0.0,440,0.5491197966200666,0.6948879435938865,0.6451158881398845,0.6060475319529318,0.5674548063847097,0.554693071111068,liga
29222,La_liga,2025-09-27 12:00:00,2025-09-27 10:00:00,142,151,2,0.0,441,0.6370447626301324,0.7747626403313089,0.7510363996202566,0.7269114834418925,0.6882203249723908,0.6633719425144153,liga
29219,La_liga,2025-09-27 14:15:00,2025-09-27 12:15:00,143,150,7,1.0,441,0.5529791873689713,0.5841604600265357,0.5676820993322951,0.5671949245499501,0.5643682554135393,0.5599416868269401,liga
29224,La_liga,2025-09-27 16:30:00,2025-09-27 14:30:00,239,158,1,0.0,442,0.3280712945181163,0.32628579257245444,0.28279443367289886,0.2769696311220322,0.2920984762466092,0.3084733089474259,liga
29225,La_liga,2025-09-27 19:00:00,2025-09-27 17:00:00,154,147,1,0.0,443,0.5336256512564108,0.5145244156202923,0.48826525298388523,0.4775469044889576,0.4891877507989222,0.5079249399595216,liga
29223,La_liga,2025-09-28 12:00:00,2025-09-28 10:00:00,145,138,1,0.0,445,0.49441370789085937,0.7226930051848526,0.6444523637369503,0.5940796924903486,0.5390449724473744,0.5142816459353654,liga
29226,La_liga,2025-09-28 14:15:00,2025-09-28 12:15:00,207,152,3,1.0,445,0.526828177872839,0.35663817149876526,0.421221440292693,0.4529288115005844,0.488173957130069,0.5073080440675777,liga
29220,La_liga,2025-09-28 16:30:00,2025-09-28 14:30:00,148,140,3,1.0,446,0.7606181476712794,0.903952986435172,0.8757811549953912,0.8491067271591053,0.8089621852951583,0.7848024164422576,liga
29221,La_liga,2025-09-28 19:00:00,2025-09-28 17:00:00,153,157,2,0.0,447,0.5890747443641563,0.47290862192179695,0.5044895298665876,0.5390451717432175,0.5719987609700352,0.5832076906545038,liga
29218,La_liga,2025-09-29 19:00:00,2025-09-29 17:00:00,146,289,3,1.0,449,0.4455013493306327,0.6304189004479145,0.5510392484288943,0.5163534967057511,0.4803453069224261,0.4624549879140232,liga
29235,La_liga,2025-10-03 19:00:00,2025-10-03 17:00:00,157,142,3,1.0,450,0.3614727485614833,0.3209868171832085,0.3531407612547155,0.36744535743300927,0.3720211985692333,0.3684608166242276,liga
29236,La_liga,2025-10-04 12:00:00,2025-10-04 10:00:00,289,151,2,0.0,451,0.6103390445872924,0.6847825476774773,0.6468549532973231,0.6323750854520711,0.6194639149935172,0.6142905849498568,liga
29230,La_liga,2025-10-04 14:15:00,2025-10-04 12:15:00,223,146,3,1.0,451,0.5746998189516994,0.5257863009714008,0.5552010454045909,0.5630533898655501,0.5685419682060181,0.5713180512556916,liga
29229,La_liga,2025-10-04 16:30:00,2025-10-04 14:30:00,147,239,3,1.0,452,0.3666533580535971,0.2584225667635848,0.3008314440410426,0.31839515206014585,0.3416478185308221,0.3546822419188348,liga
29231,La_liga,2025-10-04 19:00:00,2025-10-04 17:00:00,150,154,4,1.0,453,0.7545128240191099,0.7228293885611794,0.7047271851124962,0.7067388986049746,0.7223882983682469,0.736899242911727,liga
29228,La_liga,2025-10-05 12:00:00,2025-10-05 10:00:00,158,207,4,1.0,455,0.360037875337964,0.26048671540594504,0.2543486593953759,0.26800492701276346,0.30379915450174916,0.3305950173263004,liga
29233,La_liga,2025-10-05 14:15:00,2025-10-05 12:15:00,138,148,5,1.0,455,0.7781787683672189,0.7623571146755072,0.7923181681482234,0.7914572739337765,0.7845325412629932,0.7807240226327298,liga
29234,La_liga,2025-10-05 16:30:00,2025-10-05 14:30:00,141,153,3,1.0,456,0.5513470472287854,0.5812583817422718,0.591839440739425,0.5877687260742265,0.5745807160896452,0.564016976982668,liga
29237,La_liga,2025-10-05 16:30:00,2025-10-05 14:30:00,140,145,1,0.0,456,0.35756246666708774,0.47665077574374315,0.4540467563577626,0.43366506675821664,0.4007182300468889,0.3795757293562886,liga
29232,La_liga,2025-10-05 19:00:00,2025-10-05 17:00:00,152,143,2,0.0,457,0.6278447805361321,0.692885637749097,0.6713365587124209,0.6611180128388725,0.6450446044537138,0.6358818380502346,liga
29246,La_liga,2025-10-17 19:00:00,2025-10-17 17:00:00,289,141,2,0.0,460,0.3568069301662242,0.43765748565969875,0.41698238175241814,0.39946918814175514,0.37755688240387736,0.36650182790021724,liga
29247,La_liga,2025-10-18 12:00:00,2025-10-18 10:00:00,138,239,4,1.0,461,0.4483928800443757,0.7031322177680017,0.629744899757584,0.572815958972683,0.506782187789287,0.4753667200397818,liga
29240,La_liga,2025-10-18 14:15:00,2025-10-18 12:15:00,148,223,3,1.0,461,0.8893164523436761,0.899159100716319,0.9132285471548128,0.9082523436144451,0.8984335095763172,0.8932595256431766,liga
29245,La_liga,2025-10-18 16:30:00,2025-10-18 14:30:00,154,153,4,1.0,462,0.7157114887367986,0.5942507385716991,0.6446544655530357,0.6728921585898918,0.699190589539691,0.7091306540522032,liga
29239,La_liga,2025-10-18 19:00:00,2025-10-18 17:00:00,143,157,1,0.0,463,0.5852247541993908,0.5974564611507316,0.5745304129461776,0.5740395091729401,0.5779812660321519,0.5812853040884016,liga
29244,La_liga,2025-10-19 12:00:00,2025-10-19 10:00:00,207,147,0,0.0,465,0.39243138122244686,0.4160605667868864,0.3905456894926358,0.379316097917346,0.3779042324791114,0.38334592579578947,liga
29241,La_liga,2025-10-19 14:15:00,2025-10-19 12:15:00,152,140,2,0.0,465,0.5161294133852176,0.35834522948743036,0.44826673114723065,0.48788802023820044,0.5137299338144861,0.5177252735604942,liga
29243,La_liga,2025-10-19 16:30:00,2025-10-19 14:30:00,151,145,3,1.0,466,0.6367400459613024,0.601376287766207,0.6227863934588765,0.6279629469888867,0.6322393906816527,0.6344003074114996,liga
29242,La_liga,2025-10-19 19:00:00,2025-10-19 17:00:00,142,150,1,0.0,467,0.496867849818643,0.773664854906438,0.6995100591331523,0.6471571989918838,0.5761610096126766,0.5359505663123209,liga
29238,La_liga,2025-10-20 19:00:00,2025-10-20 17:00:00,158,146,0,0.0,469,0.4633623334883874,0.5691449982382735,0.47080385548582043,0.43978484623248515,0.4354899925432565,0.4463704629783542,liga
29250,La_liga,2025-10-24 19:00:00,2025-10-24 17:00:00,140,138,3,1.0,470,0.44732083374514875,0.6106068102037284,0.5971036578192878,0.5677091025051678,0.51487013422934,0.48118360015735434,liga
29249,La_liga,2025-10-25 12:00:00,2025-10-25 10:00:00,223,289,6,1.0,471,0.4242336698164568,0.3199461867922934,0.3215197028742554,0.33906438713096265,0.3745458497321845,0.3987266384194872,liga
29256,La_liga,2025-10-25 14:15:00,2025-10-25 12:15:00,141,207,1,0.0,471,0.406260986795358,0.3936882448647964,0.4127430522725132,0.40863625193167863,0.4037675817253499,0.40373505983398955,liga
29248,La_liga,2025-10-25 16:30:00,2025-10-25 14:30:00,147,142,1,0.0,472,0.30906682117413414,0.19245922755221842,0.26706040049463126,0.2916866335169237,0.30798986263705885,0.31057371772844006,liga
29251,La_liga,2025-10-25 19:00:00,2025-10-25 17:00:00,146,154,2,0.0,473,0.6727619218218316,0.6043497078354313,0.6292827030290625,0.6360933124104552,0.6494538832399834,0.660212800308042,liga
29257,La_liga,2025-10-26 13:00:00,2025-10-26 11:00:00,239,151,2,0.0,475,0.5947890715800477,0.7044776874648185,0.6659315782923457,0.6408047199097903,0.6143851048967097,0.6032514615983743,liga
29254,La_liga,2025-10-26 15:15:00,2025-10-26 13:15:00,150,148,3,1.0,475,0.7782946280116533,0.830722401122308,0.8121515692772076,0.797242695817525,0.7834865189082315,0.7795200487950201,liga
29255,La_liga,2025-10-26 17:30:00,2025-10-26 15:30:00,157,152,5,1.0,476,0.5822257022197241,0.24825583745222773,0.33522662223074756,0.4024759513056786,0.49026195848953324,0.5376457614166977,liga
29252,La_liga,2025-10-26 20:00:00,2025-10-26 18:00:00,145,158,1,0.0,477,0.3635063178994864,0.23647520828851706,0.25630780204563763,0.2729398525405688,0.30810749302136053,0.3342401140049229,liga
29253,La_liga,2025-10-27 20:00:00,2025-10-27 18:00:00,153,143,2,0.0,479,0.5726198268835879,0.6601252185793386,0.6634405281443438,0.6538222185045907,0.6254882431749329,0.6015517814439463,liga
29262,La_liga,2025-10-31 20:00:00,2025-10-31 18:00:00,142,223,3,1.0,480,0.42492963843133597,0.4704503788073752,0.49103085066677066,0.4867041970730117,0.4657057655801895,0.44717815522692156,liga
29267,La_liga,2025-11-01 13:00:00,2025-11-01 11:00:00,154,145,4,1.0,481,0.5956959584930545,0.4001560153544132,0.47839534333930006,0.5156829550505909,0.5562944254321467,0.5766459417272833,liga
29259,La_liga,2025-11-01 15:15:00,2025-11-01 13:15:00,143,138,3,1.0,481,0.6393862293316183,0.7285382352597197,0.7379472111648246,0.7218295697094385,0.6868756495132714,0.663311445290135,liga
29264,La_liga,2025-11-01 17:30:00,2025-11-01 15:30:00,140,147,5,1.0,482,0.31721044646358953,0.19505065060426605,0.25157464948255853,0.27863778818574597,0.30496951755177243,0.31368456920247806,liga
29263,La_liga,2025-11-01 20:00:00,2025-11-01 18:00:00,150,146,4,1.0,483,0.7249766974438318,0.7420129185566755,0.7399161960224374,0.7279320732186371,0.7199195831703689,0.7206733951066427,liga
29265,La_liga,2025-11-02 13:00:00,2025-11-02 11:00:00,151,152,3,1.0,485,0.7552537709811956,0.6752716245772662,0.6822945046851192,0.6972643499968112,0.7219968629694933,0.7380123015460825,liga
29258,La_liga,2025-11-02 15:15:00,2025-11-02 13:15:00,158,141,3,1.0,485,0.3851468094647541,0.19220289508859692,0.24451240363635585,0.27166144514779017,0.3177106437490081,0.3498759548278187,liga
29260,La_liga,2025-11-02 17:30:00,2025-11-02 15:30:00,148,207,4,1.0,486,0.6641619408245871,0.5884033750246377,0.6314427231739139,0.639237593753247,0.6477916549200703,0.6547658466017942,liga
29261,La_liga,2025-11-02 20:00:00,2025-11-02 18:00:00,153,239,3,1.0,487,0.5079721993993592,0.6082499042033918,0.6007273758052528,0.5860621328171347,0.5563117153457434,0.5340282889137818,liga
29266,La_liga,2025-11-03 20:00:00,2025-11-03 18:00:00,289,157,0,0.0,489,0.48446737839284665,0.5742922126589768,0.48393219831007467,0.471032160987192,0.4723638990878858,0.47764796680886995,liga
29270,La_liga,2025-11-07 20:00:00,2025-11-07 18:00:00,207,140,2,0.0,490,0.38054672362154796,0.5304968631042518,0.4880300946491497,0.4642285059245259,0.42778298490729183,0.404571059549432,liga
29273,La_liga,2025-11-08 13:00:00,2025-11-08 11:00:00,223,158,1,0.0,491,0.47230716635174047,0.47266255899819887,0.42277263964788,0.41227359422240045,0.4248443893867669,0.44476195879040903,liga
29277,La_liga,2025-11-08 15:15:00,2025-11-08 13:15:00,138,157,1,0.0,491,0.5433931314168874,0.5396300921701269,0.5435261712222589,0.5421227343097713,0.5411415507768728,0.5416573105776117,liga
29269,La_liga,2025-11-08 17:30:00,2025-11-08 15:30:00,143,151,4,1.0,492,0.7680419074005602,0.8284314757837319,0.8160834282977044,0.8050969790475265,0.7877273055567463,0.777508646227682,liga
29271,La_liga,2025-11-08 20:00:00,2025-11-08 18:00:00,141,154,2,0.0,493,0.6297874845976331,0.5975230127290133,0.5951037920793475,0.5955521935803432,0.6045521384972096,0.6152021989790749,liga
29268,La_liga,2025-11-09 13:00:00,2025-11-09 11:00:00,147,289,1,0.0,495,0.49010077388508133,0.4069927592458222,0.3977512822094296,0.41030705965101094,0.4418710077221311,0.4650792269833764,liga
29272,La_liga,2025-11-09 15:15:00,2025-11-09 13:15:00,145,150,0,0.0,495,0.5711632976206904,0.6899959404935901,0.6427719402733603,0.6189149125718326,0.5929704962278615,0.581038231720853,liga
29275,La_liga,2025-11-09 17:30:00,2025-11-09 15:30:00,146,153,2,0.0,496,0.6028633419863473,0.6881102296762504,0.6640426394676489,0.6521363277062304,0.6338154824357868,0.6200622427086876,liga
29276,La_liga,2025-11-09 17:30:00,2025-11-09 15:30:00,239,142,1,0.0,496,0.2892853060561067,0.4681252139577101,0.4342913581455207,0.4018901272308694,0.3512801735004163,0.32033654675640894,liga
29274,La_liga,2025-11-09 20:00:00,2025-11-09 18:00:00,152,148,6,1.0,497,0.8216631824397388,0.8429550337994975,0.805242786880931,0.798870421824818,0.8026905112424723,0.8103780662898037,liga
29286,La_liga,2025-11-21 20:00:00,2025-11-21 18:00:00,146,151,1,0.0,500,0.6921093208619015,0.6234194200453264,0.6635050715944086,0.6760863392178712,0.6862927995543195,0.6898973792483885,liga
29278,La_liga,2025-11-22 13:00:00,2025-11-22 11:00:00,158,152,1,0.0,501,0.5220008144227511,0.5154659045111643,0.4448722503274542,0.43511347039851017,0.4572106578392295,0.48527709746786607,liga
29284,La_liga,2025-11-22 15:15:00,2025-11-22 13:15:00,148,147,4,1.0,501,0.6360127905540383,0.7783024349599861,0.714902980625167,0.6778570685123473,0.6431629561818439,0.6346808931102117,liga
29282,La_liga,2025-11-22 17:30:00,2025-11-22 15:30:00,157,140,4,1.0,502,0.42259053601951846,0.3990218252837342,0.4058614129354469,0.4171785629256972,0.42654719025341564,0.42662971417772066,liga
29287,La_liga,2025-11-22 20:00:00,2025-11-22 18:00:00,154,239,3,1.0,503,0.6148155762353541,0.7353305375351972,0.695681731306798,0.669024997336129,0.6378230451573859,0.6243096996127031,liga
29283,La_liga,2025-11-23 13:00:00,2025-11-23 11:00:00,289,145,0,0.0,505,0.32846458601197087,0.26562395064906075,0.29940973969706625,0.309748124038426,0.3195738030127452,0.32422836187177867,liga
29279,La_liga,2025-11-23 15:15:00,2025-11-23 13:15:00,153,223,2,0.0,505,0.6862678633934118,0.7513677311453069,0.7588215646672194,0.7509459480235974,0.7278613935526205,0.7088564325725916,liga
29285,La_liga,2025-11-23 17:30:00,2025-11-23 15:30:00,142,143,1,0.0,506,0.3847880082858755,0.48416729967700883,0.5075570739332075,0.49734759518276245,0.45719805073453174,0.42343264597427016,liga
29280,La_liga,2025-11-23 20:00:00,2025-11-23 18:00:00,207,150,4,1.0,507,0.5474480618065793,0.5450900247095684,0.5532907548186529,0.551103647653032,0.5482175330088351,0.5474804063420453,liga
29281,La_liga,2025-11-24 20:00:00,2025-11-24 18:00:00,141,138,3,1.0,509,0.5292186815190063,0.585636940198417,0.6090405260471098,0.5955122068419951,0.5653038690370096,0.5465717908282807,liga
29297,La_liga,2025-11-28 20:00:00,2025-11-28 18:00:00,142,207,1,0.0,510,0.32725046400682556,0.335510767817019,0.3635271880946724,0.3677587916921058,0.35761875178211217,0.3445334839921533,liga
29291,La_liga,2025-11-29 13:00:00,2025-11-29 11:00:00,239,157,4,1.0,511,0.40846690521460716,0.4807275371951632,0.4220831917855887,0.40697084797969124,0.40181169990719035,0.40395953805043566,liga
29294,La_liga,2025-11-29 15:15:00,2025-11-29 13:15:00,148,158,4,1.0,511,0.7438576706497675,0.6904342761650819,0.6492490220138497,0.6465682667780293,0.6756497865462595,0.7065428704486096,liga
29295,La_liga,2025-11-29 17:30:00,2025-11-29 15:30:00,151,147,2,0.0,512,0.556416311561889,0.510490655501725,0.5144455557406143,0.5137022832198975,0.5247187974234491,0.5383307236457726,liga
29288,La_liga,2025-11-29 20:00:00,2025-11-29 18:00:00,143,289,2,0.0,513,0.5905563563614423,0.5524380363445589,0.6173918073013689,0.6189400274499164,0.6072367614266538,0.5984716707372372,liga
29293,La_liga,2025-11-30 13:00:00,2025-11-30 11:00:00,140,154,5,1.0,515,0.5847871488005091,0.6972143396753008,0.6720765150071394,0.6554349286461538,0.6260031847603623,0.6058217505923975,liga
29296,La_liga,2025-11-30 15:15:00,2025-11-30 13:15:00,138,153,2,0.0,515,0.6170484459965512,0.659997484061859,0.6861467739176328,0.6842890737628711,0.6634851206803076,0.642918470458941,liga
29289,La_liga,2025-11-30 17:30:00,2025-11-30 15:30:00,152,141,1,0.0,516,0.6053571345113732,0.6329838225020908,0.6018707753565035,0.590961344079218,0.588285021282157,0.5939475815465681,liga
29290,La_liga,2025-11-30 20:00:00,2025-11-30 18:00:00,223,150,2,0.0,517,0.7131823636185483,0.6838462698304372,0.7216971757573156,0.7259174179211363,0.7224745541941802,0.7182287863248918,liga
29292,La_liga,2025-12-01 20:00:00,2025-12-01 18:00:00,145,146,2,0.0,519,0.4434359125590933,0.2101215408285444,0.32355763324851994,0.3671741229499218,0.4099296511456452,0.4285946284545793,liga
29342,La_liga,2025-12-02 20:00:00,2025-12-02 18:00:00,148,143,4,1.0,520,0.6879514734117003,0.6145794360632697,0.6974403915328121,0.7105254265018778,0.7072126869543882,0.6988817190230553,liga
29338,La_liga,2025-12-03 18:00:00,2025-12-03 16:00:00,147,150,3,1.0,521,0.49047937932244084,0.5464149988887271,0.521898886437569,0.5033324364613772,0.487890092233272,0.48636346318556756,liga
29306,La_liga,2025-12-05 20:00:00,2025-12-05 18:00:00,289,239,0,0.0,522,0.2608747296208307,0.2943062433188931,0.30521908014717836,0.2946699333486721,0.2772362897014385,0.26823860673303646,liga
29304,La_liga,2025-12-06 13:00:00,2025-12-06 11:00:00,154,142,2,0.0,523,0.5256637687024253,0.4654367194715194,0.5319715287302579,0.5468105345623049,0.5454334895979637,0.5372113464371862,liga
29298,La_liga,2025-12-06 15:15:00,2025-12-06 13:15:00,158,140,1,0.0,523,0.36661740696813405,0.564923571472695,0.45512716636698214,0.4162995450630673,0.38506861339977416,0.37419579813978493,liga
29302,La_liga,2025-12-06 17:30:00,2025-12-06 15:30:00,153,148,8,1.0,524,0.7789822580778943,0.7392938804438242,0.7748349957570813,0.7836889659318662,0.7862458903522265,0.7838228114050353,liga
29299,La_liga,2025-12-06 20:00:00,2025-12-06 18:00:00,147,143,1,0.0,525,0.4092958130260443,0.6088616870277472,0.5416127381810679,0.5011372041362764,0.45186995293704574,0.42825136276038095,liga
29300,La_liga,2025-12-07 13:00:00,2025-12-07 11:00:00,207,223,3,1.0,527,0.5133983756548627,0.4501213027604468,0.4874102797951451,0.4981226405349387,0.5063911500956211,0.5099522635737637,liga
29307,La_liga,2025-12-07 15:15:00,2025-12-07 13:15:00,146,138,2,0.0,527,0.5539309347999969,0.44392931159522403,0.5344375580928938,0.5575037624174806,0.565498741412319,0.5618712804376201,liga
29301,La_liga,2025-12-07 17:30:00,2025-12-07 15:30:00,141,145,1,0.0,528,0.39618333617717894,0.24002988520084254,0.315845232950033,0.34608440807436947,0.37421448634943677,0.3862317531624313,liga
29303,La_liga,2025-12-07 20:00:00,2025-12-07 18:00:00,150,152,2,0.0,529,0.7618419255799729,0.6885185990271844,0.7170127263170559,0.7246877886372566,0.7375846694786576,0.7483484089334839,liga
29305,La_liga,2025-12-08 20:00:00,2025-12-08 18:00:00,157,151,2,0.0,531,0.6313283720338095,0.5316183136144718,0.5460902778856516,0.5605333182964528,0.5883541726049695,0.6085758282588354,liga
29316,La_liga,2025-12-12 20:00:00,2025-12-12 18:00:00,140,223,3,1.0,532,0.5113135973614337,0.701659570223074,0.667552004366551,0.6340192839502661,0.5798729875443231,0.5458521949924476,liga
29309,La_liga,2025-12-13 13:00:00,2025-12-13 11:00:00,143,146,3,1.0,533,0.6202884936758951,0.5025725772141352,0.5933377447810199,0.6134128341999775,0.6224015432650076,0.6224133287880914,liga
29314,La_liga,2025-12-13 15:15:00,2025-12-13 13:15:00,239,207,4,1.0,533,0.37266890797831337,0.44609240487030266,0.43672272157031383,0.42129912640666567,0.39805160084746255,0.3849307230843081,liga
29310,La_liga,2025-12-13 17:30:00,2025-12-13 15:30:00,148,157,2,0.0,534,0.8277573210335918,0.9201469213839616,0.8734958588105439,0.8485749331271011,0.8274855507506829,0.8240331192524389,liga
29315,La_liga,2025-12-13 20:00:00,2025-12-13 18:00:00,142,141,1,0.0,535,0.32050443280855534,0.18703324822407394,0.26572209743250924,0.2978093300241385,0.3199627036182854,0.32317846445080595,liga
29317,La_liga,2025-12-14 13:00:00,2025-12-14 11:00:00,138,289,4,1.0,537,0.378043556705067,0.21394860894581838,0.33355082192221247,0.36333424018070387,0.3771408633179499,0.3784360675429139,liga
29312,La_liga,2025-12-14 15:15:00,2025-12-14 13:15:00,152,147,2,0.0,537,0.503827433255995,0.49875913149572554,0.47618520541593856,0.4670388467400138,0.4709948155395075,0.4835518305073842,liga
29308,La_liga,2025-12-14 20:00:00,2025-12-14 18:00:00,158,150,3,1.0,539,0.5267480981133132,0.4091016130043909,0.4128988423171949,0.4225324421567007,0.4573813747353512,0.4891158483754544,liga
29313,La_liga,2025-12-15 20:00:00,2025-12-15 18:00:00,145,153,0,0.0,540,0.4972701768394223,0.44663453856376145,0.47577522902579533,0.4919087562843873,0.5037925864216662,0.503489593586543,liga
29327,La_liga,2025-12-19 20:00:00,2025-12-19 18:00:00,146,239,2,0.0,541,0.438451226001969,0.5220729899318397,0.49974944991928605,0.48608366603598396,0.4658486157877746,0.45275433775853274,liga
29326,La_liga,2025-12-20 13:00:00,2025-12-20 11:00:00,289,152,0,0.0,542,0.43857775391690607,0.38127095955435464,0.38436700026238646,0.39337198840394216,0.4105603481284068,0.4233720574375414,liga
29321,La_liga,2025-12-20 15:15:00,2025-12-20 13:15:00,151,140,2,0.0,542,0.534455954353388,0.6074431339231956,0.6324476973643381,0.6200501156313525,0.586440297833145,0.5613512392108606,liga
29323,La_liga,2025-12-20 17:30:00,2025-12-20 15:30:00,157,158,3,1.0,543,0.41590708427498213,0.41113729578303476,0.34082310230211676,0.329733233853695,0.3489852530290935,0.37709090860365246,liga
29322,La_liga,2025-12-20 20:00:00,2025-12-20 18:00:00,150,138,2,0.0,544,0.7387066175211107,0.7452244043475834,0.7663364204454212,0.765597535173546,0.7551986876146078,0.7469521019967951,liga
29324,La_liga,2025-12-21 13:00:00,2025-12-21 11:00:00,223,143,3,1.0,546,0.618499464116507,0.6519653709381322,0.6627876075803888,0.6636390728119135,0.6514703248956082,0.6372886621727019,liga
29325,La_liga,2025-12-21 15:15:00,2025-12-21 13:15:00,154,148,2,0.0,546,0.8368177386844899,0.9016476219428143,0.8690374336057114,0.851095962921709,0.8350171829607657,0.8327024337538587,liga
29320,La_liga,2025-12-21 17:30:00,2025-12-21 15:30:00,207,145,4,1.0,547,0.3990009768772681,0.24396101521606947,0.3093686071265872,0.3403081542624848,0.3731306711298175,0.38768540653725714,liga
29319,La_liga,2025-12-21 20:00:00,2025-12-21 18:00:00,153,142,4,1.0,548,0.4375423265228927,0.41110641546137666,0.47146864422459756,0.48961431110094095,0.48527655659269536,0.4668921830132371,liga
29318,La_liga,2025-12-22 20:00:00,2025-12-22 18:00:00,147,141,3,1.0,550,0.4119214738474939,0.29421872524838893,0.3247080447493845,0.3366378288761327,0.36038568250619585,0.38259531312191347,liga
29335,La_liga,2026-01-02 20:00:00,2026-01-02 18:00:00,145,142,2,0.0,551,0.2828075331128055,0.12224423770392595,0.20323662811460905,0.24201439911737463,0.2756991602146104,0.2836324801586374,liga
29329,La_liga,2026-01-03 13:00:00,2026-01-03 11:00:00,152,146,5,1.0,552,0.6240612303453633,0.44833299425115386,0.5109486299164856,0.5384681572883616,0.5767489872234316,0.6002363036457067,liga
29331,La_liga,2026-01-03 15:15:00,2026-01-03 13:15:00,157,147,2,0.0,552,0.42029314505427046,0.5961043615834013,0.47196451195132316,0.4293741605772374,0.4051283873124329,0.4072874858352106,liga
29330,La_liga,2026-01-03 17:30:00,2026-01-03 15:30:00,207,154,4,1.0,553,0.648546989648769,0.7437638678709918,0.6784932813515788,0.6577851621608582,0.6446174045156094,0.6440324238319838,liga
29333,La_liga,2026-01-03 20:00:00,2026-01-03 18:00:00,141,148,2,0.0,554,0.7261546717045536,0.6185920766385357,0.675408678943196,0.6898598265357913,0.7036771292786156,0.713394982785226,liga
29337,La_liga,2026-01-04 13:00:00,2026-01-04 11:00:00,138,151,3,1.0,556,0.6473319278931852,0.5904122395636258,0.6563278587827651,0.6664037467412707,0.6617570358479105,0.6546855407616399,liga
29334,La_liga,2026-01-04 15:15:00,2026-01-04 13:15:00,150,153,6,1.0,556,0.7079740491802683,0.659294668559223,0.6911760031760411,0.7020391232015031,0.7102164337228088,0.7109195490811488,liga
29328,La_liga,2026-01-04 17:30:00,2026-01-04 15:30:00,158,289,2,0.0,557,0.2696648069552915,0.11989178575565948,0.1721596686927659,0.19223609284390367,0.22133641262453813,0.24312170109218217,liga
29336,La_liga,2026-01-04 17:30:00,2026-01-04 15:30:00,239,223,3,1.0,557,0.4910011212273851,0.6244773908034952,0.5988964338623863,0.5720180754996239,0.5320934076357001,0.5103085241961921,liga
29332,La_liga,2026-01-04 20:00:00,2026-01-04 18:00:00,140,143,2,0.0,558,0.4820505435322359,0.6041487392422472,0.6179479285913301,0.6067885860585592,0.5657485207160461,0.5280926466683642,liga
29339,La_liga,2026-01-09 20:00:00,2026-01-09 18:00:00,142,140,3,1.0,561,0.3068423014932831,0.3575282873262796,0.3871916471393466,0.3902433889291055,0.3689680537182612,0.3423129650827879,liga
29343,La_liga,2026-01-10 13:00:00,2026-01-10 11:00:00,289,153,2,0.0,562,0.4193569911180861,0.43619465336750624,0.45113278300319026,0.4523293688482057,0.44385523365638685,0.4335091969875825,liga
29341,La_liga,2026-01-10 15:15:00,2026-01-10 13:15:00,154,158,4,1.0,562,0.614485965333838,0.67061360918205,0.6135305112971288,0.5836195209929508,0.5727483034522205,0.5865027202995641,liga
29340,La_liga,2026-01-10 17:30:00,2026-01-10 15:30:00,223,157,1,0.0,563,0.5539190134278478,0.5482787835171231,0.529915692740228,0.5234372310197777,0.5283683824123411,0.5386974262055587,liga
29345,La_liga,2026-01-10 20:00:00,2026-01-10 18:00:00,146,207,2,0.0,564,0.5514624503143659,0.7090215194966982,0.6281258237516045,0.6004625467411117,0.5744609700120471,0.5623974064904536,liga
29347,La_liga,2026-01-11 13:00:00,2026-01-11 11:00:00,145,239,3,1.0,566,0.34699364622870466,0.3023386728694928,0.3210264159421954,0.3330397811142273,0.3440196570582638,0.34689471031583247,liga
29346,La_liga,2026-01-11 15:15:00,2026-01-11 13:15:00,151,141,2,0.0,566,0.5507629230795196,0.3908648082274038,0.45568170205809116,0.4859875852252612,0.517741155558299,0.5342221114778288,liga
29344,La_liga,2026-01-12 20:00:00,2026-01-12 18:00:00,138,152,1,0.0,568,0.6386507600971992,0.615482441946324,0.6158892927436331,0.623724743290721,0.6317230740306978,0.6351431441755573,liga
29355,La_liga,2026-01-16 20:00:00,2026-01-16 18:00:00,141,223,2,0.0,569,0.5357452928601689,0.398868660794761,0.47928360448890744,0.5072191012848012,0.5268127004411677,0.5322467303949978,liga
29351,La_liga,2026-01-17 13:00:00,2026-01-17 11:00:00,150,151,2,0.0,570,0.7970406154897818,0.7166216121247145,0.7647835621831663,0.7758468918020711,0.7841934004160172,0.7895858342084006,liga
29349,La_liga,2026-01-17 15:15:00,2026-01-17 13:15:00,239,147,5,1.0,570,0.354801730800086,0.4871561956833641,0.44903301596955175,0.417043712372552,0.38004583993756397,0.3649248125884212,liga
29357,La_liga,2026-01-17 17:30:00,2026-01-17 15:30:00,157,289,5,1.0,571,0.36123980343645096,0.25212195648500824,0.28508461586384237,0.29988058401542206,0.3233466588137944,0.3406818523000335,liga
29352,La_liga,2026-01-17 20:00:00,2026-01-17 18:00:00,153,154,2,0.0,572,0.7275707639376346,0.842089316924742,0.7891934234008596,0.7662972743387496,0.7442951680621694,0.7350352468857653,liga
29356,La_liga,2026-01-18 13:00:00,2026-01-18 11:00:00,142,146,1,0.0,574,0.37462120200847265,0.37341270820266015,0.37356361665308024,0.3848277113367436,0.39108277369649425,0.3862691277876327,liga
29348,La_liga,2026-01-18 15:15:00,2026-01-18 13:15:00,143,158,1,0.0,574,0.532757136069994,0.672660337247955,0.6084686182601697,0.570608293435089,0.5361238981414611,0.5292534413381565,liga
29353,La_liga,2026-01-18 17:30:00,2026-01-18 15:30:00,152,145,3,1.0,575,0.513718523500415,0.4259350710847767,0.4212141495947248,0.43425009504343376,0.4655070995004437,0.48863457387077164,liga
29350,La_liga,2026-01-18 20:00:00,2026-01-18 18:00:00,140,148,3,1.0,576,0.7189354798517017,0.7678576726548454,0.8057257456440092,0.8015512193018184,0.7751103993858376,0.7499657106052515,liga
29354,La_liga,2026-01-19 20:00:00,2026-01-19 18:00:00,207,138,4,1.0,578,0.5885837690038603,0.6812017627496795,0.6720065900718682,0.6573812670130841,0.6288952146336534,0.6091010734014629,liga
29363,La_liga,2026-01-23 20:00:00,2026-01-23 18:00:00,151,207,5,1.0,579,0.610748113157353,0.6308575511394001,0.6257465342326416,0.6211937761204203,0.6144922330357777,0.6117029374848078,liga
29366,La_liga,2026-01-24 13:00:00,2026-01-24 11:00:00,145,157,4,1.0,580,0.4206248340864361,0.44892942065255464,0.3841662958653499,0.37605954517114193,0.3867018539711715,0.40137159275180273,liga
29364,La_liga,2026-01-24 15:15:00,2026-01-24 13:15:00,146,141,5,1.0,580,0.4716178372892942,0.33611839365820967,0.3817261417072301,0.40787958728557394,0.4398398759980252,0.45670927226057395,liga
29358,La_liga,2026-01-24 17:30:00,2026-01-24 15:30:00,138,147,3,1.0,581,0.47413177076055363,0.5984212245482686,0.5601920084090765,0.5365068813423901,0.502902516340197,0.4862234567808843,liga
29367,La_liga,2026-01-24 20:00:00,2026-01-24 18:00:00,154,150,2,0.0,582,0.7164304789485398,0.6461007591094359,0.6586206596086832,0.6670108131094018,0.6845107792801969,0.6989679935008797,liga
29360,La_liga,2026-01-25 13:00:00,2026-01-25 11:00:00,143,239,3,1.0,584,0.5391459642662815,0.5933274244316151,0.6268840053076004,0.6232396048899512,0.5957048091993001,0.5699167621451856,liga
29361,La_liga,2026-01-25 15:15:00,2026-01-25 13:15:00,148,289,3,1.0,584,0.8265877930492195,0.7869700047764425,0.8153952071438142,0.8201880562895549,0.8213037411427403,0.8226091336752156,liga
29362,La_liga,2026-01-25 17:30:00,2026-01-25 15:30:00,140,152,4,1.0,585,0.5368356983000836,0.4603341721986128,0.5316066076019209,0.5511619461796019,0.5560898120553713,0.5491741657948783,liga
29359,La_liga,2026-01-25 20:00:00,2026-01-25 18:00:00,158,153,3,1.0,586,0.4994994551601095,0.554427661735816,0.5285188550766061,0.5093371359258898,0.4950435379569299,0.4947742808246235,liga
29365,La_liga,2026-01-26 20:00:00,2026-01-26 18:00:00,223,142,2,0.0,588,0.39301964014273794,0.410858930935137,0.3963557276458183,0.3977659839314119,0.4013932982768628,0.3998962941399768,liga
29371,La_liga,2026-01-30 20:00:00,2026-01-30 18:00:00,141,158,3,1.0,589,0.40130003541272213,0.47680988772693017,0.42135870343726095,0.3971020139406831,0.38182493285305263,0.3861582130335628,liga
29375,La_liga,2026-01-31 13:00:00,2026-01-31 11:00:00,289,223,1,0.0,590,0.3739983300103166,0.40283284116549795,0.3762591604871419,0.36886483115488206,0.3659121406516202,0.3683378121473475,liga
29370,La_liga,2026-01-31 15:15:00,2026-01-31 13:15:00,157,154,4,1.0,590,0.648351429099937,0.7047387100732166,0.643833900977759,0.6237084760834132,0.6190569435814937,0.6291459658698053,liga
29372,La_liga,2026-01-31 17:30:00,2026-01-31 15:30:00,151,143,0,0.0,591,0.6349656661380262,0.5211164431440317,0.5828877770261012,0.6092283417687396,0.6297648577740167,0.6345548668558337,liga
29373,La_liga,2026-01-31 20:00:00,2026-01-31 18:00:00,207,148,4,1.0,592,0.7950849451760347,0.8534763556820721,0.844913474149125,0.8337533369191118,0.8158346562713116,0.8050758304778591,liga
29377,La_liga,2026-02-01 13:00:00,2026-02-01 11:00:00,150,145,3,1.0,594,0.6248075839866357,0.801403988166305,0.7202639488438604,0.6844320758459921,0.6486167182519638,0.6343381610406723,liga
29368,La_liga,2026-02-01 15:15:00,2026-02-01 13:15:00,153,146,3,1.0,594,0.6484558700579132,0.730975775843095,0.7187520921812569,0.7071294289826549,0.6852132536102358,0.6684919739109909,liga
29374,La_liga,2026-02-01 17:30:00,2026-02-01 15:30:00,142,152,0,0.0,595,0.4299762316482341,0.40509822645312044,0.3998663310047537,0.4078471734187336,0.4215364162562622,0.4274364939292926,liga
29376,La_liga,2026-02-01 20:00:00,2026-02-01 18:00:00,147,140,2,0.0,596,0.42750275767507084,0.6933972552112869,0.598082217051374,0.5471681341356752,0.4860412777222712,0.455132754729885,liga
29369,La_liga,2026-02-02 20:00:00,2026-02-02 18:00:00,239,138,5,1.0,598,0.4934797767838338,0.7036704419664738,0.6656094039454791,0.6331518637983067,0.5739674846695502,0.5339415456462915,liga
29382,La_liga,2026-02-06 20:00:00,2026-02-06 18:00:00,152,157,3,1.0,599,0.6102827144618439,0.582376323492952,0.5665821188046255,0.5619514387438286,0.571160458012144,0.5867992087380626,liga
29381,La_liga,2026-02-07 15:15:00,2026-02-07 13:15:00,148,239,3,1.0,600,0.7988224140058372,0.9161912422085605,0.9010680168134608,0.8834954371096696,0.8486487228493729,0.8239793736108573,liga
29383,La_liga,2026-02-07 20:00:00,2026-02-07 18:00:00,140,207,4,1.0,601,0.5467600794715486,0.8543172651584423,0.7783481436442411,0.7291070142948086,0.6526423047335174,0.6014833586194227,liga
29378,La_liga,2026-02-08 13:00:00,2026-02-08 11:00:00,158,142,2,0.0,602,0.2805428462727893,0.2701733276772944,0.2706317016726482,0.2711415622429631,0.27347103161462055,0.27645408090039075,liga
29379,La_liga,2026-02-08 15:15:00,2026-02-08 13:15:00,147,151,6,1.0,602,0.5457470872647736,0.493127453958921,0.49505390442681413,0.4966430271579252,0.5083469425109625,0.52344739499003,liga
29386,La_liga,2026-02-08 15:15:00,2026-02-08 13:15:00,138,223,2,0.0,602,0.6055831446333072,0.5332729330056104,0.586280231256346,0.6057644562571816,0.6150990564712877,0.6125724024411783,liga
29380,La_liga,2026-02-08 17:30:00,2026-02-08 15:30:00,143,153,1,0.0,603,0.6163483840654119,0.5139619143891829,0.6012799790503628,0.6258895541919088,0.6367506677994705,0.6311376000136196,liga
29387,La_liga,2026-02-08 20:00:00,2026-02-08 18:00:00,146,150,2,0.0,605,0.6559342867174189,0.6510324715508449,0.6542804464968255,0.6533025446659387,0.6525166649975286,0.6535843458608454,liga
29384,La_liga,2026-02-09 20:00:00,2026-02-09 18:00:00,154,141,5,1.0,607,0.6650315396084677,0.6900764147183462,0.6644731898601827,0.6532593447608129,0.6475030226862316,0.6524794125720452,liga
29388,La_liga,2026-02-13 20:00:00,2026-02-13 18:00:00,207,157,0,0.0,608,0.6153159795053388,0.8440761821296129,0.753662852421002,0.7043979111728417,0.6513468110025183,0.6294709501927935,liga
29397,La_liga,2026-02-14 13:00:00,2026-02-14 11:00:00,141,152,4,1.0,609,0.564702860093898,0.5820716400541415,0.5343329376533458,0.5268698434971882,0.5345811205043055,0.5470838140514543,liga
29389,La_liga,2026-02-14 15:15:00,2026-02-14 13:15:00,142,154,3,1.0,609,0.4853451501213141,0.4501937883107746,0.47226982489570024,0.4846573787798208,0.4924102455273355,0.49094181912348983,liga
29392,La_liga,2026-02-14 17:30:00,2026-02-14 15:30:00,138,158,2,0.0,610,0.47299767662417985,0.5575056697502764,0.5266748690298874,0.5043254551449229,0.47892045345311623,0.4718741933207194,liga
29391,La_liga,2026-02-14 20:00:00,2026-02-14 18:00:00,150,140,5,1.0,611,0.6520911476120582,0.6324069133625946,0.6932805850942179,0.7057315724524159,0.6974010173937267,0.6792977607269207,liga
29393,La_liga,2026-02-15 13:00:00,2026-02-15 11:00:00,289,147,3,1.0,613,0.3419359693196793,0.5527293668192905,0.42687838100770525,0.38076435170244843,0.3455881974770184,0.3389355099070716,liga
29394,La_liga,2026-02-15 15:15:00,2026-02-15 13:15:00,145,143,3,1.0,613,0.4340122359204563,0.33591093928143984,0.3899542741691961,0.41182791761329696,0.4311294940577845,0.43555771051103515,liga
29390,La_liga,2026-02-15 17:30:00,2026-02-15 15:30:00,151,146,2,0.0,614,0.6144443360110299,0.654520229164391,0.6214913045242281,0.6141258660023172,0.6108379637882515,0.6116974732742647,liga
29396,La_liga,2026-02-15 20:00:00,2026-02-15 18:00:00,239,153,3,1.0,615,0.5438667747167585,0.7419173786056786,0.7193968948893632,0.6903864278617035,0.633949059065659,0.5915937739530229,liga
29395,La_liga,2026-02-16 20:00:00,2026-02-16 18:00:00,223,148,3,1.0,617,0.8089837225190495,0.5330523665791036,0.6811143510794435,0.735251080696706,0.7810650311417938,0.7977454205912494,liga
29311,La_liga,2026-02-18 19:00:00,2026-02-18 17:00:00,151,154,1,0.0,618,0.7458602546569137,0.7450655518941414,0.7308185602584536,0.7284132764810576,0.7304039687497998,0.7358755681510674,liga
29399,La_liga,2026-02-20 20:00:00,2026-02-20 18:00:00,147,207,3,1.0,619,0.5460931497696986,0.8091834197881326,0.7160213596493283,0.6601872499365252,0.5953638899301772,0.5664310780150499,liga
29407,La_liga,2026-02-21 13:00:00,2026-02-21 11:00:00,140,289,6,1.0,620,0.39582186055084506,0.7008544755395885,0.6205320439563718,0.5712891744179248,0.49418714210234943,0.4447052785832176,liga
29402,La_liga,2026-02-21 15:15:00,2026-02-21 13:15:00,153,145,2,0.0,620,0.542829929213643,0.6553634703554729,0.6289375699375532,0.6108318191453657,0.5837628146680333,0.5648314230567428,liga
29405,La_liga,2026-02-21 17:30:00,2026-02-21 15:30:00,157,150,3,1.0,621,0.6144891040300193,0.5319080017066138,0.5626324808019868,0.5714300568177784,0.5858477727627528,0.5984105124808053,liga
29400,La_liga,2026-02-21 20:00:00,2026-02-21 18:00:00,143,141,6,1.0,622,0.5676193617614221,0.5268192216139489,0.5655440835086137,0.572209882369007,0.5711834917253462,0.5688086713835844,liga
29404,La_liga,2026-02-22 13:00:00,2026-02-22 11:00:00,142,138,1,0.0,624,0.3921375146115759,0.40298766949620657,0.40749559951630876,0.41800660284754715,0.4208642386382648,0.4112512650529004,liga
29401,La_liga,2026-02-22 15:15:00,2026-02-22 13:15:00,148,151,3,1.0,624,0.8996658019743969,0.8129218090367727,0.8602745826031343,0.8751673082494565,0.8872022410448587,0.8929895458740605,liga
29403,La_liga,2026-02-22 17:30:00,2026-02-22 15:30:00,152,239,2,0.0,625,0.5725767941206249,0.7314426089553974,0.6856373946975524,0.6563487633756773,0.6155024324491927,0.5925612508689713,liga
29406,La_liga,2026-02-22 20:00:00,2026-02-22 18:00:00,154,146,3,1.0,626,0.7212055405433903,0.6646237388754065,0.6995732049556115,0.706607942788286,0.7106468184760337,0.7142906334455064,liga
29398,La_liga,2026-02-23 20:00:00,2026-02-23 18:00:00,158,223,4,1.0,628,0.46280322243607425,0.3706727392308136,0.3886387913756795,0.3963833308644745,0.41557093257584493,0.43549398482792706,liga
29412,La_liga,2026-02-27 20:00:00,2026-02-27 18:00:00,151,158,2,0.0,629,0.4787654481951431,0.47129166044576937,0.4599657115570388,0.4512393426331046,0.4481802502827918,0.4576111252096733,liga
29413,La_liga,2026-02-28 13:00:00,2026-02-28 11:00:00,145,147,2,0.0,630,0.38832284034541553,0.6699537780138528,0.5512631195479789,0.4916847933073362,0.4299549665220815,0.4046966893020105,liga
29408,La_liga,2026-02-28 15:15:00,2026-02-28 13:15:00,148,154,5,1.0,630,0.8488375338481715,0.7827642925513073,0.8101294580295142,0.8160038373652411,0.8245228942498776,0.8341221717413413,liga
29411,La_liga,2026-02-28 17:30:00,2026-02-28 15:30:00,239,140,1,0.0,631,0.4570469181610083,0.8594786388338118,0.7873830996438111,0.7279491978321765,0.6183594534804616,0.5396451060887092,liga
29414,La_liga,2026-02-28 20:00:00,2026-02-28 18:00:00,289,143,1,0.0,632,0.5073365615128699,0.6505044043136495,0.5507468067591621,0.5329599541106134,0.5220830808988005,0.5158387509732651,liga
29410,La_liga,2026-03-01 13:00:00,2026-03-01 11:00:00,207,141,4,1.0,634,0.5828913222609432,0.8377268176301302,0.7596794663993316,0.7097402177644655,0.6443007649097582,0.6103944006369767,liga
29417,La_liga,2026-03-01 15:15:00,2026-03-01 13:15:00,146,157,1,0.0,634,0.5293187591166922,0.5720895872362284,0.5533128266048912,0.5384264849566028,0.5260292503115238,0.5251508503478066,liga
29409,La_liga,2026-03-01 17:30:00,2026-03-01 15:30:00,153,138,4,1.0,635,0.6584257673102628,0.5958857959216731,0.671628406002176,0.6911309951075943,0.6929786036708577,0.6806827191226741,liga
29415,La_liga,2026-03-01 20:00:00,2026-03-01 18:00:00,223,152,3,1.0,636,0.6283248008455075,0.5021590634599467,0.5136639503914336,0.5361979593060329,0.5748152337307092,0.6006863147975898,liga
29416,La_liga,2026-03-02 20:00:00,2026-03-02 18:00:00,150,142,1,0.0,638,0.537550378798078,0.4950885918516869,0.5475833426669654,0.563237237142437,0.5647393376513294,0.5549244797075498,liga
29385,La_liga,2026-03-04 18:00:00,2026-03-04 16:00:00,145,289,3,1.0,639,0.37444212825948836,0.5399892621333271,0.4413772640901317,0.40696220023403173,0.3819167293071589,0.3756900170555873,liga
29420,La_liga,2026-03-06 20:00:00,2026-03-06 18:00:00,152,150,3,1.0,640,0.6699020396974948,0.5210537158944156,0.5368606737768118,0.5607417372093171,0.6059195630316139,0.637273933238915,liga
29426,La_liga,2026-03-07 13:00:00,2026-03-07 11:00:00,157,239,4,1.0,641,0.47701794481326726,0.6007042533867238,0.6047697578941741,0.5783089529292582,0.5307037337695454,0.5021817377187228,liga
29425,La_liga,2026-03-07 15:15:00,2026-03-07 13:15:00,151,223,2,0.0,641,0.6014145638730192,0.5056213798657847,0.5243531478087293,0.542682866912352,0.5684771102853299,0.5843619071421204,liga
29419,La_liga,2026-03-07 17:30:00,2026-03-07 15:30:00,143,140,5,1.0,642,0.5654835434477979,0.6625419223308625,0.6597908511777504,0.6581117195798565,0.6362623263897055,0.6074420764874453,liga
29418,La_liga,2026-03-07 20:00:00,2026-03-07 18:00:00,147,148,1,0.0,643,0.658690045739693,0.7735696766249145,0.7692758715188395,0.7497559427724527,0.7081796072871269,0.6812245791100601,liga
29424,La_liga,2026-03-08 13:00:00,2026-03-08 11:00:00,154,207,3,1.0,645,0.7624671728379774,0.8330470545350718,0.8188085637923572,0.8044781588386594,0.7829942198016396,0.7714130530934923,liga
29423,La_liga,2026-03-08 15:15:00,2026-03-08 13:15:00,142,153,2,0.0,645,0.41082113232540285,0.3110480572115216,0.3706809210591381,0.40111476821262787,0.42602500929519643,0.42564847024895053,liga
29427,La_liga,2026-03-08 17:30:00,2026-03-08 15:30:00,138,145,2,0.0,646,0.47951189409583805,0.5561231128977041,0.5382159509673554,0.526395611431938,0.5072699684121783,0.49388391607322774,liga
29422,La_liga,2026-03-08 20:00:00,2026-03-08 18:00:00,146,158,5,1.0,647,0.44274472410580484,0.4985468610603107,0.4668181405984871,0.44579123657968495,0.429616574723581,0.43125868633100733,liga
29421,La_liga,2026-03-09 20:00:00,2026-03-09 18:00:00,141,289,2,0.0,649,0.458273682640867,0.7660509607780631,0.6466216026356062,0.5907761586895992,0.5248358079244525,0.48970469738819666,liga
29428,La_liga,2026-03-13 20:00:00,2026-03-13 18:00:00,158,154,2,0.0,650,0.5904429611481489,0.745907395053811,0.6737262856215017,0.6332943716369811,0.5914341375719236,0.5823625247777309,liga
29433,La_liga,2026-03-14 13:00:00,2026-03-14 11:00:00,223,147,3,1.0,651,0.4960650614730734,0.5496806597439362,0.5422060027933047,0.5245664544427465,0.5022495365372591,0.4958552812091885,liga
29429,La_liga,2026-03-14 15:15:00,2026-03-14 13:15:00,143,142,1,0.0,651,0.4210101919055505,0.3141810860993088,0.3685062949764046,0.4031036721455849,0.4323763653724748,0.43373149212465245,liga
29432,La_liga,2026-03-14 17:30:00,2026-03-14 15:30:00,289,146,1,0.0,652,0.40755196690610984,0.577907919248884,0.5023391978104609,0.46979695178206365,0.43702081246341545,0.42160511745001505,liga
29434,La_liga,2026-03-14 20:00:00,2026-03-14 18:00:00,150,207,5,1.0,653,0.7637251316903639,0.8353086579747873,0.8241546486337116,0.8103658488868867,0.7889351008285611,0.7761051166752413,liga
29435,La_liga,2026-03-15 13:00:00,2026-03-15 11:00:00,239,141,3,1.0,655,0.47582330739912726,0.8057420524750556,0.7328317857784705,0.6752871365475415,0.583653417140016,0.5274998351529805,liga
29430,La_liga,2026-03-15 15:15:00,2026-03-15 13:15:00,148,138,7,1.0,655,0.8625019976359267,0.8202040038770122,0.8585746809141835,0.8687001920667063,0.8706358981946306,0.8673170201548455,liga
29431,La_liga,2026-03-15 17:30:00,2026-03-15 15:30:00,153,152,2,0.0,656,0.6731098826936701,0.6182093452625234,0.61978738569003,0.6304883893507479,0.6511772224508732,0.6634092370626112,liga
29437,La_liga,2026-03-15 20:00:00,2026-03-15 18:00:00,140,157,4,1.0,657,0.5121732588895904,0.7859344711544166,0.7230495152017477,0.6782999524168855,0.606522162357325,0.5595820755598943,liga
29436,La_liga,2026-03-16 20:00:00,2026-03-16 18:00:00,145,151,2,0.0,659,0.5073024809747505,0.5705413476675728,0.524249238503193,0.5086411152515281,0.49947765345567663,0.5006858631825745,liga
29438,La_liga,2026-03-20 20:00:00,2026-03-20 18:00:00,154,140,4,1.0,660,0.6940633651431634,0.8717819934398614,0.8395077449293459,0.8156027562911744,0.7706785410188884,0.7353591751100089,liga
29440,La_liga,2026-03-21 13:00:00,2026-03-21 11:00:00,207,239,3,1.0,661,0.5707032826006688,0.7984371923403195,0.7619746068037678,0.727280452574581,0.6637869350850198,0.6186585780197293,liga
29442,La_liga,2026-03-21 15:15:00,2026-03-21 13:15:00,141,142,3,1.0,661,0.3501887377202513,0.39976415892887923,0.40035427900876736,0.3984845256842166,0.38628030670361485,0.371086035669189,liga
29443,La_liga,2026-03-21 17:30:00,2026-03-21 15:30:00,151,289,6,1.0,662,0.4485317273144748,0.44024507387367523,0.44594309694625794,0.44632093901402364,0.44562351516434934,0.44594907080362034,liga
29447,La_liga,2026-03-21 17:30:00,2026-03-21 15:30:00,157,223,1,0.0,662,0.5844459857482185,0.6225131767039485,0.5950300479683239,0.5869911667997688,0.5805699978476098,0.5803713899829382,liga
29444,La_liga,2026-03-21 20:00:00,2026-03-21 18:00:00,138,146,2,0.0,663,0.584699102384435,0.6947101812574328,0.658353876109431,0.6435647584605203,0.6204402273675945,0.6035857108105421,liga
29441,La_liga,2026-03-22 13:00:00,2026-03-22 11:00:00,148,145,1,0.0,666,0.7642878706416841,0.7814441081899409,0.7904033560985465,0.7876758535402953,0.7775081951324886,0.7702649359876486,liga
29445,La_liga,2026-03-22 15:15:00,2026-03-22 13:15:00,152,158,7,1.0,666,0.5478007375131585,0.6702983835277506,0.6100503290587317,0.5724010469722559,0.5367792375557257,0.5332797722952392,liga
29439,La_liga,2026-03-22 17:30:00,2026-03-22 15:30:00,147,153,3,1.0,667,0.5362727338986422,0.5933652702713053,0.6097553282556306,0.5998365413311264,0.574282614642528,0.555364539571494,liga
29446,La_liga,2026-03-22 20:00:00,2026-03-22 18:00:00,150,143,5,1.0,668,0.5667394010858442,0.6087659471128952,0.5809904366985098,0.5775337811180767,0.5762777905629125,0.5734169619543363,liga
29456,La_liga,2026-04-03 19:00:00,2026-04-03 17:00:00,145,207,1,0.0,670,0.5283659956931628,0.6433243078215605,0.6079743128234338,0.5823337310368089,0.5535134972448291,0.5399896909863238,liga
29457,La_liga,2026-04-04 12:00:00,2026-04-04 10:00:00,140,151,2,0.0,671,0.605415002074862,0.85020672716532,0.7998980699654638,0.7671138169895635,0.7060705128490722,0.6588299221641892,liga
29452,La_liga,2026-04-04 14:15:00,2026-04-04 12:15:00,239,150,3,1.0,671,0.6048297811000191,0.7910310882319148,0.7485874779601802,0.7208660144293966,0.6737847401139049,0.6405571793028573,liga
29450,La_liga,2026-04-04 16:30:00,2026-04-04 14:30:00,153,141,0,0.0,672,0.6262467488890184,0.7626463001990372,0.7478666782963918,0.7268972269209732,0.6863632118794735,0.6571792745661215,liga
29449,La_liga,2026-04-04 19:00:00,2026-04-04 17:00:00,143,148,3,1.0,673,0.6764671634987245,0.7038897953082135,0.6816692607280437,0.6833721335923034,0.685630117232509,0.6830763023356885,liga
29455,La_liga,2026-04-05 12:00:00,2026-04-05 10:00:00,142,147,2,0.0,675,0.302942410925729,0.42494774752374004,0.3849278304191495,0.36514707595562046,0.33776158975199627,0.32063097086486025,liga
29454,La_liga,2026-04-05 14:15:00,2026-04-05 12:15:00,146,152,5,1.0,675,0.6114503066930048,0.6951758455032387,0.6210325099647257,0.6013260515889997,0.5946316071585634,0.6000854377752689,liga
29453,La_liga,2026-04-05 16:30:00,2026-04-05 14:30:00,289,138,1,0.0,676,0.4658619354868099,0.7281243154460182,0.6234259148412191,0.5790851200835769,0.5265472410143126,0.4962020212157118,liga
29448,La_liga,2026-04-05 19:00:00,2026-04-05 17:00:00,158,157,4,1.0,677,0.4643019672000475,0.7331623633831964,0.6234757807564434,0.5614342713123471,0.4926200773013573,0.4691477364433645,liga
29451,La_liga,2026-04-06 19:00:00,2026-04-06 17:00:00,223,154,1,0.0,679,0.6958847243321747,0.6316883608307967,0.6370536650561809,0.6449234059493599,0.6636790277980437,0.6787270309762846,liga
29462,La_liga,2026-04-10 19:00:00,2026-04-10 17:00:00,150,223,2,0.0,680,0.7604812864609001,0.6030653170486272,0.6665567018951645,0.7001975340048582,0.736147566854583,0.7508003254011769,liga
29464,La_liga,2026-04-11 12:00:00,2026-04-11 10:00:00,140,158,6,1.0,681,0.487464390670559,0.9245521970787578,0.843121053303329,0.770180752531026,0.6419616412957159,0.5606843714608925,liga
29465,La_liga,2026-04-11 14:15:00,2026-04-11 12:15:00,207,146,1,0.0,681,0.6177325447041916,0.7143933767532654,0.6879400450047232,0.6702417984404823,0.6455242573815351,0.6312474806372852,liga
29459,La_liga,2026-04-11 16:30:00,2026-04-11 14:30:00,148,141,5,1.0,682,0.8314642770849532,0.8716331477196169,0.8853242849487076,0.8751410613947049,0.8524568588082669,0.839339855048661,liga
29463,La_liga,2026-04-11 19:00:00,2026-04-11 17:00:00,138,143,3,1.0,683,0.5855352702010341,0.6552016657110583,0.6434685343759432,0.6386391329665886,0.6248410595507456,0.6087201686155678,liga
29460,La_liga,2026-04-12 12:00:00,2026-04-12 10:00:00,157,153,2,0.0,685,0.5847623775303558,0.542228514201056,0.5799053104057055,0.5860247483692833,0.5876562927390598,0.5868528393608311,liga
29466,La_liga,2026-04-12 14:15:00,2026-04-12 12:15:00,239,145,3,1.0,685,0.3960910952207398,0.4722135772201171,0.49679718740432427,0.4849402204907695,0.4508425954222232,0.4243386811262547,liga
29467,La_liga,2026-04-12 16:30:00,2026-04-12 14:30:00,152,289,3,1.0,686,0.6070627982889887,0.8205340616368664,0.735320898341249,0.6911453526407692,0.6417245792219175,0.6203025813139345,liga
29458,La_liga,2026-04-12 19:00:00,2026-04-12 17:00:00,147,154,3,1.0,687,0.5903475667398849,0.6214300803783599,0.6474833114767449,0.6362236588371062,0.6099460726752285,0.5959967181330551,liga
29461,La_liga,2026-04-13 19:00:00,2026-04-13 17:00:00,151,142,1,0.0,689,0.3993064435872997,0.35457822888085083,0.36015950292995047,0.3744385568577275,0.3933220953462345,0.39938939109934435,liga
29478,La_liga,2026-04-21 18:00:00,2026-04-21 16:00:00,147,157,1,0.0,690,0.48881255278333685,0.5910007652614542,0.5729961971578993,0.5457141190410307,0.5071658061716726,0.4921277762134893,liga
29481,La_liga,2026-04-21 18:00:00,2026-04-21 16:00:00,239,146,2,0.0,690,0.5013696838481917,0.6906308354621657,0.6547501573522809,0.6273971473809075,0.5764122799868454,0.5398778737973946,liga
29483,La_liga,2026-04-21 19:30:00,2026-04-21 17:30:00,150,158,3,1.0,690,0.6932565391260773,0.9341406547865668,0.877632281324618,0.8318904555590864,0.7587462826712392,0.7191790498777703,liga
29485,La_liga,2026-04-21 19:30:00,2026-04-21 17:30:00,223,153,5,1.0,690,0.6008376751708966,0.35434931891740645,0.45471777959417253,0.5020944893152698,0.5586480059771053,0.5846658518907465,liga
29484,La_liga,2026-04-22 17:00:00,2026-04-22 15:00:00,207,143,5,1.0,694,0.5972630791976877,0.6428038309163288,0.6530706311712721,0.6465481973169397,0.630582911827609,0.616318418702282,liga
29487,La_liga,2026-04-22 18:00:00,2026-04-22 16:00:00,140,142,1,0.0,694,0.3640241015664386,0.52676751810349,0.5219322133867172,0.5107672025635847,0.4678253984376537,0.42256880376458744,liga
29479,La_liga,2026-04-22 19:30:00,2026-04-22 17:30:00,148,152,1,0.0,694,0.8652830953953342,0.9524587858597249,0.9027150861782093,0.8801386636935854,0.8618203296660761,0.8596934820904513,liga
29480,La_liga,2026-04-23 17:00:00,2026-04-23 15:00:00,151,138,2,0.0,697,0.6095137668277973,0.5906530425626015,0.6120837583198543,0.6184469665089075,0.6193144599123102,0.6154148676594672,liga
29486,La_liga,2026-04-23 18:00:00,2026-04-23 16:00:00,145,141,1,0.0,697,0.4451878902212045,0.5619862005044426,0.5453882813024539,0.5178202524114177,0.47918994108140756,0.4596064059820668,liga
29482,La_liga,2026-04-23 19:30:00,2026-04-23 17:30:00,289,154,2,0.0,697,0.602862184805555,0.6371847342628287,0.6228191547072727,0.6112560739445414,0.6017823443920813,0.6006060302078678,liga
29474,La_liga,2026-04-24 19:00:00,2026-04-24 17:00:00,153,150,2,0.0,700,0.6725283479469786,0.7029707585699969,0.6823279141293446,0.680816176268673,0.6808179736215351,0.678693874001377,liga
29473,La_liga,2026-04-25 12:00:00,2026-04-25 10:00:00,158,239,3,1.0,701,0.4588564483768088,0.8547432744594881,0.7757183726323131,0.7063072373248156,0.5895826154778026,0.5188478937627486,liga
29469,La_liga,2026-04-25 14:15:00,2026-04-25 12:15:00,142,148,2,0.0,701,0.5582084169785975,0.26513737698359247,0.3831800900946652,0.4468289118417758,0.516678889057981,0.5441311572856115,liga
29472,La_liga,2026-04-25 16:30:00,2026-04-25 14:30:00,146,223,3,1.0,702,0.5693201499855339,0.5641044528936234,0.5423330458156839,0.5452432943257853,0.555937684585968,0.5631638922679579,liga
29468,La_liga,2026-04-25 19:00:00,2026-04-25 17:00:00,143,147,5,1.0,703,0.5065373317051911,0.7049526139651017,0.6800997017438912,0.6538416513257679,0.598277372680895,0.5543471140289477,liga
29475,La_liga,2026-04-26 12:00:00,2026-04-26 10:00:00,145,140,6,1.0,705,0.4414955027242881,0.5538116465024173,0.5787017451640827,0.56471806444637,0.5230758513366695,0.4861721284362976,liga
29471,La_liga,2026-04-26 14:15:00,2026-04-26 12:15:00,289,207,3,1.0,705,0.5080374673285909,0.6888968505259246,0.642409633950113,0.60661308322073,0.5592366878851308,0.5328771319558258,liga
29476,La_liga,2026-04-26 16:30:00,2026-04-26 14:30:00,157,138,3,1.0,706,0.5749520621530313,0.5370949275518688,0.5991367637687456,0.6043139051333385,0.5945504502620188,0.5845941898755794,liga
29470,La_liga,2026-04-26 19:00:00,2026-04-26 17:00:00,154,152,3,1.0,707,0.7512181194894139,0.7149549032609152,0.72485076044433,0.7212284203611542,0.7230707830325943,0.7327855387897875,liga
29477,La_liga,2026-04-27 19:00:00,2026-04-27 17:00:00,141,151,0,0.0,709,0.5649096217269368,0.4947993206697227,0.5534744330417173,0.5662831244417171,0.5697537923544006,0.567381667113713,liga
29497,La_liga,2026-05-01 19:00:00,2026-05-01 17:00:00,223,239,1,0.0,710,0.5178079179148142,0.6404071499507452,0.6225664303264689,0.6066017822988882,0.5723882352760524,0.5461361869499956,liga
29489,La_liga,2026-05-02 12:00:00,2026-05-02 10:00:00,154,151,6,1.0,711,0.7332382215287757,0.43080861446525665,0.5803694149384999,0.6326744317470105,0.6831917641173293,0.7081896889322005,liga
29495,La_liga,2026-05-02 14:15:00,2026-05-02 12:15:00,146,143,2,0.0,711,0.5682149914490037,0.7756137126123546,0.6865836763370498,0.6480228838874961,0.6077324197439297,0.5873604354146899,liga
29491,La_liga,2026-05-02 16:30:00,2026-05-02 14:30:00,158,147,6,1.0,712,0.4454952816976534,0.8430911185429636,0.7487395825790442,0.6710186650810384,0.5513855429817202,0.4884672054265582,liga
29488,La_liga,2026-05-02 19:00:00,2026-05-02 17:00:00,157,148,3,1.0,713,0.7279737139860717,0.5345445708063585,0.6178378576067894,0.6494016435504889,0.6842336713931103,0.7049912845681264,liga
29493,La_liga,2026-05-03 12:00:00,2026-05-03 10:00:00,152,207,4,1.0,715,0.6971510038162432,0.7174844959881749,0.727224213568464,0.719702981914317,0.7059149481089816,0.6997202443274878,liga
29496,La_liga,2026-05-03 14:15:00,2026-05-03 12:15:00,142,145,2,0.0,715,0.28234293774648195,0.26302137754955646,0.26833126515910977,0.27406586568861224,0.28253193945521743,0.2848370947193729,liga
29492,La_liga,2026-05-03 16:30:00,2026-05-03 14:30:00,153,289,3,1.0,716,0.5844827805942193,0.5331891008015928,0.569045124177648,0.584889232964897,0.5967193078981196,0.595061199898691,liga
29494,La_liga,2026-05-03 19:00:00,2026-05-03 17:00:00,141,150,2,0.0,717,0.6232376213283367,0.5086214561381786,0.6184190291190106,0.6337562204720434,0.6323784577446285,0.6271889890550698,liga
29490,La_liga,2026-05-04 19:00:00,2026-05-04 17:00:00,138,140,1,0.0,719,0.5762297089286784,0.7654873745968257,0.7639813589695627,0.7465749572171528,0.6947653755031963,0.6434125298582446,liga
29501,La_liga,2026-05-08 19:00:00,2026-05-08 17:00:00,151,157,5,1.0,720,0.5603848223866835,0.5126065070740887,0.5278652673749348,0.5326508160416138,0.5392775433138625,0.5469507266064431,liga
29503,La_liga,2026-05-09 12:00:00,2026-05-09 10:00:00,207,158,2,0.0,721,0.5987000468245143,0.9002394631890782,0.8370261890819009,0.783823766172085,0.6950342433908212,0.6417146277952492,liga
29505,La_liga,2026-05-09 14:15:00,2026-05-09 12:15:00,138,141,3,1.0,721,0.5395193521389257,0.3443409532269955,0.49239039207505725,0.533450918008402,0.5531684426268794,0.5500535081412169,liga
29499,La_liga,2026-05-09 16:30:00,2026-05-09 14:30:00,143,152,1,0.0,722,0.6716025639712736,0.8274911664198293,0.7666404183949301,0.7324083340553977,0.6956638127572714,0.6805660138898735,liga
29504,La_liga,2026-05-09 19:00:00,2026-05-09 17:00:00,140,153,4,1.0,723,0.5925540033288117,0.6859805752235415,0.7153273780302712,0.7147221449872763,0.6863622732261251,0.6488592133992808,liga
29502,La_liga,2026-05-10 12:00:00,2026-05-10 10:00:00,239,154,2,0.0,725,0.6151959959571872,0.6280282591629752,0.6718815283283469,0.6730721579984722,0.6546719541393854,0.636154660160115,liga
29498,La_liga,2026-05-10 14:15:00,2026-05-10 12:15:00,147,146,1,0.0,725,0.526921077698335,0.6694710978915299,0.6249772768316181,0.5965048642393851,0.5572013159678167,0.5381622072455066,liga
29506,La_liga,2026-05-10 16:30:00,2026-05-10 14:30:00,289,142,0,0.0,726,0.2729039367846208,0.26867320965650754,0.2777299765896892,0.28082573777677405,0.28362173427456644,0.28120304309584276,liga
29500,La_liga,2026-05-10 19:00:00,2026-05-10 17:00:00,148,150,2,0.0,727,0.7628939142029992,0.5551626051322882,0.6510134876636717,0.6866913371018903,0.7255924303066975,0.7453968305093599,liga
29507,La_liga,2026-05-11 19:00:00,2026-05-11 17:00:00,145,223,2,0.0,729,0.4836472395353598,0.5053202947136618,0.4715027915197455,0.46639182610751323,0.4693155077317099,0.4752354070668119,liga
29510,La_liga,2026-05-12 17:00:00,2026-05-12 15:00:00,152,151,5,1.0,730,0.6977302556714119,0.7128558124353692,0.6928447539800586,0.6855919612481507,0.6827811567159159,0.6869509085041944,liga
29509,La_liga,2026-05-12 18:00:00,2026-05-12 16:00:00,153,207,3,1.0,730,0.6937904499501598,0.7461826963480244,0.7370521482664336,0.7342099356485591,0.7250353647803532,0.7131966136391152,liga
29514,La_liga,2026-05-12 19:30:00,2026-05-12 17:30:00,157,143,3,1.0,730,0.5458527922107754,0.7171126700638866,0.6644824636886189,0.6309721500520116,0.5871524734617247,0.5642588007545885,liga
29513,La_liga,2026-05-13 17:00:00,2026-05-13 15:00:00,141,147,2,0.0,733,0.4648208340910897,0.4954923993873102,0.5463825830280233,0.5447630794645417,0.5157957763840134,0.48980144945687853,liga
29516,La_liga,2026-05-13 17:00:00,2026-05-13 15:00:00,154,138,5,1.0,733,0.7437634071783862,0.6698547103005448,0.7232821925391132,0.7396508266212379,0.7482381035648006,0.7472556159370042,liga
29508,La_liga,2026-05-13 19:30:00,2026-05-13 17:30:00,158,148,1,0.0,733,0.7316941454107656,0.7877987631269935,0.799486871614692,0.7883825292524973,0.7595188898879707,0.7416389041925341,liga
29511,La_liga,2026-05-13 19:30:00,2026-05-13 17:30:00,142,239,4,1.0,733,0.3031983733384154,0.17407507599177954,0.25868170282639785,0.2940373668578189,0.3194541762815151,0.31829354046799313,liga
29515,La_liga,2026-05-14 17:00:00,2026-05-14 15:00:00,146,145,2,0.0,737,0.44340919152692765,0.39030408623337765,0.42480294441124394,0.43268666974299824,0.4385626386451585,0.44121840437612353,liga
29512,La_liga,2026-05-14 18:00:00,2026-05-14 16:00:00,223,140,2,0.0,737,0.5588597559552401,0.6459851525648078,0.6643359568537268,0.6590580808748966,0.6313647620520643,0.6007046289822249,liga
29517,La_liga,2026-05-14 19:30:00,2026-05-14 17:30:00,150,289,2,0.0,737,0.7018684845783955,0.5106640851076998,0.6255551551607782,0.6587915351064381,0.6846987300836486,0.6942317343037628,liga
29518,La_liga,2026-05-17 17:00:00,2026-05-17 15:00:00,147,152,2,0.0,740,0.5777930298556092,0.7154962173563245,0.6859111685337584,0.6547359989963013,0.6089028127476724,0.5875071685105028,liga
29519,La_liga,2026-05-17 17:00:00,2026-05-17 15:00:00,148,153,4,1.0,740,0.8119896191497367,0.569052998055384,0.68039275376033,0.7290428595514463,0.7780392109752713,0.7984195879783887,liga
29520,La_liga,2026-05-17 17:00:00,2026-05-17 15:00:00,143,223,1,0.0,740,0.6577910090534101,0.5773964243430859,0.5934261761867342,0.6093329385032086,0.6368315600799077,0.6506251664265512,liga
29521,La_liga,2026-05-17 17:00:00,2026-05-17 15:00:00,140,146,7,1.0,740,0.5469137914992506,0.583054120768514,0.6495392815220132,0.6558889824552929,0.6304862829816535,0.5957755599076866,liga
29522,La_liga,2026-05-17 17:00:00,2026-05-17 15:00:00,289,158,1,0.0,740,0.39077242191807077,0.5701434429543807,0.5760538036301592,0.5372649841327793,0.46506368762314204,0.4230689255375819,liga
29523,La_liga,2026-05-17 17:00:00,2026-05-17 15:00:00,157,141,3,1.0,740,0.5297707167549516,0.5478649257149266,0.5875419565191936,0.5833659754542367,0.5585041040287881,0.5415349798260278,liga
29524,La_liga,2026-05-17 17:00:00,2026-05-17 15:00:00,138,150,1,0.0,740,0.6715725920971692,0.5860545573577087,0.6356282460617939,0.6551627008964792,0.671002684918697,0.673911567089693,liga
29525,La_liga,2026-05-17 17:00:00,2026-05-17 15:00:00,151,239,2,0.0,740,0.5617092854575974,0.7260695900017767,0.6845065329378344,0.6635264282572441,0.6256593374473415,0.5957220673487776,liga
29526,La_liga,2026-05-17 17:00:00,2026-05-17 15:00:00,145,154,2,0.0,740,0.5753541451388692,0.6402358581507313,0.6077270295816896,0.5913601125974117,0.5753349227479199,0.5720017805667219,liga
29527,La_liga,2026-05-17 17:00:00,2026-05-17 15:00:00,207,142,1,0.0,740,0.4181955166934414,0.40107858281731074,0.40583919513529826,0.4152506619371257,0.4265829371789458,0.4268983791871997,liga
29528,La_liga,2026-05-23 19:00:00,2026-05-23 17:00:00,158,145,3,1.0,750,0.4168231266593439,0.564248126881797,0.5676604107742375,0.5356921705290062,0.4756416330732449,0.44122947603578716,liga
29529,La_liga,2026-05-23 19:00:00,2026-05-23 17:00:00,153,151,3,1.0,750,0.6993624012731746,0.7720512482094366,0.7224141357440718,0.7133527513501522,0.7096164491426988,0.7063769321317537,liga
29530,La_liga,2026-05-23 19:00:00,2026-05-23 17:00:00,152,138,1,0.0,750,0.6727758025249669,0.670216582721312,0.6890601897366336,0.6905431752547233,0.6845688927982535,0.6784610180212506,liga
29531,La_liga,2026-05-23 19:00:00,2026-05-23 17:00:00,141,140,2,0.0,750,0.5398199989770529,0.7341381988649474,0.7356171490049334,0.7181079872250726,0.6622948892793565,0.6081836648004532,liga
29532,La_liga,2026-05-23 19:00:00,2026-05-23 17:00:00,150,147,6,1.0,750,0.600956611824014,0.5922675405922605,0.6701513770236306,0.6809467683652851,0.660610018391133,0.6332504810574524,liga
29534,La_liga,2026-05-23 19:00:00,2026-05-23 17:00:00,146,148,4,1.0,750,0.7532021423782805,0.6034751757888956,0.6414701739511319,0.6710885878082513,0.7102527516857758,0.732286939766499,liga
29535,La_liga,2026-05-23 19:00:00,2026-05-23 17:00:00,223,207,2,0.0,750,0.6043334325061727,0.4489237366223899,0.5268935134318354,0.5537202649767996,0.5796517698495712,0.5927170120470109,liga
29536,La_liga,2026-05-23 19:00:00,2026-05-23 17:00:00,142,157,1,0.0,750,0.3517932404645792,0.3822921007809131,0.36144932233647314,0.3562582992580198,0.35435925881155705,0.35375443748363633,liga
29537,La_liga,2026-05-23 19:00:00,2026-05-23 17:00:00,239,289,3,1.0,750,0.40924088461699365,0.3944759940308399,0.4766940750927187,0.48679599647194494,0.46736678952362537,0.44151952224915975,liga
29533,La_liga,2026-05-24 19:00:00,2026-05-24 17:00:00,154,143,6,1.0,759,0.6493599909576672,0.7233119065526099,0.7177679598387654,0.7046836103351752,0.6807333686414032,0.664507377956825,liga
26602,EPL,2024-08-16 19:00:00,2024-08-16 17:00:00,89,228,1,0.0,0,,,,,,,premier_league
26603,EPL,2024-08-17 11:30:00,2024-08-17 09:30:00,285,87,2,0.0,1,,,,,,,premier_league
26604,EPL,2024-08-17 14:00:00,2024-08-17 12:00:00,83,229,2,0.0,1,,,,,,,premier_league
26605,EPL,2024-08-17 14:00:00,2024-08-17 12:00:00,72,220,3,1.0,1,,,,,,,premier_league
26606,EPL,2024-08-17 14:00:00,2024-08-17 12:00:00,86,74,1,0.0,1,,,,,,,premier_league
26607,EPL,2024-08-17 14:00:00,2024-08-17 12:00:00,249,73,2,0.0,1,,,,,,,premier_league
26608,EPL,2024-08-17 16:30:00,2024-08-17 14:30:00,81,71,3,1.0,2,,,,,,,premier_league
26609,EPL,2024-08-18 13:00:00,2024-08-18 11:00:00,244,78,3,1.0,7,,,,,,,premier_league
26610,EPL,2024-08-18 15:30:00,2024-08-18 13:30:00,80,88,2,0.0,7,,,,,,,premier_league
26611,EPL,2024-08-19 19:00:00,2024-08-19 17:00:00,75,82,2,0.0,9,,,,,,,premier_league
26612,EPL,2024-08-24 11:30:00,2024-08-24 09:30:00,220,89,3,1.0,10,5.721354152720871e-27,5.7057786839125654e-27,5.713408799659737e-27,5.716022209270034e-27,5.718670656319001e-27,5.720026403517243e-27,premier_league
26613,EPL,2024-08-24 14:00:00,2024-08-24 12:00:00,78,81,2,0.0,10,0.647223843566057,0.6457674603670929,0.6464887353702345,0.6467322396494217,0.6469772770253048,0.6471020582448332,premier_league
26614,EPL,2024-08-24 14:00:00,2024-08-24 12:00:00,228,75,3,1.0,10,0.07175418029971085,0.07148112531083109,0.07161668266312458,0.07166230003408067,0.07170813268246679,0.07173144503900424,premier_league
26615,EPL,2024-08-24 14:00:00,2024-08-24 12:00:00,88,285,5,1.0,10,0.5440553286665182,0.542077177287294,0.543054150280159,0.5433851930744538,0.5437189207476181,0.5438890941944338,premier_league
26616,EPL,2024-08-24 14:00:00,2024-08-24 12:00:00,74,249,1,0.0,10,0.07175418029971085,0.07148112531083109,0.07161668266312458,0.07166230003408067,0.07170813268246679,0.07173144503900424,premier_league
26617,EPL,2024-08-24 14:00:00,2024-08-24 12:00:00,82,72,4,1.0,10,0.3619273928383564,0.36022446587374324,0.36106506210214856,0.36135009267233675,0.36163753673281634,0.3617841487428031,premier_league
26618,EPL,2024-08-24 16:30:00,2024-08-24 14:30:00,71,83,2,0.0,11,0.27832059106719237,0.27494692554679,0.2766627997478865,0.2772217799774199,0.27777435848129395,0.2780520055950082,premier_league
26619,EPL,2024-08-25 13:00:00,2024-08-25 11:00:00,229,80,8,1.0,17,1.1486833298011259e-26,1.1940872353062939e-26,1.1710942498289207e-26,1.1635567210717148e-26,1.156085808736064e-26,1.1523252037440736e-26,premier_league
26620,EPL,2024-08-25 13:00:00,2024-08-25 11:00:00,73,86,2,0.0,17,0.05172278582946181,0.05019280509398583,0.05095156294921905,0.05120734269293811,0.051464440120069656,0.051595230861954215,premier_league
26621,EPL,2024-08-25 15:30:00,2024-08-25 13:30:00,87,244,2,0.0,17,0.2537601961518753,0.2596432121258703,0.25668562956673907,0.2557064262181666,0.25473116118634254,0.2542384682464778,premier_league
26622,EPL,2024-08-31 11:30:00,2024-08-31 09:30:00,83,220,2,0.0,20,0.037478513644972344,0.044615287124840114,0.04098919119948557,0.03980515307048168,0.038634689921440875,0.03804685354897152,premier_league
26623,EPL,2024-08-31 14:00:00,2024-08-31 12:00:00,244,74,4,1.0,20,0.03747851351729095,0.0298570135610386,0.033542313334023056,0.034827068157580195,0.03613929712151864,0.03681473771541317,premier_league
26624,EPL,2024-08-31 14:00:00,2024-08-31 12:00:00,72,73,5,1.0,20,0.4919405238564799,0.4876258212653238,0.4897641685657434,0.490485584896749,0.49121108569950017,0.4915803182822168,premier_league
26625,EPL,2024-08-31 14:00:00,2024-08-31 12:00:00,285,228,2,0.0,20,0.48846031789722416,0.5494860917045609,0.5194898031923306,0.5092502035370503,0.4989040259879622,0.4936222421366168,premier_league
26626,EPL,2024-08-31 14:00:00,2024-08-31 12:00:00,75,71,3,1.0,20,0.38323878141612344,0.3649840046415519,0.37413485700255183,0.3771764375675133,0.38021150994667896,0.38174693637411933,premier_league
26627,EPL,2024-08-31 14:00:00,2024-08-31 12:00:00,249,229,2,0.0,20,0.6374343131669935,0.6593656223194737,0.6487439822776621,0.6450496328522091,0.6412794660018455,0.6393398673648726,premier_league
26628,EPL,2024-08-31 16:30:00,2024-08-31 14:30:00,81,88,4,1.0,21,0.5407757609216105,0.5138472189791197,0.5273774850060425,0.5318614848819779,0.5363283727853021,0.5385851137298436,premier_league
26629,EPL,2024-09-01 12:30:00,2024-09-01 10:30:00,86,82,3,1.0,27,0.12759344118724966,0.14354382330415552,0.13541700455701297,0.13277435789750205,0.13016624522588693,0.12885776143318436,premier_league
26630,EPL,2024-09-01 12:30:00,2024-09-01 10:30:00,80,78,2,0.0,27,0.8484706262861647,0.8649509824963753,0.8570513680410391,0.8542684488231698,0.8514085869929505,0.8499293139212591,premier_league
26631,EPL,2024-09-01 15:00:00,2024-09-01 13:00:00,89,87,3,1.0,27,0.17624956884074983,0.2002763422111571,0.1882655868099456,0.18425802860494203,0.18025196822990083,0.17822275971576687,premier_league
26632,EPL,2024-09-14 11:30:00,2024-09-14 09:30:00,74,89,3,1.0,30,0.1117839093000476,0.12295359126244527,0.11730934395516185,0.11545044658343588,0.11360769634504521,0.11268076812594326,premier_league
26633,EPL,2024-09-14 14:00:00,2024-09-14 12:00:00,220,285,0,0.0,30,0.6428633438945904,0.5906325750681621,0.6172545666948988,0.6259177736017195,0.6344574009988456,0.6387352657382472,premier_league
26634,EPL,2024-09-14 14:00:00,2024-09-14 12:00:00,228,81,2,0.0,30,0.3319202888729563,0.34689028533332605,0.33955377622512295,0.3370398978810585,0.3344948202157065,0.33319349378936985,premier_league
26635,EPL,2024-09-14 14:00:00,2024-09-14 12:00:00,87,249,1,0.0,30,0.07969798918642751,0.08082173728462021,0.08006054787379806,0.07989500068485891,0.07977407336579558,0.07972989426217061,premier_league
26636,EPL,2024-09-14 14:00:00,2024-09-14 12:00:00,78,75,4,1.0,30,0.300805689463865,0.28678125291596174,0.29355519252350215,0.29592072933750413,0.29833803454256524,0.299582565734089,premier_league
26637,EPL,2024-09-14 14:00:00,2024-09-14 12:00:00,88,244,3,1.0,30,0.6536932554483161,0.662531751434319,0.6584185997652783,0.6569135745697147,0.6553389495746824,0.6545138019491065,premier_league
26638,EPL,2024-09-14 16:30:00,2024-09-14 14:30:00,71,72,5,1.0,31,0.640488509150021,0.6297998791094275,0.6354344620139176,0.6371702386062725,0.6388517108558123,0.6396863149164532,premier_league
26639,EPL,2024-09-14 19:00:00,2024-09-14 17:00:00,73,80,1,0.0,36,0.7756497472045527,0.7953900107969912,0.785886523830884,0.7825577017815336,0.7791459752556477,0.7773845778497458,premier_league
26640,EPL,2024-09-15 13:00:00,2024-09-15 11:00:00,82,83,1,0.0,38,0.23391098164591123,0.25783100867025005,0.24555970043330666,0.24160267310970165,0.23771865350526866,0.23577899708152006,premier_league
26641,EPL,2024-09-15 15:30:00,2024-09-15 13:30:00,229,86,3,1.0,38,0.6611990142315521,0.6867638790675246,0.6743157572258734,0.670013087142069,0.6656397124277242,0.6633971532457005,premier_league
26642,EPL,2024-09-21 11:30:00,2024-09-21 09:30:00,81,80,3,1.0,40,0.6283976811409282,0.554773613381811,0.59408961375619,0.6061059649143549,0.6175455779442593,0.6231198512244026,premier_league
26643,EPL,2024-09-21 14:00:00,2024-09-21 12:00:00,74,285,2,0.0,40,0.08551870890273157,0.08220868647397445,0.08525162730179463,0.08564935552547402,0.08573690401385048,0.08566410499974676,premier_league
26644,EPL,2024-09-21 14:00:00,2024-09-21 12:00:00,75,72,2,0.0,40,0.7403690448724357,0.8010330925785147,0.7714937027456163,0.7612481624784893,0.7508608967100717,0.7455538091329416,premier_league
26645,EPL,2024-09-21 14:00:00,2024-09-21 12:00:00,87,73,3,1.0,40,0.2171965129774664,0.18959776237568995,0.20475720913024767,0.20921591685429589,0.21336367136493634,0.21534584256815523,premier_league
26646,EPL,2024-09-21 14:00:00,2024-09-21 12:00:00,228,86,4,1.0,40,0.21677602903482182,0.25206273157500336,0.23444530436576044,0.22854134919073082,0.22264660590160176,0.2196671566352431,premier_league
26647,EPL,2024-09-21 14:00:00,2024-09-21 12:00:00,71,229,4,1.0,40,0.7814184173937938,0.8011287090094499,0.7915248853154448,0.788196539467028,0.78482351993641,0.783100841103736,premier_league
26648,EPL,2024-09-21 14:00:00,2024-09-21 12:00:00,82,244,4,1.0,40,0.4657467538091497,0.4252839368757064,0.44710914171626986,0.4536799537427289,0.4598924280720201,0.46290434435450445,premier_league
26649,EPL,2024-09-21 16:30:00,2024-09-21 14:30:00,78,89,0,0.0,41,0.42652533680568666,0.4951806487228583,0.4600373542732625,0.4486287345294147,0.4374444429786279,0.43187447740085927,premier_league
26650,EPL,2024-09-22 13:00:00,2024-09-22 11:00:00,220,249,4,1.0,48,0.06341944603815845,0.039656973558050305,0.05093777316913871,0.05497974609540345,0.05914419351870944,0.06129799524385157,premier_league
26651,EPL,2024-09-22 15:30:00,2024-09-22 13:30:00,88,83,4,1.0,48,0.1494126805636827,0.1530108490669118,0.15244614612732932,0.15170157890111816,0.15068763190853737,0.15007344464315694,premier_league
26652,EPL,2024-09-28 11:30:00,2024-09-28 09:30:00,86,88,2,0.0,50,0.6334362267282284,0.7314495443655842,0.6862582436709169,0.669459411341755,0.6518364253223757,0.6426039222989846,premier_league
26653,EPL,2024-09-28 14:00:00,2024-09-28 12:00:00,249,228,1,0.0,50,0.23106859413560826,0.3171141407818602,0.2708114558776623,0.2567879452949027,0.24353377361343956,0.237116444742877,premier_league
26654,EPL,2024-09-28 14:00:00,2024-09-28 12:00:00,72,78,3,1.0,50,0.48599154842306175,0.46129784351074715,0.47725193933359455,0.48096122307268463,0.48386962354054847,0.4850421959726956,premier_league
26655,EPL,2024-09-28 14:00:00,2024-09-28 12:00:00,83,75,6,1.0,50,0.40507508874740417,0.4463640198244997,0.4246080262506911,0.4178096504578388,0.4112905075777727,0.40810093444782086,premier_league
26656,EPL,2024-09-28 14:00:00,2024-09-28 12:00:00,244,81,2,0.0,50,0.592437196137195,0.5912160448097696,0.59266580314094,0.5927614445990969,0.592680343007056,0.5925763307127382,premier_league
26657,EPL,2024-09-28 14:00:00,2024-09-28 12:00:00,80,220,6,1.0,50,0.4294127970992957,0.39135360646189266,0.40559778873152136,0.41251487816442434,0.4204694543454224,0.42488240498522434,premier_league
26658,EPL,2024-09-28 16:30:00,2024-09-28 14:30:00,229,87,3,1.0,51,0.7999490508104624,0.7838529654806746,0.7910186388817865,0.7938406120376782,0.7968284278446445,0.7983956244913335,premier_league
26659,EPL,2024-09-29 13:00:00,2024-09-29 11:00:00,285,71,4,1.0,57,0.5515048868347735,0.5158657711607486,0.5353072227066429,0.5411003053454514,0.5465039973807013,0.5490895080911071,premier_league
26660,EPL,2024-09-29 15:30:00,2024-09-29 13:30:00,89,82,3,1.0,57,0.32294055949435757,0.2775403876141872,0.30183623399197584,0.30928310588793057,0.31633204573008017,0.31973922965671747,premier_league
26661,EPL,2024-09-30 19:00:00,2024-09-30 17:00:00,73,74,4,1.0,59,0.23599405320597788,0.21886203733078144,0.2297843905024493,0.23243001235713381,0.23450894444539655,0.23533718607713833,premier_league
26662,EPL,2024-10-05 11:30:00,2024-10-05 09:30:00,78,87,1,0.0,60,0.4063902658552505,0.38103121415022906,0.39152613289394117,0.396008070540814,0.40096887514277363,0.40366056849036014,premier_league
26663,EPL,2024-10-05 14:00:00,2024-10-05 12:00:00,75,73,1,0.0,60,0.6327394003684296,0.7087982864273975,0.6707693971261023,0.6580168702993241,0.6453217099120843,0.6389268966423457,premier_league
26664,EPL,2024-10-05 14:00:00,2024-10-05 12:00:00,88,228,5,1.0,60,0.3991307088464222,0.38215803026364153,0.3923000453458526,0.39494653933214247,0.39722236669934685,0.39823520230897097,premier_league
26665,EPL,2024-10-05 14:00:00,2024-10-05 12:00:00,81,285,5,1.0,60,0.3583288197611674,0.345526368028133,0.34940972356964617,0.3518255627922627,0.35480358714090326,0.35652333791195945,premier_league
26666,EPL,2024-10-05 14:00:00,2024-10-05 12:00:00,83,74,4,1.0,60,0.5883549502602181,0.7234399020617102,0.6579007892874938,0.6349032877855276,0.6116511068452453,0.5998356108817047,premier_league
26667,EPL,2024-10-05 14:00:00,2024-10-05 12:00:00,244,229,8,1.0,60,0.7021636868519229,0.6669021282093436,0.6855283394100294,0.6913249440782093,0.6968766020067584,0.6995905416421914,premier_league
26669,EPL,2024-10-05 16:30:00,2024-10-05 14:30:00,72,86,0,0.0,61,0.6437301781672208,0.6367539105452699,0.6412938315989984,0.6423480205013131,0.643162097176692,0.6434811215616235,premier_league
26668,EPL,2024-10-06 13:00:00,2024-10-06 11:00:00,80,249,2,0.0,67,0.41366849160650276,0.47893070196965865,0.44244242938725853,0.43190666534859995,0.4223008496337842,0.4178018867383226,premier_league
26670,EPL,2024-10-06 13:00:00,2024-10-06 11:00:00,71,89,0,0.0,67,0.5359862515890701,0.6090416705122853,0.5730013034900696,0.5607278345266984,0.5483772587136566,0.5420995211697747,premier_league
26671,EPL,2024-10-06 15:30:00,2024-10-06 13:30:00,220,82,5,1.0,67,0.5453087791904515,0.6433067145019341,0.5936614124675048,0.5772586083347259,0.5611075988592944,0.5530499704184232,premier_league
26672,EPL,2024-10-19 11:30:00,2024-10-19 09:30:00,82,81,5,1.0,70,0.6762203729078747,0.7461740765182243,0.7106619335674448,0.6989395410352991,0.6874284517046938,0.6817041753439906,premier_league
26673,EPL,2024-10-19 14:00:00,2024-10-19 12:00:00,228,71,4,1.0,70,0.5152121539579635,0.5577783849883775,0.540637917343125,0.5330055513077336,0.5245044095880822,0.5198880598049535,premier_league
26674,EPL,2024-10-19 14:00:00,2024-10-19 12:00:00,285,72,2,0.0,70,0.522083379637741,0.5249382893674581,0.5277005382870126,0.5267851074065896,0.5249167598097123,0.5236017827036357,premier_league
26675,EPL,2024-10-19 14:00:00,2024-10-19 12:00:00,89,244,3,1.0,70,0.4481980331333677,0.44834333515647046,0.45091128081333476,0.45059387252920524,0.4496853469643628,0.44900268610626265,premier_league
26676,EPL,2024-10-19 14:00:00,2024-10-19 12:00:00,86,220,1,0.0,70,0.4594577492657658,0.5227273147794993,0.4965124577588249,0.4852303333769417,0.47283684942725196,0.4661702924119666,premier_league
26678,EPL,2024-10-19 14:00:00,2024-10-19 12:00:00,74,75,5,1.0,70,0.49417741085136846,0.590010835428482,0.546400907342657,0.5298348118305348,0.5123880840109363,0.5032452799838585,premier_league
26680,EPL,2024-10-19 16:30:00,2024-10-19 14:30:00,73,83,2,0.0,71,0.543393413532139,0.616541233977166,0.5832799161893862,0.5706266036900094,0.5572996603495348,0.5503170596714199,premier_league
26681,EPL,2024-10-20 13:00:00,2024-10-20 11:00:00,229,88,3,1.0,77,0.9428413392054057,0.9495949991245007,0.9451165049180704,0.944090591126879,0.9433299772379555,0.9430482688312456,premier_league
26679,EPL,2024-10-20 15:30:00,2024-10-20 13:30:00,87,80,3,1.0,77,0.3264960452866146,0.30101956810980973,0.3129656558654569,0.3172752910217215,0.3217807960398741,0.32414379173002317,premier_league
26677,EPL,2024-10-21 19:00:00,2024-10-21 17:00:00,249,78,1,0.0,79,0.18371879077594852,0.16508345068649238,0.17518837353330088,0.17821009445998645,0.18105206400378396,0.18242509299929305,premier_league
26682,EPL,2024-10-25 19:00:00,2024-10-25 17:00:00,75,249,4,1.0,80,0.3385865582774234,0.3594600644202286,0.3518460171102571,0.3479347825941983,0.3434815100438024,0.3410492319539467,premier_league
26683,EPL,2024-10-26 14:00:00,2024-10-26 12:00:00,88,74,1,0.0,81,0.8239738330600044,0.8747652862564026,0.8530959924312632,0.8442289334946385,0.8345184018899032,0.829276854341954,premier_league
26684,EPL,2024-10-26 14:00:00,2024-10-26 12:00:00,71,73,2,0.0,81,0.5280938324755333,0.48222032052180064,0.510683375224324,0.5177570567592332,0.5235587410772612,0.5260141822678648,premier_league
26685,EPL,2024-10-26 14:00:00,2024-10-26 12:00:00,244,285,7,1.0,81,0.6835991962864257,0.735766665480576,0.7132231315789113,0.7039038028970405,0.6939642423672802,0.6887512684484599,premier_league
26686,EPL,2024-10-26 14:00:00,2024-10-26 12:00:00,220,229,4,1.0,81,0.8524778490619009,0.8581719386098994,0.858018596697992,0.8566121971045857,0.8547215875933595,0.853619950708409,premier_league
26687,EPL,2024-10-26 16:30:00,2024-10-26 14:30:00,72,228,2,0.0,81,0.5568387731949314,0.535900638239296,0.5461993428240144,0.5499458270572342,0.5535560019175723,0.5552727931053414,premier_league
26688,EPL,2024-10-27 14:00:00,2024-10-27 12:00:00,80,86,3,1.0,86,0.43515913926616306,0.3680651994467775,0.4078467032419529,0.4183997305189745,0.4275033579448539,0.431563133200207,premier_league
26689,EPL,2024-10-27 14:00:00,2024-10-27 12:00:00,78,82,1,0.0,86,0.49261746425471964,0.4709590132606045,0.48153295052764794,0.48515259898545826,0.48883954020448556,0.4907412876486137,premier_league
26690,EPL,2024-10-27 14:00:00,2024-10-27 12:00:00,81,89,3,1.0,86,0.3942233540157807,0.4476603875429417,0.41780005700094136,0.4092649413785327,0.40141489662034013,0.3976895174053736,premier_league
26691,EPL,2024-10-27 16:30:00,2024-10-27 14:30:00,83,87,4,1.0,86,0.27091473098021046,0.3867280597631772,0.3331093122047654,0.31307487634128167,0.292263360436514,0.281493653735382,premier_league
26694,EPL,2024-11-02 12:30:00,2024-11-02 10:30:00,86,83,1,0.0,90,0.3989539899126168,0.449301740190569,0.43183529071796584,0.42271248961055397,0.411754292315635,0.4054939773701009,premier_league
26692,EPL,2024-11-02 15:00:00,2024-11-02 13:00:00,73,88,3,1.0,90,0.5282130992779254,0.4164742174690428,0.47540809358303704,0.493964463659926,0.5116297985884214,0.520181442683495,premier_league
26695,EPL,2024-11-02 15:00:00,2024-11-02 13:00:00,285,75,2,0.0,90,0.7027087069986212,0.8392342428283759,0.7761498412058534,0.752381250682278,0.7277636994861294,0.7150918824593152,premier_league
26696,EPL,2024-11-02 15:00:00,2024-11-02 13:00:00,87,220,3,1.0,90,0.47424030639457315,0.6116321353828971,0.5499298161011423,0.5260945006131755,0.5007990907286842,0.4874809049769588,premier_league
26698,EPL,2024-11-02 15:00:00,2024-11-02 13:00:00,249,81,3,1.0,90,0.4316431648980298,0.5513108692398746,0.4918863825677182,0.4715286966054928,0.451354338281817,0.44128885285442404,premier_league
26699,EPL,2024-11-02 15:00:00,2024-11-02 13:00:00,74,72,1,0.0,90,0.45798308626218204,0.4622523562552747,0.47089775193920885,0.4692891313772399,0.46503270259051344,0.46181459310461836,premier_league
26701,EPL,2024-11-02 17:30:00,2024-11-02 15:30:00,229,78,4,1.0,91,0.46312164040413684,0.3975619406903597,0.4330022681906789,0.4438156009722771,0.4538915061882682,0.4586811833774247,premier_league
26700,EPL,2024-11-03 14:00:00,2024-11-03 12:00:00,82,71,5,1.0,97,0.6446700504946813,0.6506269036346077,0.6518292360643781,0.6503596059325972,0.6479599014094589,0.6464001941184604,premier_league
26697,EPL,2024-11-03 16:30:00,2024-11-03 14:30:00,89,80,2,0.0,97,0.49744867510004287,0.5161994831462794,0.5015518148837076,0.49907152244355024,0.4977377204674732,0.4974687048896809,premier_league
26693,EPL,2024-11-04 20:00:00,2024-11-04 18:00:00,228,244,3,1.0,99,0.7618966944464306,0.8859713671856249,0.8342501790441924,0.8123441719474824,0.7881589550424275,0.7750900479016191,premier_league
26702,EPL,2024-11-09 15:00:00,2024-11-09 13:00:00,244,73,5,1.0,100,0.7061452274185333,0.7656621247877613,0.7395136476899646,0.7291390631163672,0.7179879579786973,0.7120651808299004,premier_league
26706,EPL,2024-11-09 15:00:00,2024-11-09 13:00:00,78,228,2,0.0,100,0.3518741753692422,0.4161216560379432,0.3801605377440898,0.3698668331105434,0.36045266317150515,0.3560044730414964,premier_league
26710,EPL,2024-11-09 15:00:00,2024-11-09 13:00:00,81,72,0,0.0,100,0.6005726663800628,0.511127352858473,0.5590906375354439,0.5739617505989488,0.5878546773352333,0.5944578265713295,premier_league
26711,EPL,2024-11-09 15:00:00,2024-11-09 13:00:00,229,74,2,0.0,100,0.6726828066355743,0.7534440377639008,0.7261808360397088,0.7113937543708019,0.6935635896756324,0.6833580818860207,premier_league
26703,EPL,2024-11-09 17:30:00,2024-11-09 15:30:00,220,88,3,1.0,100,0.6892212370351896,0.7070216595677613,0.7037467500846124,0.7003689716335402,0.695572045458568,0.692554602187929,premier_league
26707,EPL,2024-11-09 20:00:00,2024-11-09 18:00:00,87,71,2,0.0,104,0.5869021221887559,0.7566802917939738,0.6738027789130744,0.6447026641943044,0.6155825927146122,0.6009626069783532,premier_league
26704,EPL,2024-11-10 14:00:00,2024-11-10 12:00:00,249,86,4,1.0,106,0.232082339929887,0.32784048140765676,0.2782051278199784,0.2621685663469817,0.2467397322282136,0.23920576095363513,premier_league
26708,EPL,2024-11-10 14:00:00,2024-11-10 12:00:00,89,75,3,1.0,106,0.46406667278261926,0.5546977251526649,0.5091227196374819,0.4938125795114451,0.47874308352415024,0.4712467969022007,premier_league
26709,EPL,2024-11-10 14:00:00,2024-11-10 12:00:00,82,285,3,1.0,106,0.840147804064613,0.9356325628848859,0.8955875907899761,0.8785561952686242,0.859954840372793,0.8500386059435714,premier_league
26705,EPL,2024-11-10 16:30:00,2024-11-10 14:30:00,80,83,2,0.0,106,0.6339829355154335,0.6817901336153647,0.6648773841733633,0.6559862596439805,0.6456201688120831,0.6398650383368633,premier_league
26719,EPL,2024-11-23 12:30:00,2024-11-23 10:30:00,75,80,3,1.0,110,0.730730058970332,0.6913967536124319,0.7142703403845005,0.7205106032022576,0.7260016803568634,0.728493927101033,premier_league
26712,EPL,2024-11-23 15:00:00,2024-11-23 13:00:00,73,220,3,1.0,110,0.6176558711182006,0.7258467677365862,0.672797124917732,0.6542344223810836,0.6357404438964932,0.6265020155393054,premier_league
26714,EPL,2024-11-23 15:00:00,2024-11-23 13:00:00,83,249,3,1.0,110,0.3967163284904139,0.5353803633600058,0.474901879986192,0.4503592048049441,0.42413144961127375,0.4103492032860389,premier_league
26715,EPL,2024-11-23 15:00:00,2024-11-23 13:00:00,72,244,0,0.0,110,0.7093686524751646,0.5791692951466146,0.6533660164666713,0.6743136460457564,0.6930024075537528,0.7015877654606211,premier_league
26716,EPL,2024-11-23 15:00:00,2024-11-23 13:00:00,71,78,4,1.0,110,0.46402230526754795,0.45772360287557107,0.4601165221730908,0.4612209168483381,0.46252613335169906,0.4632622598199032,premier_league
26717,EPL,2024-11-23 15:00:00,2024-11-23 13:00:00,228,229,5,1.0,110,0.7840778863262443,0.8067380027712521,0.8044476370137714,0.799754458343859,0.7929727934957208,0.788728313174161,premier_league
26720,EPL,2024-11-23 17:30:00,2024-11-23 15:30:00,88,82,4,1.0,111,0.7093283902194859,0.7453655348921121,0.7323753935315902,0.725878901494729,0.7181989039301379,0.7138504126183028,premier_league
26721,EPL,2024-11-24 14:00:00,2024-11-24 12:00:00,74,87,5,1.0,117,0.5330593072175909,0.5103042929469933,0.5278281803905716,0.5309185749007423,0.5326380729523601,0.5330079239131812,premier_league
26718,EPL,2024-11-24 16:30:00,2024-11-24 14:30:00,285,89,2,0.0,117,0.4441271295808135,0.5461159370762636,0.5010137921899044,0.4827868257453587,0.46364833213786,0.4537670683919716,premier_league
26713,EPL,2024-11-25 20:00:00,2024-11-25 18:00:00,86,81,2,0.0,119,0.4309675484697259,0.4187500026664353,0.43044323157883174,0.43186759404217734,0.43203864011545384,0.43164963445979626,premier_league
26723,EPL,2024-11-29 20:00:00,2024-11-29 18:00:00,220,74,2,0.0,120,0.6569345641870107,0.6957872872104656,0.683829167376696,0.676668667359947,0.6677049495809599,0.6624679386458112,premier_league
26722,EPL,2024-11-30 15:00:00,2024-11-30 13:00:00,244,75,5,1.0,121,0.802810604750483,0.7663298171575074,0.8012262471053748,0.8052570736813967,0.8057208919167651,0.8046539446280309,premier_league
26725,EPL,2024-11-30 15:00:00,2024-11-30 13:00:00,78,86,2,0.0,121,0.2599714988520192,0.30437101866587096,0.277180644051463,0.2700291041144558,0.26424541120124606,0.2618850035780319,premier_league
26728,EPL,2024-11-30 15:00:00,2024-11-30 13:00:00,249,285,1,0.0,121,0.49689864634562314,0.5701951236598517,0.546528466356179,0.532612982080736,0.5159197658918342,0.506533848978365,premier_league
26731,EPL,2024-11-30 15:00:00,2024-11-30 13:00:00,229,73,6,1.0,121,0.7598407691394423,0.8026484900456708,0.7831120630682128,0.7755627668307347,0.7677414195797968,0.7637341601917703,premier_league
26730,EPL,2024-11-30 17:30:00,2024-11-30 15:30:00,81,83,7,1.0,121,0.5526408167356207,0.4594067215184365,0.5197816752581346,0.5341547288061275,0.5451404397245161,0.5493775759978841,premier_league
26724,EPL,2024-12-01 13:30:00,2024-12-01 11:30:00,80,71,3,1.0,126,0.6850293030624814,0.6250312793888685,0.6582454870699167,0.6680969447778676,0.6770500778602401,0.6812179760284073,premier_league
26727,EPL,2024-12-01 13:30:00,2024-12-01 11:30:00,89,72,4,1.0,126,0.25994549684167106,0.09091706011667651,0.16866322360621328,0.19897887178361776,0.2297934261430516,0.24522825472824808,premier_league
26729,EPL,2024-12-01 13:30:00,2024-12-01 11:30:00,82,228,2,0.0,126,0.6664163329121406,0.7706785253611163,0.729241943139917,0.7106995093378702,0.6896992967689868,0.678165733396658,premier_league
26726,EPL,2024-12-01 16:00:00,2024-12-01 14:00:00,87,88,2,0.0,126,0.5663247052167973,0.7114694923962888,0.6511557582453941,0.6255889338854639,0.5972463670638011,0.5818768894462913,premier_league
26737,EPL,2024-12-03 19:30:00,2024-12-03 17:30:00,285,78,1,0.0,130,0.36537877361818677,0.37087093614016126,0.3774593997703068,0.3752225564020571,0.37107557776964534,0.3683558987518464,premier_league
26738,EPL,2024-12-03 20:15:00,2024-12-03 18:15:00,75,81,4,1.0,130,0.70464184639545,0.7672146417239414,0.7385734672782459,0.7280023470325045,0.7167087490910958,0.7106894912427265,premier_league
26735,EPL,2024-12-04 19:30:00,2024-12-04 17:30:00,72,229,4,1.0,132,0.6544955752606679,0.5511352649565345,0.5913213036796166,0.6116811525851954,0.6332640604233656,0.6441633524320216,premier_league
26739,EPL,2024-12-04 19:30:00,2024-12-04 17:30:00,88,249,3,1.0,132,0.4737964931555829,0.46379601145840604,0.48495848613592735,0.48489221343741584,0.48110312417481493,0.47781800205297387,premier_league
26740,EPL,2024-12-04 19:30:00,2024-12-04 17:30:00,86,87,6,1.0,132,0.32401925090120226,0.4006588926831518,0.3676893189244977,0.35412597579373956,0.33949790794296036,0.33174380585109087,premier_league
26741,EPL,2024-12-04 19:30:00,2024-12-04 17:30:00,74,80,6,1.0,132,0.6398665150846679,0.6000830013721661,0.6193357288708639,0.6265253098405493,0.6335093851201312,0.636836638395723,premier_league
26733,EPL,2024-12-04 20:15:00,2024-12-04 18:15:00,83,89,2,0.0,132,0.4671473174540792,0.5712429417499205,0.5253941130820259,0.5069657596628354,0.48741218104995476,0.4772019452457088,premier_league
26734,EPL,2024-12-04 20:15:00,2024-12-04 18:15:00,71,244,4,1.0,132,0.8104011621318866,0.8240224008315837,0.8216434212825299,0.8192461958338121,0.8155776038761486,0.8131546045636866,premier_league
26736,EPL,2024-12-05 19:30:00,2024-12-05 17:30:00,228,220,4,1.0,138,0.5807324235695028,0.5981643900632793,0.603728033440961,0.5995786159703694,0.5919259271055458,0.5866883548889503,premier_league
26732,EPL,2024-12-05 20:15:00,2024-12-05 18:15:00,73,82,1,0.0,138,0.6676402876541395,0.7511053674405793,0.7156233491161497,0.7006754504583036,0.6845486699606798,0.676048093277241,premier_league
26742,EPL,2024-12-07 15:00:00,2024-12-07 13:00:00,71,74,1,0.0,140,0.6944538916022855,0.7891275603156588,0.746154420832388,0.7301022462912607,0.7129223003133333,0.7037316022573697,premier_league
26743,EPL,2024-12-07 15:00:00,2024-12-07 13:00:00,244,86,6,1.0,140,0.6623246783287944,0.7768593630078007,0.7278535401313465,0.707667665191683,0.6857191263411755,0.67401724330389,premier_league
26747,EPL,2024-12-07 15:00:00,2024-12-07 13:00:00,78,88,4,1.0,140,0.4534653510659271,0.413606822844478,0.4237192491665358,0.4309036230676249,0.44074264844832667,0.4468254420769051,premier_league
26744,EPL,2024-12-07 17:30:00,2024-12-07 15:30:00,89,249,5,1.0,140,0.3085791210450252,0.47238547658605307,0.39253859248422523,0.3638035796516804,0.3355141540317852,0.3216416876687554,premier_league
26749,EPL,2024-12-08 14:00:00,2024-12-08 12:00:00,228,83,2,0.0,144,0.5806903864684398,0.6860401854523566,0.6471599786763658,0.6282660631255743,0.6060773800593968,0.5935932445028042,premier_league
26750,EPL,2024-12-08 14:00:00,2024-12-08 12:00:00,285,73,3,1.0,144,0.5309525799872234,0.4787318744965409,0.5195664409461723,0.5267518392672134,0.5304801510783296,0.5311044311083511,premier_league
26751,EPL,2024-12-08 14:00:00,2024-12-08 12:00:00,75,220,4,1.0,144,0.7230884035237237,0.7599972278461984,0.7464127272221963,0.7399305627879733,0.7321718381105802,0.7277316497599632,premier_league
26745,EPL,2024-12-08 16:30:00,2024-12-08 14:30:00,82,80,7,1.0,144,0.6410675707514089,0.5702623128879991,0.6090952414180753,0.6208641383515333,0.6315843293518523,0.6365539706929402,premier_league
26746,EPL,2024-12-09 20:00:00,2024-12-09 18:00:00,81,229,3,1.0,148,0.8363876621390932,0.8784410270272952,0.8597929379174587,0.8525415463565826,0.8447389779707308,0.8405735661326222,premier_league
26752,EPL,2024-12-14 15:00:00,2024-12-14 13:00:00,87,228,4,1.0,149,0.5602898170356206,0.7058754117872675,0.6499632866053835,0.6237637053727809,0.593722323930542,0.5771572197301772,premier_league
26755,EPL,2024-12-14 15:00:00,2024-12-14 13:00:00,83,72,0,0.0,149,0.5618894860206316,0.4756391801947865,0.5020591630157647,0.519104252429569,0.5394045964097262,0.5506045538526896,premier_league
26758,EPL,2024-12-14 15:00:00,2024-12-14 13:00:00,229,285,3,1.0,149,0.7196243256739822,0.6491479603251349,0.6985912815584356,0.7094176796372595,0.7165315795881734,0.718613613974418,premier_league
26760,EPL,2024-12-14 15:00:00,2024-12-14 13:00:00,86,75,4,1.0,149,0.6373916267888857,0.7990395445358712,0.7286288124310135,0.6999483889504028,0.6692935643579159,0.6532273695896412,premier_league
26761,EPL,2024-12-14 17:30:00,2024-12-14 15:30:00,249,71,3,1.0,149,0.516553552448497,0.5794716102465002,0.5617227185019477,0.5499410991995911,0.5348381388603228,0.5259468704555974,premier_league
26756,EPL,2024-12-15 14:00:00,2024-12-15 12:00:00,220,78,4,1.0,154,0.5005157467402034,0.5453766255175065,0.5225235395322261,0.5148070467265718,0.5073796895842778,0.5038121958820534,premier_league
26753,EPL,2024-12-15 16:30:00,2024-12-15 14:30:00,88,89,3,1.0,154,0.5530562391261523,0.6243457536798747,0.5873316176336422,0.5751604482284057,0.5636231442111436,0.5581273496838854,premier_league
26757,EPL,2024-12-15 19:00:00,2024-12-15 17:00:00,80,244,3,1.0,155,0.8806710509094874,0.9286103400441663,0.9075205433138082,0.8991722289524247,0.8901931777413432,0.8854273301739695,premier_league
26759,EPL,2024-12-15 19:00:00,2024-12-15 17:00:00,74,82,5,1.0,155,0.6908626500122159,0.7147346448331009,0.7090285211686016,0.7046482846284557,0.6986443533146388,0.6949287345141534,premier_league
26754,EPL,2024-12-16 20:00:00,2024-12-16 18:00:00,73,81,2,0.0,158,0.6519394299828873,0.7284632661520533,0.6988064630860152,0.6848537939388968,0.6690983307586477,0.6605448493694445,premier_league
26762,EPL,2024-12-21 12:30:00,2024-12-21 10:30:00,71,88,3,1.0,159,0.6712843753072224,0.6017567778337077,0.6378122232016681,0.6499555532040827,0.6612906430111076,0.6665531791751059,premier_league
26766,EPL,2024-12-21 15:00:00,2024-12-21 13:00:00,244,249,2,0.0,159,0.6686148157032352,0.7589899082948628,0.7312166263406088,0.7146904961150148,0.6938308280938537,0.6815801990481054,premier_league
26767,EPL,2024-12-21 15:00:00,2024-12-21 13:00:00,81,220,2,0.0,159,0.6822965606097459,0.698705748296518,0.6955066615377431,0.6924095032444006,0.6880249590859763,0.685288550614969,premier_league
26771,EPL,2024-12-21 15:00:00,2024-12-21 13:00:00,285,86,4,1.0,159,0.49867903554311016,0.5683217121300345,0.5424375166745858,0.5296961155520523,0.5149557498004054,0.5068569443576877,premier_league
26765,EPL,2024-12-21 17:30:00,2024-12-21 15:30:00,78,83,6,1.0,160,0.41431309886777445,0.39476856184844994,0.411220466153431,0.41355031137651427,0.41445903103849985,0.41448777939880904,premier_league
26763,EPL,2024-12-22 14:00:00,2024-12-22 12:00:00,228,74,0,0.0,164,0.5960559445430511,0.6697123789842736,0.6478667551764956,0.6345943505738065,0.6174417545817645,0.6071443494356624,premier_league
26764,EPL,2024-12-22 14:00:00,2024-12-22 12:00:00,72,80,0,0.0,164,0.5645030682085839,0.3922344847059836,0.4571707696755647,0.4886760138022399,0.5247922396332977,0.5445552708820796,premier_league
26769,EPL,2024-12-22 14:00:00,2024-12-22 12:00:00,89,73,3,1.0,164,0.4388550406045536,0.49309150716427275,0.4779078952358066,0.46736694874879436,0.45420267640696604,0.44665842918625537,premier_league
26770,EPL,2024-12-22 14:00:00,2024-12-22 12:00:00,75,229,3,1.0,164,0.8262542810859255,0.80806468831073,0.823670555219283,0.8262397510111864,0.8271596407662194,0.8269383741332825,premier_league
26768,EPL,2024-12-22 16:30:00,2024-12-22 14:30:00,82,87,9,1.0,164,0.5863520978727301,0.7474916461293034,0.6858676320940104,0.6568618804832564,0.6235024361143373,0.6050905249001671,premier_league
26777,EPL,2024-12-26 12:30:00,2024-12-26 10:30:00,88,72,2,0.0,169,0.43626154829573865,0.1743345699181723,0.26905354058527475,0.3161974147119451,0.3722804961675184,0.4038546773243157,premier_league
26772,EPL,2024-12-26 15:00:00,2024-12-26 13:00:00,73,78,0,0.0,169,0.47413348692991536,0.5653854502180983,0.5291666590193359,0.5123374978626184,0.4937322819022703,0.4838643887175809,premier_league
26775,EPL,2024-12-26 15:00:00,2024-12-26 13:00:00,80,228,3,1.0,169,0.5814969743015388,0.4661022198463162,0.5379267041593784,0.5562790804957001,0.5709099288115671,0.5767925287357882,premier_league
26778,EPL,2024-12-26 15:00:00,2024-12-26 13:00:00,86,71,3,1.0,169,0.566478672713003,0.6282287023815561,0.6111629436155828,0.5992025548590107,0.58417009648402,0.5754991817564218,premier_league
26779,EPL,2024-12-26 15:00:00,2024-12-26 13:00:00,249,82,1,0.0,169,0.5968527489330043,0.7394327952835049,0.6874454431760714,0.6616981148011585,0.6313724711922672,0.6143545507794819,premier_league
26780,EPL,2024-12-26 15:00:00,2024-12-26 13:00:00,74,81,1,0.0,169,0.4844767681365042,0.4298590350318253,0.46683123491395845,0.47578593298466404,0.4818814416716901,0.48366733886489655,premier_league
26781,EPL,2024-12-26 17:30:00,2024-12-26 15:30:00,229,89,2,0.0,170,0.6543550542633717,0.6593110788776197,0.668166912569446,0.6663437547799628,0.6617485236212098,0.6583445295907016,premier_league
26776,EPL,2024-12-26 20:00:00,2024-12-26 18:00:00,87,75,4,1.0,175,0.8200229080023995,0.9326109981604452,0.8933553109257546,0.873286338529921,0.848875667223998,0.8347946323455918,premier_league
26774,EPL,2024-12-27 19:30:00,2024-12-27 17:30:00,220,244,0,0.0,177,0.7774182763896752,0.7336695694083104,0.7644570661020803,0.7714454662995285,0.7759213959911577,0.777077371379856,premier_league
26773,EPL,2024-12-27 20:15:00,2024-12-27 18:15:00,83,285,1,0.0,177,0.648038151738239,0.6518901711526089,0.6490302899134186,0.6492684628037444,0.649142620114424,0.648740267503141,premier_league
26788,EPL,2024-12-29 14:30:00,2024-12-29 12:30:00,75,88,2,0.0,179,0.7326895697582836,0.6736525193708581,0.7027802247738092,0.7134377383750476,0.7236130076402216,0.7283853585380405,premier_league
26784,EPL,2024-12-29 15:00:00,2024-12-29 13:00:00,78,74,3,1.0,179,0.35439964284789444,0.3699086814421271,0.38032309501868855,0.37590577712070106,0.3671804258098345,0.36117856648625424,premier_league
26785,EPL,2024-12-29 15:00:00,2024-12-29 13:00:00,72,249,2,0.0,179,0.28423604650559087,0.15928410856016315,0.21171013062397984,0.23425430351769932,0.25872528190374006,0.2715915689691255,premier_league
26786,EPL,2024-12-29 15:00:00,2024-12-29 13:00:00,228,73,4,1.0,179,0.4667173473858169,0.38135777602395865,0.4373054249324061,0.4511790481263227,0.4612086287219632,0.4645971246021711,premier_league
26790,EPL,2024-12-29 15:00:00,2024-12-29 13:00:00,82,229,4,1.0,179,0.8858430248318734,0.8625284632211448,0.8754501799567878,0.8795488135692991,0.8831081663386201,0.884614230622673,premier_league
26791,EPL,2024-12-29 17:15:00,2024-12-29 15:15:00,81,87,5,1.0,179,0.6967681679566019,0.7905874902478132,0.7593486112581048,0.7420334630606319,0.7210484078271229,0.7091123955753464,premier_league
26782,EPL,2024-12-30 19:45:00,2024-12-30 17:45:00,71,220,4,1.0,185,0.6018304994124375,0.46910885412502923,0.542597154454839,0.5652389944714844,0.5853177827503941,0.5941891274050218,premier_league
26787,EPL,2024-12-30 19:45:00,2024-12-30 17:45:00,285,80,2,0.0,185,0.6498511007847858,0.5567343665632645,0.601072502524258,0.6171904251702901,0.633578673690881,0.6418670700806678,premier_league
26789,EPL,2024-12-30 20:00:00,2024-12-30 18:00:00,89,86,2,0.0,185,0.44757355297707907,0.649501738714138,0.5588622844726304,0.5233258934108814,0.48590112719125256,0.46651222951156013,premier_league
26783,EPL,2025-01-01 17:30:00,2025-01-01 15:30:00,244,83,4,1.0,188,0.6715537461912842,0.5591968823216583,0.6255167808034744,0.6446605541536228,0.6603807196186858,0.6666733240257433,premier_league
26800,EPL,2025-01-04 12:30:00,2025-01-04 10:30:00,82,86,3,1.0,189,0.6516249196121932,0.7860024437815885,0.732744406487121,0.708904744487923,0.6818080784630394,0.6668737466350283,premier_league
26792,EPL,2025-01-04 15:00:00,2025-01-04 13:00:00,73,72,1,0.0,189,0.35468758356805136,0.1857393708419881,0.24876616089797732,0.279624592128145,0.31534573558185586,0.33494693225781974,premier_league
26793,EPL,2025-01-04 15:00:00,2025-01-04 13:00:00,71,75,3,1.0,189,0.6922732794079568,0.6198818239350659,0.6618748507881806,0.6742395220321372,0.6846126206767043,0.6888748719453021,premier_league
26795,EPL,2025-01-04 15:00:00,2025-01-04 13:00:00,78,80,2,0.0,189,0.5339515371963628,0.517405425990153,0.5290360344773306,0.5307654196275685,0.5321801274786557,0.5329887328416307,premier_league
26798,EPL,2025-01-04 15:00:00,2025-01-04 13:00:00,88,81,5,1.0,189,0.6417335488022515,0.5057620561611413,0.569035784359528,0.5932091661518094,0.6178054725711141,0.6300916499275381,premier_league
26799,EPL,2025-01-04 15:00:00,2025-01-04 13:00:00,74,244,5,1.0,189,0.6249300667344175,0.47011487837061056,0.5625280720754721,0.5884497146960229,0.6096447911207348,0.6181921561625627,premier_league
26794,EPL,2025-01-04 17:30:00,2025-01-04 15:30:00,220,83,2,0.0,190,0.5645898302721718,0.5572170939307213,0.5664831820157727,0.5680677242544154,0.5677477690756528,0.5665627228198904,premier_league
26796,EPL,2025-01-05 14:00:00,2025-01-05 12:00:00,228,285,4,1.0,196,0.4906055576861282,0.39019680721002276,0.44431157066281046,0.4622105221171314,0.47809394344252104,0.4849380579652914,premier_league
26797,EPL,2025-01-05 16:30:00,2025-01-05 14:30:00,87,89,4,1.0,196,0.5997700413978789,0.7924793081233056,0.7209216970094764,0.6858659830883401,0.6451088618602281,0.6225931033038469,premier_league
26801,EPL,2025-01-06 20:00:00,2025-01-06 18:00:00,229,249,3,1.0,198,0.6139808953653682,0.5288678759901074,0.5841538131542522,0.5979479708007971,0.6080826108659266,0.6116252185023281,premier_league
26803,EPL,2025-01-14 19:30:00,2025-01-14 17:30:00,244,88,4,1.0,199,0.7451400016852157,0.6500720167369531,0.6962136120884754,0.7132930665208651,0.7299136866677155,0.7378616104938202,premier_league
26808,EPL,2025-01-14 19:30:00,2025-01-14 17:30:00,81,228,5,1.0,199,0.5953529093716153,0.6344871118084063,0.6180846738661282,0.6118966492511626,0.6045117404108921,0.6001251776236102,premier_league
26809,EPL,2025-01-14 19:30:00,2025-01-14 17:30:00,80,73,4,1.0,199,0.5208531983714426,0.36848341650876104,0.4400778099640247,0.4668715730180541,0.49412841786196354,0.507809767669136,premier_league
26807,EPL,2025-01-14 20:00:00,2025-01-14 18:00:00,249,87,2,0.0,199,0.4766432044556321,0.5875900305592148,0.5677434334628831,0.5457703610178759,0.5151804816740579,0.49655183130327996,premier_league
26804,EPL,2025-01-15 19:30:00,2025-01-15 17:30:00,72,71,1,0.0,203,0.374510827534338,0.19029397081160984,0.2540334690707474,0.28761043966003236,0.32803468929049606,0.3509270363510074,premier_league
26806,EPL,2025-01-15 19:30:00,2025-01-15 17:30:00,75,78,2,0.0,203,0.49493871218791696,0.5263111877411287,0.5198518286164253,0.5133919439170238,0.5049602164254771,0.5000489229200243,premier_league
26810,EPL,2025-01-15 19:30:00,2025-01-15 17:30:00,86,229,3,1.0,203,0.7275566748933872,0.6967262165848817,0.7234939992398413,0.7281964268068715,0.7297028956512118,0.7290889421556388,premier_league
26802,EPL,2025-01-15 20:00:00,2025-01-15 18:00:00,83,82,3,1.0,203,0.6366634360523588,0.6562723590676188,0.6589145642078317,0.655258112476727,0.6480753103845538,0.6428565267974631,premier_league
26805,EPL,2025-01-16 19:30:00,2025-01-16 17:30:00,285,220,2,0.0,207,0.5232683778970436,0.4034753714513684,0.45805264580446314,0.47971827515786897,0.5018104088661723,0.5128316392062938,premier_league
26811,EPL,2025-01-16 20:00:00,2025-01-16 18:00:00,89,74,4,1.0,207,0.4100142943933126,0.40002528393098685,0.42133199444657937,0.4224210399676433,0.41885587915626726,0.4150543209901183,premier_league
26819,EPL,2025-01-18 12:30:00,2025-01-18 10:30:00,86,73,5,1.0,209,0.4636003892073445,0.4432227290771947,0.4678633450844492,0.4708936888765469,0.4696600337404107,0.46720509643142527,premier_league
26813,EPL,2025-01-18 15:00:00,2025-01-18 13:00:00,244,87,2,0.0,209,0.7845621086239227,0.8301261944419452,0.8233979473787708,0.8150884104599606,0.8023682224794175,0.7940076439915319,premier_league
26817,EPL,2025-01-18 15:00:00,2025-01-18 13:00:00,75,228,2,0.0,209,0.6459772388530742,0.665698610512684,0.6646226403363928,0.6611737964566576,0.6551720696279455,0.6509468158637011,premier_league
26821,EPL,2025-01-18 15:00:00,2025-01-18 13:00:00,81,78,2,0.0,209,0.4881383541753426,0.5742959472112454,0.5355029652122002,0.5202033817539156,0.5042222035388255,0.4960408751368834,premier_league
26812,EPL,2025-01-18 17:30:00,2025-01-18 15:30:00,83,71,4,1.0,210,0.5619237097126035,0.4521637664080473,0.514556282355703,0.5334323025303205,0.5496045369393612,0.5563976681851263,premier_league
26815,EPL,2025-01-19 14:00:00,2025-01-19 12:00:00,72,82,5,1.0,214,0.47078174893465113,0.25307027131462473,0.3380349283861078,0.3772427581708081,0.4219301178024021,0.44629265365531123,premier_league
26818,EPL,2025-01-19 14:00:00,2025-01-19 12:00:00,89,220,4,1.0,214,0.47296676355241807,0.45333692760395994,0.4713656699098476,0.4747284825719708,0.4754683779406759,0.47463019379157395,premier_league
26820,EPL,2025-01-19 14:00:00,2025-01-19 12:00:00,249,74,5,1.0,214,0.46993245858447724,0.49278887863026755,0.49391318067305806,0.4899751771447679,0.48227052772101886,0.4766377827944902,premier_league
26816,EPL,2025-01-19 16:30:00,2025-01-19 14:30:00,285,88,6,1.0,214,0.5827517216074174,0.5014331040230755,0.5247592938109383,0.5404807437077234,0.5600358090750988,0.5712111745807782,premier_league
26814,EPL,2025-01-20 20:00:00,2025-01-20 18:00:00,80,229,4,1.0,218,0.7806444494789228,0.5815651853447793,0.6776089511227824,0.7125170439580344,0.7473456023586506,0.7645120548119962,premier_league
26822,EPL,2025-01-25 15:00:00,2025-01-25 13:00:00,73,249,5,1.0,219,0.3904044799415954,0.39147606206360974,0.3970633060314881,0.3975846832122107,0.39567767985103697,0.3934696365680963,premier_league
26824,EPL,2025-01-25 15:00:00,2025-01-25 13:00:00,220,72,1,0.0,219,0.3687855699667579,0.2289218858508216,0.2660880702129673,0.2916259688385332,0.32580093926371595,0.34653037298836126,premier_league
26827,EPL,2025-01-25 15:00:00,2025-01-25 13:00:00,87,285,5,1.0,219,0.7031079360632865,0.7207640405234279,0.7215873324643884,0.718034494969382,0.7119298422563355,0.7077968055411288,premier_league
26829,EPL,2025-01-25 15:00:00,2025-01-25 13:00:00,74,86,4,1.0,219,0.6047035356660765,0.7741667158341976,0.7111850250693228,0.680547013694014,0.6448320077273795,0.624974464264603,premier_league
26831,EPL,2025-01-25 15:00:00,2025-01-25 13:00:00,229,83,1,0.0,219,0.7485547182925478,0.6889451242281551,0.7117013997655245,0.723150703699314,0.7357563162389318,0.7422868705306693,premier_league
26828,EPL,2025-01-25 17:30:00,2025-01-25 15:30:00,88,80,4,1.0,219,0.6521908472232442,0.6110921786405566,0.6253223527832134,0.6329026623160368,0.6419199943335728,0.6469874655147378,premier_league
26825,EPL,2025-01-26 14:00:00,2025-01-26 12:00:00,78,244,3,1.0,225,0.5474697182960309,0.45134087096196984,0.506084445896219,0.5226670552121112,0.536766005013872,0.5426611040794462,premier_league
26830,EPL,2025-01-26 14:00:00,2025-01-26 12:00:00,82,75,3,1.0,225,0.7729421181537054,0.6601233691340682,0.7321921070761427,0.7506050371616076,0.7644581669366436,0.7694675778835284,premier_league
26823,EPL,2025-01-26 16:30:00,2025-01-26 14:30:00,71,81,2,0.0,225,0.6219286363059034,0.5597489015252161,0.5870264973682734,0.5985500380054117,0.6104734732583114,0.616399364325426,premier_league
26826,EPL,2025-01-26 19:00:00,2025-01-26 17:00:00,228,89,1,0.0,227,0.4806600692069572,0.5719089128002091,0.5386053121034904,0.5226771401777778,0.5034219281125379,0.49231663886583793,premier_league
26840,EPL,2025-02-01 12:30:00,2025-02-01 10:30:00,249,220,7,1.0,229,0.4483421162124029,0.43965153743675706,0.44834674370892674,0.45110478342471877,0.4516134349266866,0.45051577438719215,premier_league
26832,EPL,2025-02-01 15:00:00,2025-02-01 13:00:00,73,87,2,0.0,229,0.5700968403185518,0.6132607579682167,0.6113013839542958,0.6029477458103569,0.5892782862693554,0.5802251681832334,premier_league
26836,EPL,2025-02-01 15:00:00,2025-02-01 13:00:00,72,75,4,1.0,229,0.361151181108975,0.22067360354102716,0.2660748255029251,0.29175430105410366,0.3236363912485875,0.3420285431374938,premier_league
26837,EPL,2025-02-01 15:00:00,2025-02-01 13:00:00,285,74,3,1.0,229,0.41474641698301346,0.4572608873024499,0.4326656737122757,0.4272672005377457,0.421761109233472,0.41848712380381714,premier_league
26839,EPL,2025-02-01 15:00:00,2025-02-01 13:00:00,86,228,3,1.0,229,0.5178930412807564,0.563050314085531,0.56044511557597,0.5519847617761499,0.5379993011222273,0.528584840933391,premier_league
26841,EPL,2025-02-01 17:30:00,2025-02-01 15:30:00,229,71,2,0.0,230,0.7025665114090105,0.5190321710602671,0.6048388887901974,0.6377256595725458,0.670864933146633,0.6872207571564695,premier_league
26834,EPL,2025-02-02 14:00:00,2025-02-02 12:00:00,244,82,2,0.0,235,0.8014439921393967,0.7532959380272248,0.7819537191859489,0.7906734143299178,0.7974820475861754,0.7998986837840165,premier_league
26838,EPL,2025-02-02 14:00:00,2025-02-02 12:00:00,89,78,2,0.0,235,0.35475931035272895,0.4099467431544778,0.3950697263708172,0.38437867521411406,0.3707850694773748,0.36292208703396406,premier_league
26833,EPL,2025-02-02 16:30:00,2025-02-02 14:30:00,83,88,6,1.0,235,0.5599630275577875,0.5217015177737236,0.5406906211118574,0.5482757667236934,0.5551101591889084,0.5579003719851853,premier_league
26835,EPL,2025-02-03 20:00:00,2025-02-03 18:00:00,80,81,3,1.0,238,0.6943767080797538,0.6418477113396338,0.6628106510432622,0.6727180449294065,0.6834723320531985,0.6890301859405812,premier_league
26748,EPL,2025-02-12 19:30:00,2025-02-12 17:30:00,72,87,4,1.0,239,0.4752203335278546,0.38473045710055653,0.4161264448062463,0.4316450943480412,0.45126753757421945,0.46288413007730933,premier_league
26843,EPL,2025-02-14 20:00:00,2025-02-14 18:00:00,220,80,3,1.0,240,0.6445535823136213,0.6514000305209056,0.6383812040447308,0.6386523921525262,0.64090833162911,0.642628921727219,premier_league
26846,EPL,2025-02-15 12:30:00,2025-02-15 10:30:00,75,83,2,0.0,241,0.7011464682387506,0.7573374759718403,0.7311490802136619,0.7218821559605972,0.7119885322020084,0.7066354738628838,premier_league
26842,EPL,2025-02-15 15:00:00,2025-02-15 13:00:00,71,285,2,0.0,241,0.5561970866066445,0.50000787455184,0.5176014157190798,0.528521827607592,0.5416578737857265,0.5489189038934296,premier_league
26845,EPL,2025-02-15 15:00:00,2025-02-15 13:00:00,228,249,3,1.0,241,0.48602154387762564,0.6322717171222096,0.5711311114684475,0.5461148100984834,0.5178425025649313,0.5021580414436472,premier_league
26848,EPL,2025-02-15 15:00:00,2025-02-15 13:00:00,88,86,4,1.0,241,0.647322049766085,0.8020861887846463,0.7342799319325488,0.7070455114470104,0.6778058684541773,0.6624469521561066,premier_league
26849,EPL,2025-02-15 15:00:00,2025-02-15 13:00:00,74,73,4,1.0,241,0.6052154713275741,0.7285851609792918,0.6803776740901915,0.6583805445339884,0.6332276517326325,0.6193543932655793,premier_league
26851,EPL,2025-02-15 15:00:00,2025-02-15 13:00:00,81,244,1,0.0,241,0.7069255320457087,0.5862942175448908,0.6488526707317764,0.6701664297049037,0.6899535027286857,0.6989861875794786,premier_league
26844,EPL,2025-02-15 17:30:00,2025-02-15 15:30:00,78,72,3,1.0,242,0.2833901256916087,0.28978413033592715,0.2712550626113443,0.27075809325698696,0.274680810287496,0.2785046816263403,premier_league
26847,EPL,2025-02-16 14:00:00,2025-02-16 12:00:00,87,229,3,1.0,248,0.8237834739377107,0.7409142773050273,0.7896867105025495,0.80380846258027,0.815410744428656,0.820090117179089,premier_league
26850,EPL,2025-02-16 16:30:00,2025-02-16 14:30:00,82,89,1,0.0,248,0.6042471452673168,0.6097114582123404,0.6240773245942359,0.6222754153477722,0.6158060068517404,0.6105891313244327,premier_league
26884,EPL,2025-02-19 15:00:00,2025-02-19 13:00:00,71,87,4,1.0,250,0.6489471987037614,0.618579695285193,0.6536627067415827,0.6583924711317916,0.6572070722106268,0.653955317748783,premier_league
26858,EPL,2025-02-21 20:00:00,2025-02-21 18:00:00,75,244,4,1.0,251,0.7075068617302274,0.49907449454546926,0.6094630868927995,0.6459221992029077,0.6792503102407778,0.6943164724028077,premier_league
26855,EPL,2025-02-22 12:30:00,2025-02-22 10:30:00,72,89,4,1.0,252,0.30853343490457696,0.34382503391994523,0.3146082543873483,0.30799377613952417,0.3055799475664634,0.3063666665593433,premier_league
26852,EPL,2025-02-22 15:00:00,2025-02-22 13:00:00,73,229,1,0.0,252,0.7072777480402951,0.6450876376505842,0.667253493274479,0.6797583848126596,0.6935882683521529,0.7006468044734522,premier_league
26853,EPL,2025-02-22 15:00:00,2025-02-22 13:00:00,83,81,1,0.0,252,0.6368945887505604,0.5999801106959611,0.6232444501906907,0.6296508381143373,0.6344816626746975,0.6360626534095856,premier_league
26856,EPL,2025-02-22 15:00:00,2025-02-22 13:00:00,228,78,2,0.0,252,0.41300957758412177,0.4112767805476516,0.41840055450974256,0.4188607909333996,0.41724113909769206,0.41544597467847,premier_league
26857,EPL,2025-02-22 15:00:00,2025-02-22 13:00:00,285,82,5,1.0,252,0.6819321810788126,0.6077379655532775,0.6528913530691457,0.6648136948210102,0.6746045053404863,0.6786420456622635,premier_league
26861,EPL,2025-02-22 15:00:00,2025-02-22 13:00:00,74,220,4,1.0,252,0.593312990788147,0.6650105186736386,0.621345257473255,0.6101901920188181,0.6009659133386779,0.5969262559637801,premier_league
26854,EPL,2025-02-22 17:30:00,2025-02-22 15:30:00,71,80,3,1.0,253,0.6246786280680844,0.5433138396247583,0.5743234017853704,0.5896353134750272,0.6067165569501564,0.615774347154326,premier_league
26860,EPL,2025-02-23 14:00:00,2025-02-23 12:00:00,86,249,7,1.0,259,0.5124024224422097,0.7463312229645812,0.6521478669341335,0.610756618604009,0.563953897147296,0.5383367420778348,premier_league
26859,EPL,2025-02-23 16:30:00,2025-02-23 14:30:00,88,87,2,0.0,259,0.6951488639654972,0.7797637678726024,0.7584197468710895,0.7436311998199389,0.7229089233775464,0.7097693401707356,premier_league
26863,EPL,2025-02-25 19:30:00,2025-02-25 17:30:00,220,73,3,1.0,261,0.5444110282098551,0.5253146261266721,0.540012187595888,0.542563299328309,0.5439981367331427,0.5443285555706389,premier_league
26867,EPL,2025-02-25 19:30:00,2025-02-25 17:30:00,229,228,3,1.0,261,0.6261477669446706,0.38317838600129694,0.505718720681961,0.549006342998235,0.5900432915610591,0.609121221231596,premier_league
26868,EPL,2025-02-25 19:30:00,2025-02-25 17:30:00,78,71,5,1.0,261,0.4211283019309061,0.34799681980342817,0.38508179963177874,0.397955810738218,0.41015544233259515,0.4158970822130803,premier_league
26869,EPL,2025-02-25 20:15:00,2025-02-25 18:15:00,80,74,4,1.0,261,0.6831388535056211,0.6073610568574423,0.6460919048972243,0.6593147416559257,0.6719713281561492,0.6778850913110575,premier_league
26862,EPL,2025-02-26 19:30:00,2025-02-26 17:30:00,244,72,2,0.0,265,0.5104167130227404,0.437356897309319,0.4476883346826563,0.46037009874288476,0.48089456980254797,0.494727074246256,premier_league
26864,EPL,2025-02-26 19:30:00,2025-02-26 17:30:00,249,83,0,0.0,265,0.49043949523856517,0.6430259026358102,0.5811919089303231,0.5542944071688123,0.5240397695186841,0.5074154004964739,premier_league
26865,EPL,2025-02-26 19:30:00,2025-02-26 17:30:00,82,88,1,0.0,265,0.7403821945766409,0.7288988556283975,0.7451190591624143,0.746088192540872,0.7445595400261832,0.7427852980955099,premier_league
26871,EPL,2025-02-26 19:30:00,2025-02-26 17:30:00,89,285,5,1.0,265,0.4469549918356637,0.47126695072846847,0.46451997642936815,0.46067139641036936,0.45500004821914386,0.4512446811670896,premier_league
26870,EPL,2025-02-26 20:15:00,2025-02-26 18:15:00,87,86,2,0.0,265,0.6430043248658839,0.7998510087163452,0.7503548630526988,0.7232793103689067,0.687892857353188,0.6663508314909309,premier_league
26866,EPL,2025-02-27 20:00:00,2025-02-27 18:00:00,81,75,2,0.0,270,0.5581917272688177,0.3505448078173625,0.4495952857880591,0.48753021742241864,0.5246524085107718,0.5422723319319845,premier_league
26878,EPL,2025-03-08 12:30:00,2025-03-08 10:30:00,249,88,1,0.0,271,0.6001048185729038,0.7101104568408398,0.6765546513985377,0.6556662413720902,0.6299860520494348,0.6153085329139649,premier_league
26873,EPL,2025-03-08 15:00:00,2025-03-08 13:00:00,220,228,3,1.0,271,0.5524757151618767,0.558795549506204,0.5536036430874666,0.5536785005246861,0.5536771639543671,0.5532986279633062,premier_league
26875,EPL,2025-03-08 15:00:00,2025-03-08 13:00:00,78,285,1,0.0,271,0.49137878846862426,0.728476019238912,0.6130067962879999,0.5712892728889575,0.530236256302462,0.5101781030727784,premier_league
26876,EPL,2025-03-08 15:00:00,2025-03-08 13:00:00,87,74,4,1.0,271,0.8013923832049509,0.865182225123962,0.8466066015422766,0.8359470133757625,0.8212548598323393,0.8118925608082143,premier_league
26872,EPL,2025-03-08 17:30:00,2025-03-08 15:30:00,244,71,1,0.0,272,0.6719030661701022,0.576394414868791,0.6052690148005488,0.6249600541828384,0.6479476907675443,0.6601384487199188,premier_league
26881,EPL,2025-03-08 20:00:00,2025-03-08 18:00:00,229,72,2,0.0,275,0.5118037838431895,0.457307117913436,0.4587119895190126,0.4684827397109837,0.48586821821719545,0.4979517748371489,premier_league
26874,EPL,2025-03-09 14:00:00,2025-03-09 12:00:00,80,75,1,0.0,277,0.7359891059837658,0.7060881624848139,0.7072450292474677,0.7151184807408746,0.7252248510741285,0.7307035898583101,premier_league
26879,EPL,2025-03-09 14:00:00,2025-03-09 12:00:00,82,73,4,1.0,277,0.622790892173315,0.5769430415849333,0.6093733879431709,0.6168243220953746,0.621395308833437,0.6225046009856596,premier_league
26877,EPL,2025-03-09 16:30:00,2025-03-09 14:30:00,89,83,2,0.0,277,0.4660367619047479,0.447599940735226,0.4745606208555788,0.47653477193946586,0.4738001176528541,0.4704949801429315,premier_league
26880,EPL,2025-03-10 20:00:00,2025-03-10 18:00:00,81,86,1,0.0,280,0.6074186994040232,0.6203562069532816,0.6312990736415864,0.6291875031658466,0.6215206938304886,0.6151950174323183,premier_league
26885,EPL,2025-03-15 15:00:00,2025-03-15 13:00:00,72,81,2,0.0,281,0.39720040380053456,0.3273602519633815,0.3569673619931001,0.36718990998568385,0.37996259534158255,0.38803542860001755,premier_league
26887,EPL,2025-03-15 15:00:00,2025-03-15 13:00:00,285,249,6,1.0,281,0.5745047472523506,0.7113921826588864,0.6686649806734217,0.6423764923043884,0.6105382166633166,0.5926842566424385,premier_league
26889,EPL,2025-03-15 15:00:00,2025-03-15 13:00:00,88,220,4,1.0,281,0.6545824669123292,0.624290939423825,0.6429537479445326,0.6471888866124262,0.651024493996166,0.6528721779217572,premier_league
26891,EPL,2025-03-15 15:00:00,2025-03-15 13:00:00,74,229,3,1.0,281,0.6236796454023915,0.5927337395054875,0.608117599391448,0.6150655915766414,0.6208337754123623,0.6227532694559725,premier_league
26882,EPL,2025-03-15 17:30:00,2025-03-15 15:30:00,73,244,3,1.0,281,0.6254106713568112,0.5062517427747082,0.5590872224090124,0.5816346594859342,0.604478897949322,0.6154743206733498,premier_league
26883,EPL,2025-03-16 13:30:00,2025-03-16 11:30:00,83,80,1,0.0,286,0.5107824587120535,0.34949835990163747,0.43559751746629927,0.4630663704181652,0.4884832725389231,0.5002440605443664,premier_league
26886,EPL,2025-03-16 13:30:00,2025-03-16 11:30:00,228,82,2,0.0,286,0.6299394786719148,0.5885629094592953,0.6149276186292968,0.6233894623323062,0.6290191406803026,0.6301824437277843,premier_league
26888,EPL,2025-03-16 19:00:00,2025-03-16 17:00:00,75,89,3,1.0,288,0.5023063096003851,0.45112056573289466,0.48404245453409317,0.49361550808059224,0.5002087231541272,0.5019143977655675,premier_league
26892,EPL,2025-04-01 19:45:00,2025-04-01 17:45:00,83,228,3,1.0,289,0.44774418718975906,0.2681077995199909,0.3619929420681417,0.3946536988187035,0.4242609586007593,0.43711914078959774,premier_league
26895,EPL,2025-04-01 19:45:00,2025-04-01 17:45:00,229,81,1,0.0,289,0.6043286439683788,0.3119261637710107,0.43817162790531955,0.4929769889284033,0.549918533227926,0.5781210595388143,premier_league
26894,EPL,2025-04-01 20:00:00,2025-04-01 18:00:00,249,89,1,0.0,289,0.4897049665580906,0.6711154419295872,0.6085180294416528,0.5756701899532577,0.5358260960732991,0.5131317379329364,premier_league
26893,EPL,2025-04-02 19:45:00,2025-04-02 17:45:00,220,71,3,1.0,292,0.6121742988638269,0.6691050117892647,0.6246998989044695,0.6161475339602547,0.6120639809660651,0.6116547865246985,premier_league
26896,EPL,2025-04-02 19:45:00,2025-04-02 17:45:00,73,285,3,1.0,292,0.63355976921914,0.7885816428677839,0.7176738272722412,0.6900204745181262,0.661565989579003,0.6472319652069835,premier_league
26898,EPL,2025-04-02 19:45:00,2025-04-02 17:45:00,88,75,2,0.0,292,0.7235646792213662,0.638648590118093,0.678261791512133,0.6932601571422043,0.7086174111523956,0.7163058748217823,premier_league
26899,EPL,2025-04-02 19:45:00,2025-04-02 17:45:00,86,244,3,1.0,292,0.6572075803469016,0.6009544309548271,0.635238802437071,0.6462248111116111,0.6542618755997871,0.656518462164285,premier_league
26900,EPL,2025-04-02 19:45:00,2025-04-02 17:45:00,74,78,2,0.0,292,0.501727091732143,0.7459978721155428,0.6497984841247288,0.6050789348171117,0.554981453905938,0.5282037245154565,premier_league
26901,EPL,2025-04-02 20:00:00,2025-04-02 18:00:00,87,72,1,0.0,292,0.516994698851022,0.5480321016412132,0.5141159074093378,0.5081620522163047,0.5084207207102232,0.51164004861547,premier_league
26897,EPL,2025-04-03 19:00:00,2025-04-03 17:00:00,80,82,1,0.0,298,0.6838133259737388,0.5593234930513918,0.6280739287354797,0.6497789990071319,0.6687826549558432,0.6769634619663231,premier_league
26905,EPL,2025-04-05 11:30:00,2025-04-05 09:30:00,72,83,2,0.0,299,0.3649549902474541,0.2713329081807592,0.294530931172211,0.3104566794044506,0.33340752329224266,0.34826880072568195,premier_league
26904,EPL,2025-04-05 14:00:00,2025-04-05 12:00:00,78,220,3,1.0,299,0.48440083809312007,0.5878686445689582,0.532760966351935,0.5153860655351002,0.4990961098762556,0.4914081012493767,premier_league
26907,EPL,2025-04-05 14:00:00,2025-04-05 12:00:00,285,229,3,1.0,299,0.6402213040011561,0.6002565576581114,0.6110869859738683,0.61886304184242,0.6288828060685722,0.6345526689437345,premier_league
26911,EPL,2025-04-05 14:00:00,2025-04-05 12:00:00,81,73,4,1.0,299,0.5352571808901521,0.38060665266936744,0.46445298645079824,0.4923379355588739,0.5165803315584861,0.5268288287729762,premier_league
26902,EPL,2025-04-05 16:30:00,2025-04-05 14:30:00,71,249,3,1.0,300,0.5528774612689547,0.6156020629889852,0.6051643078382468,0.5925107998914947,0.5749985572116478,0.5643284457899135,premier_league
26903,EPL,2025-04-06 13:00:00,2025-04-06 11:00:00,244,80,0,0.0,304,0.6564606900819833,0.3988946712328497,0.514797291965334,0.5618649023455353,0.6101982445436362,0.6341291904255253,premier_league
26906,EPL,2025-04-06 13:00:00,2025-04-06 11:00:00,228,87,5,1.0,304,0.5840636363865794,0.5584827101842854,0.5941327813628674,0.5986398094376947,0.5960215401955791,0.5912411476930138,premier_league
26910,EPL,2025-04-06 13:00:00,2025-04-06 11:00:00,82,74,4,1.0,304,0.7266305485782695,0.6018641090837316,0.6859306174497518,0.7054207126117757,0.7192479324204113,0.7238362124852548,premier_league
26909,EPL,2025-04-06 15:30:00,2025-04-06 13:30:00,89,88,0,0.0,304,0.5567809571078635,0.507047708075009,0.553373220077165,0.5597097818380569,0.5607014973749305,0.5592718080870912,premier_league
26908,EPL,2025-04-07 19:00:00,2025-04-07 17:00:00,75,86,3,1.0,308,0.6518060721731621,0.634607943546676,0.6668003312408577,0.6693280005985174,0.6646351502372021,0.6591646341166825,premier_league
26917,EPL,2025-04-12 11:30:00,2025-04-12 09:30:00,88,78,7,1.0,309,0.4935875140747157,0.3554491051601832,0.4384819546031786,0.46071986395271414,0.4788812545377797,0.48668131248631935,premier_league
26914,EPL,2025-04-12 14:00:00,2025-04-12 12:00:00,220,75,4,1.0,309,0.64874693776634,0.5805396111839344,0.6112037509824417,0.622844924375785,0.6356719522981994,0.6423633614273541,premier_league
26920,EPL,2025-04-12 14:00:00,2025-04-12 12:00:00,249,72,1,0.0,309,0.3990304607102833,0.4567386575111512,0.43634380772287296,0.4223409198657747,0.4088064291711079,0.40320297718734155,premier_league
26921,EPL,2025-04-12 14:00:00,2025-04-12 12:00:00,74,71,3,1.0,309,0.6159012854147332,0.7557929081225031,0.6849606122881635,0.6597630081346254,0.6363496933548656,0.625575209668881,premier_league
26913,EPL,2025-04-12 16:30:00,2025-04-12 14:30:00,83,244,2,0.0,310,0.5454355986024133,0.26857893657107346,0.37855487635292784,0.4321704217125152,0.4898759655954721,0.5187420785193538,premier_league
26915,EPL,2025-04-13 13:00:00,2025-04-13 11:00:00,80,285,4,1.0,314,0.6533293584421059,0.4595588173545564,0.5753416081814611,0.6053732910028514,0.6311590401814199,0.6428029712597276,premier_league
26916,EPL,2025-04-13 13:00:00,2025-04-13 11:00:00,87,81,3,1.0,314,0.672881432254272,0.548285749861826,0.6121093112418805,0.6373268820567357,0.6588701408013082,0.6671219890090214,premier_league
26919,EPL,2025-04-13 13:00:00,2025-04-13 11:00:00,229,82,6,1.0,314,0.7345218829796313,0.4728572497683266,0.5848081746924679,0.6347840008679214,0.6863064189942434,0.7114559116778262,premier_league
26918,EPL,2025-04-13 15:30:00,2025-04-13 13:30:00,86,89,5,1.0,314,0.4953577494762596,0.44368757012541926,0.5183784009500593,0.5236852366218855,0.5160487216037969,0.5071242074501515,premier_league
26912,EPL,2025-04-14 19:00:00,2025-04-14 17:00:00,73,228,1,0.0,318,0.5505368942293705,0.7050328798677703,0.6266142415292213,0.5998733514349258,0.5743956083808341,0.5621047144080416,premier_league
26890,EPL,2025-04-16 18:30:00,2025-04-16 16:30:00,86,78,5,1.0,319,0.5300208249564993,0.817792546561751,0.686538004870904,0.6356582081806673,0.5828780774271173,0.5559568035656794,premier_league
26923,EPL,2025-04-19 14:00:00,2025-04-19 12:00:00,244,220,6,1.0,320,0.6566292064923934,0.5260276510738108,0.5782989379178777,0.6030844549572999,0.6300433207573095,0.6437547343139575,premier_league
26924,EPL,2025-04-19 14:00:00,2025-04-19 12:00:00,78,73,0,0.0,320,0.5011328040770511,0.7344914837197529,0.634262782953205,0.5892720366114617,0.543483667668576,0.5213581829018753,premier_league
26925,EPL,2025-04-19 14:00:00,2025-04-19 12:00:00,72,88,2,0.0,320,0.4668387657548196,0.3854573557578465,0.4152071288439616,0.42651075447249887,0.44250199628132636,0.45357141762184144,premier_league
26931,EPL,2025-04-19 14:00:00,2025-04-19 12:00:00,81,74,2,0.0,320,0.5172078357150646,0.5292475790595101,0.5159660864340617,0.5158847376097698,0.5168910184979407,0.5172664870593465,premier_league
26922,EPL,2025-04-19 16:30:00,2025-04-19 14:30:00,71,86,5,1.0,320,0.6216611658286323,0.6613561807422543,0.6738635116242488,0.6632437659028632,0.6454617070721134,0.6340496454871041,premier_league
26926,EPL,2025-04-20 13:00:00,2025-04-20 11:00:00,228,80,3,1.0,325,0.5456615955905678,0.41535291633369237,0.4780971579405029,0.5019819464137737,0.5251342162428363,0.5359860099173887,premier_league
26927,EPL,2025-04-20 13:00:00,2025-04-20 11:00:00,285,83,4,1.0,325,0.6058325090868585,0.56088102689725,0.5876773898188441,0.5963535390133192,0.6026272265577554,0.6046419952076312,premier_league
26929,EPL,2025-04-20 13:00:00,2025-04-20 11:00:00,89,229,1,0.0,325,0.5791796549639439,0.5777164836030229,0.555362416296071,0.5591830283488555,0.5679412001403384,0.5735281050052702,premier_league
26928,EPL,2025-04-20 15:30:00,2025-04-20 13:30:00,75,87,1,0.0,325,0.7742741752501694,0.7417015263962625,0.7722958917092728,0.7789178515848334,0.7802477837076882,0.7782366410549304,premier_league
26930,EPL,2025-04-21 19:00:00,2025-04-21 17:00:00,82,249,3,1.0,329,0.6247159748323315,0.6537703361733325,0.6664279543910968,0.6607368200850123,0.6472441225200022,0.6369920796529805,premier_league
26937,EPL,2025-04-22 19:00:00,2025-04-22 17:00:00,88,71,3,1.0,330,0.6464179452286772,0.5697780876630185,0.6132870568645709,0.6247677110336671,0.6354797277619244,0.6409451369192768,premier_league
26933,EPL,2025-04-23 19:00:00,2025-04-23 17:00:00,83,78,4,1.0,331,0.44811990907598204,0.6088886573491361,0.5038344513331076,0.4779633623253835,0.45947132362027976,0.4529002544451265,premier_league
26935,EPL,2025-04-26 11:30:00,2025-04-26 09:30:00,80,72,1,0.0,332,0.4162957241147501,0.25631938674731014,0.3109697468160911,0.3378283486382443,0.3719821234301995,0.3930121048297038,premier_league
26934,EPL,2025-04-26 14:00:00,2025-04-26 12:00:00,220,81,5,1.0,332,0.599835994321765,0.6088247437114849,0.5866999912118557,0.5867940246365985,0.5914513743021802,0.5953320538198666,premier_league
26938,EPL,2025-04-26 14:00:00,2025-04-26 12:00:00,86,285,3,1.0,332,0.7235981273077825,0.9325348307234063,0.8669447162667174,0.8282361920628853,0.7797462574179174,0.7520074820953305,premier_league
26940,EPL,2025-04-26 14:00:00,2025-04-26 12:00:00,74,228,3,1.0,332,0.5808562073050131,0.5759214381835003,0.6022349318827982,0.6021141688589708,0.5952633619488369,0.5889241795377478,premier_league
26941,EPL,2025-04-26 14:00:00,2025-04-26 12:00:00,229,75,3,1.0,332,0.6390215844537875,0.5771771154297676,0.5695118170743375,0.5823981054034537,0.6064033303899278,0.6221721013196188,premier_league
26932,EPL,2025-04-27 13:00:00,2025-04-27 11:00:00,73,89,2,0.0,337,0.4594597143033127,0.3641892703452384,0.4399649438186783,0.455159796294163,0.4618973807573046,0.4617958199902448,premier_league
26936,EPL,2025-04-27 15:30:00,2025-04-27 13:30:00,87,82,6,1.0,337,0.7118766022163793,0.7347942215075316,0.739011241110494,0.736579584284725,0.7285866650004295,0.7214030674386321,premier_league
26939,EPL,2025-05-01 18:30:00,2025-05-01 16:30:00,249,244,2,0.0,339,0.5988332560639004,0.5483037820946539,0.5726394525052668,0.5840346071437396,0.5938556795120634,0.5971924537131279,premier_league
26942,EPL,2025-05-02 19:00:00,2025-05-02 17:00:00,88,229,1,0.0,340,0.7271161779817802,0.50025936513265,0.598121256963393,0.6390390971248641,0.6827202739282983,0.7052912295426043,premier_league
26946,EPL,2025-05-03 11:30:00,2025-05-03 09:30:00,71,228,1,0.0,341,0.5716460300178192,0.6925223342078722,0.6199099929780496,0.5991541456454846,0.5830502793323693,0.5767465915353389,premier_league
26950,EPL,2025-05-03 14:00:00,2025-05-03 12:00:00,72,285,4,1.0,341,0.41897081895519056,0.4130886333611094,0.4423811566930932,0.43696010497946997,0.42755955577885696,0.42279271706436167,premier_league
26951,EPL,2025-05-03 14:00:00,2025-05-03 12:00:00,75,74,2,0.0,341,0.4444013758352808,0.305991991476701,0.35620920246967974,0.3841662724055208,0.4150492970856982,0.4304388551397269,premier_league
26945,EPL,2025-05-03 16:30:00,2025-05-03 14:30:00,83,73,3,1.0,342,0.4597434884898939,0.4450890940760459,0.4412630887894853,0.4445773109935148,0.4511033806845225,0.45534304846596346,premier_league
26943,EPL,2025-05-04 13:00:00,2025-05-04 11:00:00,81,82,2,0.0,345,0.6735091803990803,0.7472465092130577,0.6727356863951256,0.6640035761629122,0.6652804906743025,0.6688767189429381,premier_league
26944,EPL,2025-05-04 13:00:00,2025-05-04 11:00:00,220,86,2,0.0,345,0.7030042265213516,0.9287786397568683,0.8552100846927116,0.8129852200177666,0.7612724034976249,0.7322782063437847,premier_league
26947,EPL,2025-05-04 13:00:00,2025-05-04 11:00:00,244,89,7,1.0,345,0.5416201551608714,0.4777068700410622,0.48717369276679606,0.5027152552263079,0.5222847059874608,0.5324276086861816,premier_league
26948,EPL,2025-05-04 15:30:00,2025-05-04 13:30:00,80,87,4,1.0,345,0.5885455704998167,0.4558462336211498,0.5295332308488498,0.555947942963237,0.576999554186113,0.5842492414169222,premier_league
26949,EPL,2025-05-05 19:00:00,2025-05-05 17:00:00,78,249,2,0.0,349,0.4708706865211685,0.6148508326144697,0.587336089813477,0.5576841726366393,0.5177289631477076,0.49454362705969546,premier_league
26953,EPL,2025-05-10 14:00:00,2025-05-10 12:00:00,228,72,4,1.0,350,0.3786292433360266,0.35736271868855307,0.36096158729835054,0.362676787856103,0.36766407091634856,0.37232758913586744,premier_league
26954,EPL,2025-05-10 14:00:00,2025-05-10 12:00:00,285,244,1,0.0,350,0.7133472190737347,0.8502733177143791,0.7753953580781053,0.7498513341888112,0.7285245741520869,0.7200189866372407,premier_league
26959,EPL,2025-05-10 14:00:00,2025-05-10 12:00:00,74,88,0,0.0,350,0.7079543787059175,0.6486047259072097,0.6972267623910883,0.7058986898408882,0.7092595618397124,0.7090895789060876,premier_league
26961,EPL,2025-05-10 14:00:00,2025-05-10 12:00:00,229,220,2,0.0,350,0.7037932021154372,0.7162839505175211,0.686182478947845,0.6840580939993898,0.6899491317392493,0.6960738359952733,premier_league
26955,EPL,2025-05-10 16:30:00,2025-05-10 14:30:00,73,71,1,0.0,350,0.546608900514826,0.45575567046260296,0.5075805313024412,0.5226652790407519,0.5358823645728606,0.5416711012949561,premier_league
26957,EPL,2025-05-11 11:00:00,2025-05-11 09:00:00,86,80,2,0.0,355,0.6074310083011137,0.5818807181458528,0.6078885387561913,0.613049514115286,0.6133226265966754,0.6111403723125258,premier_league
26956,EPL,2025-05-11 13:15:00,2025-05-11 11:15:00,89,81,2,0.0,355,0.4790824577521834,0.573248256411713,0.5074387185193355,0.4941063769749636,0.4853101231670755,0.48200358975276375,premier_league
26958,EPL,2025-05-11 13:15:00,2025-05-11 11:15:00,249,75,4,1.0,355,0.5972038024081369,0.4546706360350301,0.5528512748007629,0.5785150275982773,0.5943012028469798,0.597503317979764,premier_league
26960,EPL,2025-05-11 13:15:00,2025-05-11 11:15:00,82,78,2,0.0,355,0.6140229656287534,0.7406782206591649,0.6954391284504267,0.6707864989575746,0.6426648160883641,0.6279791140745195,premier_league
26952,EPL,2025-05-11 15:30:00,2025-05-11 13:30:00,87,83,4,1.0,356,0.5132851216402791,0.6760241670751176,0.586884974026724,0.5610743331231427,0.5374146848443878,0.5254756546166224,premier_league
26963,EPL,2025-05-16 18:30:00,2025-05-16 16:30:00,71,82,2,0.0,360,0.669891442897181,0.6922431878863812,0.6707034185036991,0.6654554348272583,0.6653284490558441,0.667205177830609,premier_league
26966,EPL,2025-05-16 19:15:00,2025-05-16 17:15:00,80,89,1,0.0,360,0.5231450157353273,0.5089157379279179,0.5020904913975551,0.5073661667376764,0.515192410264003,0.51937312407099,premier_league
26968,EPL,2025-05-18 11:00:00,2025-05-18 09:00:00,72,74,2,0.0,362,0.42149779032289075,0.45562739069669905,0.46164255297631523,0.45305747621162623,0.4388573070322609,0.43024187626939525,premier_league
26971,EPL,2025-05-18 13:15:00,2025-05-18 11:15:00,81,249,3,1.0,362,0.5233115245970463,0.515157210723287,0.5154227606646132,0.5203811498030163,0.5243409108303445,0.5246884384882473,premier_league
26964,EPL,2025-05-18 14:00:00,2025-05-18 12:00:00,244,228,5,1.0,362,0.6163317659701711,0.6705940785198875,0.6118769598616514,0.6044073237752119,0.6066328528237258,0.6109044947886636,premier_league
26969,EPL,2025-05-18 14:00:00,2025-05-18 12:00:00,75,285,2,0.0,362,0.5232531336984662,0.546472050845444,0.5120051111632115,0.5097041902880002,0.5140177770413764,0.5182713631052689,premier_league
26962,EPL,2025-05-18 15:30:00,2025-05-18 13:30:00,83,86,1,0.0,363,0.5420759655969514,0.6826465974073738,0.6195830273811088,0.5950664060456173,0.5693973272900728,0.5558150745092109,premier_league
26965,EPL,2025-05-19 19:00:00,2025-05-19 17:00:00,220,87,5,1.0,367,0.7103253947935351,0.8473905960735962,0.8002411005631384,0.7760999196634852,0.7463827097180629,0.7289348107924277,premier_league
26967,EPL,2025-05-20 19:00:00,2025-05-20 17:00:00,78,229,6,1.0,368,0.5637599749448188,0.5047298640596305,0.5285203335488121,0.5392482533563222,0.5515743671101466,0.5579242432176285,premier_league
26970,EPL,2025-05-20 19:00:00,2025-05-20 17:00:00,88,73,4,1.0,368,0.5454871741078087,0.31381272543800875,0.4327065531777411,0.4746478923831697,0.5132992137289727,0.5305766790369296,premier_league
26972,EPL,2025-05-25 15:00:00,2025-05-25 13:00:00,249,80,1,0.0,370,0.5153406696015893,0.4106256344702122,0.4656370274607904,0.4875130591723151,0.5054776783503787,0.5116959304981461,premier_league
26973,EPL,2025-05-25 15:00:00,2025-05-25 13:00:00,86,72,1,0.0,370,0.46452007499108183,0.49302210959892734,0.4970086224411173,0.4879738847236193,0.4759124319959191,0.46979600739983085,premier_league
26974,EPL,2025-05-25 15:00:00,2025-05-25 13:00:00,89,71,2,0.0,370,0.4943061555595904,0.49399864004823124,0.5003957143638987,0.4998721171673435,0.4979715747320888,0.49637023890674675,premier_league
26975,EPL,2025-05-25 15:00:00,2025-05-25 13:00:00,87,78,2,0.0,370,0.6326877122847462,0.8725579400639196,0.783280658368471,0.7380507954717174,0.686426744232804,0.6591093774322667,premier_league
26976,EPL,2025-05-25 15:00:00,2025-05-25 13:00:00,82,220,5,1.0,370,0.7352099826021008,0.8012597428546647,0.7792804881133102,0.7664534504190174,0.7514950068350195,0.7433657260789888,premier_league
26977,EPL,2025-05-25 15:00:00,2025-05-25 13:00:00,74,83,3,1.0,370,0.6261337199010707,0.48243158338936154,0.5679059901813206,0.5938311864265948,0.6142023779981263,0.6214474447334604,premier_league
26978,EPL,2025-05-25 15:00:00,2025-05-25 13:00:00,229,244,2,0.0,370,0.7270831863805493,0.7369105266802088,0.6705977382030489,0.6721153403714075,0.6921273633530496,0.7084740868912296,premier_league
26979,EPL,2025-05-25 15:00:00,2025-05-25 13:00:00,73,75,2,0.0,370,0.5956363115176493,0.4663402947446024,0.5198872726774888,0.5475192991773951,0.5744462360214433,0.5861799829913338,premier_league
26980,EPL,2025-05-25 15:00:00,2025-05-25 13:00:00,285,81,4,1.0,370,0.536120107902489,0.5381301401599184,0.5395757963528742,0.5376206902748448,0.5362319481129583,0.5360078472472551,premier_league
26981,EPL,2025-05-25 15:00:00,2025-05-25 13:00:00,228,88,2,0.0,370,0.5928740161065346,0.5810558040376871,0.5813559669733314,0.5849766673131802,0.5892616569795333,0.5912746253524641,premier_league
28778,EPL,2025-08-15 19:00:00,2025-08-15 17:00:00,87,73,6,1.0,380,0.6011882302456647,0.6269439966070907,0.6298706707469716,0.6261739225829723,0.6170977163997187,0.6099342882455703,premier_league
28779,EPL,2025-08-16 11:30:00,2025-08-16 09:30:00,71,86,0,0.0,381,0.5775649572925142,0.3661220651804282,0.5070194604849568,0.5437370516552383,0.5682588535095459,0.5749536598367715,premier_league
28780,EPL,2025-08-16 14:00:00,2025-08-16 12:00:00,220,228,2,0.0,381,0.6389711357421278,0.8166506322849204,0.7489510569750204,0.7139928553074516,0.6761232812591443,0.6569866405299863,premier_league
28781,EPL,2025-08-16 14:00:00,2025-08-16 12:00:00,77,81,3,1.0,381,0.5663085086613212,0.6094633342450309,0.5612338603359124,0.5562182987261617,0.5583167010516429,0.5617994193368437,premier_league
28782,EPL,2025-08-16 14:00:00,2025-08-16 12:00:00,82,92,3,1.0,381,0.6809451313270032,0.6955188786961499,0.6809174300263794,0.6800520393800592,0.680503526770383,0.6808357827359102,premier_league
28783,EPL,2025-08-16 16:30:00,2025-08-16 14:30:00,229,88,4,1.0,382,0.6869876186275573,0.49685244591261635,0.5439657673973858,0.5828923826885954,0.6323657351027867,0.6598463788080985,premier_league
28784,EPL,2025-08-17 13:00:00,2025-08-17 11:00:00,80,78,0,0.0,386,0.5026430695414349,0.46042454771047203,0.47902714257601164,0.486783566304943,0.49464411029781735,0.49863932454777277,premier_league
28785,EPL,2025-08-17 13:00:00,2025-08-17 11:00:00,249,244,4,1.0,386,0.5996608083759372,0.5891528002047592,0.591001127917352,0.5939097124206589,0.5976344635025534,0.5991025596010119,premier_league
28786,EPL,2025-08-17 15:30:00,2025-08-17 13:30:00,89,83,1,0.0,386,0.4598812566471865,0.4925218991944982,0.4793926682104708,0.473956814269021,0.467809795061878,0.46410233675927715,premier_league
28787,EPL,2025-08-18 19:00:00,2025-08-18 17:00:00,245,72,1,0.0,389,0.41652248535565617,0.4343668249941797,0.4145635117058183,0.4095167782106679,0.40902346574130377,0.4116211127843379,premier_league
28788,EPL,2025-08-22 19:00:00,2025-08-22 17:00:00,81,80,6,1.0,390,0.5376824941699326,0.13862659965530766,0.3474147883287416,0.4125050655891679,0.47618920196948467,0.5078402663480679,premier_league
28789,EPL,2025-08-23 11:30:00,2025-08-23 09:30:00,88,82,2,0.0,391,0.7128822385959419,0.6126643104966317,0.7270839222481706,0.7214383368063632,0.7149721547213165,0.7133702291691767,premier_league
28790,EPL,2025-08-23 14:00:00,2025-08-23 12:00:00,244,71,1,0.0,391,0.6199729505971378,0.21625074563574803,0.4666809148918819,0.5243833762752012,0.5745428755415598,0.5981560973474545,premier_league
28791,EPL,2025-08-23 14:00:00,2025-08-23 12:00:00,92,77,2,0.0,391,0.9442644064191343,0.9572590396702475,0.9524195958435473,0.9495235111038136,0.9465696579574716,0.9452761293606782,premier_league
28792,EPL,2025-08-23 14:00:00,2025-08-23 12:00:00,73,229,1,0.0,391,0.6426700020998567,0.8649994170961051,0.7019322031735314,0.6545482646267752,0.634758793382148,0.6358771632517665,premier_league
28793,EPL,2025-08-23 16:30:00,2025-08-23 14:30:00,83,245,5,1.0,392,0.02271133914180237,0.0055048538379774935,0.01791863085782151,0.02060615169970369,0.022040398561502795,0.022444437405195788,premier_league
28794,EPL,2025-08-24 13:00:00,2025-08-24 11:00:00,78,249,2,0.0,396,0.47312192416388205,0.3610627673373032,0.5333982969845028,0.5334609587316093,0.5113129768106164,0.4935004249890098,premier_league
28795,EPL,2025-08-24 13:00:00,2025-08-24 11:00:00,72,220,2,0.0,396,0.47729968440223347,0.31555445973408036,0.47643362682241314,0.4872880410009705,0.4833276558980327,0.4797106452084157,premier_league
28796,EPL,2025-08-24 15:30:00,2025-08-24 13:30:00,228,89,2,0.0,396,0.4716052760106248,0.299996809833741,0.4466968842895889,0.47080013921711716,0.47834865745091965,0.47652030574502974,premier_league
28797,EPL,2025-08-25 19:00:00,2025-08-25 17:00:00,86,87,5,1.0,399,0.6483335467957645,0.5237534302516478,0.707277506035249,0.7056947553487777,0.6851980291185304,0.6684998115028755,premier_league
28798,EPL,2025-08-30 11:30:00,2025-08-30 09:30:00,80,228,2,0.0,400,0.5409734295584128,0.6228433188986111,0.5349862323653836,0.5205182153098707,0.52452800849942,0.5319519096285985,premier_league
28799,EPL,2025-08-30 14:00:00,2025-08-30 12:00:00,82,73,1,0.0,400,0.6396725342369405,0.7697604501713525,0.6725056414369005,0.6540611067996263,0.6452721674138328,0.6424024612976905,premier_league
28800,EPL,2025-08-30 14:00:00,2025-08-30 12:00:00,229,72,5,1.0,400,0.4612236264801503,0.33803954256380464,0.3708377580973506,0.39131908984325814,0.4210204068399543,0.4401474121244614,premier_league
28801,EPL,2025-08-30 14:00:00,2025-08-30 12:00:00,77,244,3,1.0,400,0.5380261059995214,0.5587125176896975,0.5363934940820518,0.5275725038252039,0.5273164319998378,0.531446854637889,premier_league
28802,EPL,2025-08-30 14:00:00,2025-08-30 12:00:00,89,92,5,1.0,400,0.3797871060859861,0.29200296787733576,0.3584045792433191,0.37423209224616555,0.38127295112126997,0.3814726443362285,premier_league
28803,EPL,2025-08-30 16:30:00,2025-08-30 14:30:00,245,86,0,0.0,401,0.6728569146385746,0.6406699532910739,0.6811839292503575,0.6925507347663216,0.6907208269845952,0.6836369164787583,premier_league
28804,EPL,2025-08-31 13:00:00,2025-08-31 11:00:00,249,81,3,1.0,406,0.5731493070171353,0.9476966870999074,0.7696696105661537,0.6859303401314705,0.6188068061468001,0.5933004754513191,premier_league
28805,EPL,2025-08-31 13:00:00,2025-08-31 11:00:00,220,88,3,1.0,406,0.6703690918702001,0.5976855714985698,0.6529967055705529,0.6636289516096544,0.669361667717056,0.6703856915915902,premier_league
28806,EPL,2025-08-31 15:30:00,2025-08-31 13:30:00,87,83,1,0.0,406,0.5578626523994994,0.8471732378968108,0.7393050340691124,0.6761308230380592,0.6130820129708504,0.5840053974704777,premier_league
28807,EPL,2025-08-31 18:00:00,2025-08-31 16:00:00,71,78,3,1.0,408,0.4702826853699364,0.04191682276831337,0.2718746187234655,0.37156499557356343,0.4386918467717699,0.4585611752953426,premier_league
28808,EPL,2025-09-13 11:30:00,2025-09-13 09:30:00,83,249,3,1.0,410,0.473571180435784,0.6270727621226903,0.5565872714406146,0.5271000548695491,0.49980417168554475,0.4865691996846323,premier_league
28809,EPL,2025-09-13 14:00:00,2025-09-13 12:00:00,86,229,1,0.0,410,0.6816641035910552,0.4746310243540108,0.5969543360995674,0.6299299018220944,0.6578918319047121,0.6706365448664133,premier_league
28810,EPL,2025-09-13 14:00:00,2025-09-13 12:00:00,73,220,3,1.0,410,0.6047017582528217,0.499667894627213,0.5921738310930235,0.6097553505964657,0.6132488737247128,0.6101136682021048,premier_league
28811,EPL,2025-09-13 14:00:00,2025-09-13 12:00:00,78,77,0,0.0,410,0.4417224606528022,0.3580629408609052,0.4403547495189574,0.45552424715224266,0.45468288008186447,0.44911593562064295,premier_league
28812,EPL,2025-09-13 14:00:00,2025-09-13 12:00:00,72,71,0,0.0,410,0.39083532720695446,0.40994175917690373,0.35013659659172175,0.35166292865428134,0.36607043555709595,0.3774487589477123,premier_league
28813,EPL,2025-09-13 14:00:00,2025-09-13 12:00:00,228,245,1,0.0,410,0.32489531465931104,0.16445299081083695,0.25718277320045874,0.28862378718487885,0.3115740929148201,0.3194412976576628,premier_league
28814,EPL,2025-09-13 16:30:00,2025-09-13 14:30:00,81,82,3,1.0,411,0.666384055018909,0.6793179220457454,0.685734962780758,0.6746583858763152,0.6657792098626185,0.6647493458348561,premier_league
28815,EPL,2025-09-13 19:00:00,2025-09-13 17:00:00,244,80,4,1.0,416,0.614159985434831,0.6597070096800526,0.557453683139354,0.5502990345528602,0.5713054451552235,0.5911126239289216,premier_league
28816,EPL,2025-09-14 13:00:00,2025-09-14 11:00:00,92,87,1,0.0,418,0.7983746742282413,0.9266253440338148,0.8863722171237344,0.8595395632145714,0.8288781632799767,0.8132305281331851,premier_league
28817,EPL,2025-09-14 15:30:00,2025-09-14 13:30:00,88,89,3,1.0,418,0.5615686377578027,0.7057404570102774,0.6184989491744436,0.5921482202932898,0.5732087352778814,0.56657023943105,premier_league
28818,EPL,2025-09-20 11:30:00,2025-09-20 09:30:00,87,72,3,1.0,420,0.5136814400709966,0.42248486953218756,0.49636435369729764,0.5059418119191353,0.5088486781219801,0.5104601562588179,premier_league
28819,EPL,2025-09-20 14:00:00,2025-09-20 12:00:00,81,78,3,1.0,420,0.5022659164476309,0.4955295431973237,0.5529272487646092,0.5481429547082485,0.5282834296052552,0.5152643353031384,premier_league
28820,EPL,2025-09-20 14:00:00,2025-09-20 12:00:00,229,245,4,1.0,420,0.27534190062387726,0.13188986469073197,0.2064862689894518,0.23372908071183154,0.2565623616305498,0.26647129527149416,premier_league
28821,EPL,2025-09-20 14:00:00,2025-09-20 12:00:00,220,82,4,1.0,420,0.7316911427608002,0.6098667427241675,0.6897137245312848,0.7199847362558318,0.7343004785451036,0.7347857899824342,premier_league
28822,EPL,2025-09-20 14:00:00,2025-09-20 12:00:00,92,249,2,0.0,420,0.5197535293074359,0.6123588845818111,0.5748155644964035,0.5567274664839602,0.5389399604840993,0.5295583787553599,premier_league
28824,EPL,2025-09-20 16:30:00,2025-09-20 14:30:00,89,80,3,1.0,421,0.5038595956640789,0.7855071169410265,0.6102913552526337,0.549372419904662,0.5135421294740534,0.5060135985283786,premier_league
28825,EPL,2025-09-20 19:00:00,2025-09-20 17:00:00,228,244,4,1.0,425,0.6114197849111236,0.4328636674328177,0.529902504893778,0.5629050304187226,0.5898303070683062,0.6013613876010412,premier_league
28823,EPL,2025-09-21 13:00:00,2025-09-21 11:00:00,73,86,0,0.0,427,0.5251714683746177,0.2665867511724534,0.40471204273060335,0.46397471540031193,0.5075603507252106,0.5198939092850868,premier_league
28826,EPL,2025-09-21 13:00:00,2025-09-21 11:00:00,77,71,2,0.0,427,0.30753225541633444,0.0964028948002501,0.1777055022869588,0.22185873396983585,0.26737161272525173,0.28863911707469286,premier_league
28827,EPL,2025-09-21 15:30:00,2025-09-21 13:30:00,83,88,2,0.0,427,0.503077359678088,0.4331575190443414,0.4426868965314517,0.4563732878577232,0.4779011913275252,0.490598662836873,premier_league
28828,EPL,2025-09-27 11:30:00,2025-09-27 09:30:00,244,89,4,1.0,430,0.5926044243471175,0.7797490602024855,0.6939633237457852,0.6520734906300903,0.6154304835011893,0.6019880297585468,premier_league
28829,EPL,2025-09-27 14:00:00,2025-09-27 12:00:00,80,220,4,1.0,430,0.6429503700407806,0.8063897273285876,0.720817007549191,0.6819629509795251,0.6538178095983683,0.6462628183043626,premier_league
28830,EPL,2025-09-27 14:00:00,2025-09-27 12:00:00,78,87,3,1.0,430,0.5757476327435502,0.3450690447168694,0.5096165079181213,0.5602340742137525,0.5832370747653559,0.5828190445838389,premier_league
28832,EPL,2025-09-27 14:00:00,2025-09-27 12:00:00,245,73,4,1.0,430,0.3663163476040851,0.30145270549659325,0.3426747673352593,0.3538639105683049,0.36205362610892444,0.36474601352093744,premier_league
28833,EPL,2025-09-27 14:00:00,2025-09-27 12:00:00,88,92,6,1.0,430,0.5890742969963522,0.6179642198811148,0.6085698255423085,0.5959646845893395,0.5873829864860899,0.5867933575718862,premier_league
28834,EPL,2025-09-27 16:30:00,2025-09-27 14:30:00,249,77,1,0.0,431,0.30892673745516686,0.36311541336405767,0.364380547119184,0.35107456417139626,0.3314088609700308,0.3201366189902496,premier_league
28835,EPL,2025-09-27 19:00:00,2025-09-27 17:00:00,82,229,2,0.0,435,0.7447473477593789,0.8320696625776324,0.7415603774755908,0.7170640342023356,0.7193576461086414,0.73018803220938,premier_league
28831,EPL,2025-09-28 13:00:00,2025-09-28 11:00:00,71,228,4,1.0,437,0.5000907528291819,0.17300999113818502,0.2822878737932267,0.36376787161993646,0.4436540896633382,0.4757816624820057,premier_league
28836,EPL,2025-09-28 15:30:00,2025-09-28 13:30:00,86,83,3,1.0,437,0.46098097183039255,0.09929985539638017,0.25101090681824123,0.3386942582159075,0.416121603804086,0.44350359823034635,premier_league
28837,EPL,2025-09-29 19:00:00,2025-09-29 17:00:00,72,81,2,0.0,439,0.43028001002992544,0.6447028446291839,0.5798955520872179,0.5221591707946129,0.4646027491923182,0.4433827112069356,premier_league
28838,EPL,2025-10-03 19:00:00,2025-10-03 17:00:00,73,228,4,1.0,440,0.5178725077679397,0.545042006416457,0.5281421646924438,0.525136871369813,0.5225872004689244,0.5206360433485044,premier_league
28844,EPL,2025-10-04 11:30:00,2025-10-04 09:30:00,245,82,3,1.0,441,0.5656981957487999,0.5716397892107417,0.5720539747711977,0.5715303823102114,0.5686966041317995,0.5670508638496534,premier_league
28839,EPL,2025-10-04 14:00:00,2025-10-04 12:00:00,83,81,2,0.0,441,0.5959360060042203,0.7842532576209292,0.7288802942805949,0.6782215304127098,0.6269808197265249,0.6079771890297467,premier_league
28845,EPL,2025-10-04 14:00:00,2025-10-04 12:00:00,89,77,2,0.0,441,0.26255325920649075,0.3615923068637131,0.3358821473075683,0.3114233555664088,0.28449595481378886,0.2724237802571738,premier_league
28842,EPL,2025-10-04 16:30:00,2025-10-04 14:30:00,80,87,3,1.0,442,0.6169665317491649,0.7370782297275429,0.6947815575605565,0.664645908055251,0.6362465535763842,0.6253688355852,premier_league
28840,EPL,2025-10-05 13:00:00,2025-10-05 11:00:00,71,92,3,1.0,445,0.6234791564265547,0.6116128819584702,0.5775475974067297,0.5913771383632457,0.608912521652659,0.6168067805147909,premier_league
28843,EPL,2025-10-05 13:00:00,2025-10-05 11:00:00,72,78,3,1.0,445,0.34847888784952974,0.2888786034947773,0.32641675332630415,0.3436187060602563,0.3510845743575865,0.3506018924422563,premier_league
28846,EPL,2025-10-05 13:00:00,2025-10-05 11:00:00,86,249,2,0.0,445,0.519386987819263,0.23392098897066352,0.38604072863991706,0.4591317108083489,0.5096828356614819,0.5200231258279653,premier_league
28847,EPL,2025-10-05 13:00:00,2025-10-05 11:00:00,229,220,2,0.0,445,0.7223247759032682,0.7311578506171024,0.7279687138614743,0.7239599625491665,0.7201220981525414,0.7201699530215022,premier_league
28841,EPL,2025-10-05 15:30:00,2025-10-05 13:30:00,244,88,1,0.0,445,0.6905111035359367,0.8692966915952299,0.778592257767467,0.7307835943678004,0.6960438331153005,0.6894385965166833,premier_league
28854,EPL,2025-10-18 11:30:00,2025-10-18 09:30:00,249,80,3,1.0,450,0.5227836284287979,0.579518775231212,0.5727258742566977,0.5544937872357468,0.5353258137504671,0.5280517282933906,premier_league
28848,EPL,2025-10-18 14:00:00,2025-10-18 12:00:00,220,86,3,1.0,450,0.6288320339093726,0.39432571950876216,0.4960712811294202,0.5605590640694198,0.6122177869004045,0.6255303535059914,premier_league
28849,EPL,2025-10-18 14:00:00,2025-10-18 12:00:00,92,245,2,0.0,450,0.5036074770623522,0.7135403011512262,0.6384066527093953,0.5955095155232245,0.546989509984486,0.5237104349417576,premier_league
28850,EPL,2025-10-18 14:00:00,2025-10-18 12:00:00,78,73,6,1.0,450,0.46836313132093027,0.5154122503453791,0.49572189786368503,0.49174809789169677,0.4832300645369221,0.4764459853069673,premier_league
28853,EPL,2025-10-18 14:00:00,2025-10-18 12:00:00,88,72,2,0.0,450,0.4688175422495502,0.5913619486054867,0.5155527845404667,0.48208998563098027,0.4626400866820496,0.4622939059823247,premier_league
28855,EPL,2025-10-18 14:00:00,2025-10-18 12:00:00,77,229,2,0.0,450,0.3747062751075528,0.33055528044348914,0.3533016993771131,0.3513536109939115,0.3551286552313301,0.3627837998060274,premier_league
28851,EPL,2025-10-18 16:30:00,2025-10-18 14:30:00,228,83,1,0.0,451,0.5089748141296525,0.6278410750283911,0.5789157189152169,0.5546251553720907,0.5295772628946386,0.5183827483281841,premier_league
28856,EPL,2025-10-19 13:00:00,2025-10-19 11:00:00,82,71,3,1.0,457,0.626327344454888,0.5113790877014471,0.5040023457114167,0.5329535186140913,0.5797020216121745,0.6045403705756411,premier_league
28852,EPL,2025-10-19 15:30:00,2025-10-19 13:30:00,87,89,3,1.0,457,0.6503217170109106,0.7548061120693456,0.752343432651336,0.7331615557713504,0.6981801510689161,0.6751121672611311,premier_league
28857,EPL,2025-10-20 19:00:00,2025-10-20 17:00:00,81,244,2,0.0,459,0.6527980534224577,0.6394157310103542,0.674010769674572,0.6667003460999911,0.6546250939760896,0.6516472302656889,premier_league
28864,EPL,2025-10-24 19:00:00,2025-10-24 17:00:00,245,81,3,1.0,460,0.4401181152748487,0.46240252672531607,0.49235344401883047,0.4804597775597409,0.45934531593242545,0.4486779367617319,premier_league
28862,EPL,2025-10-25 14:00:00,2025-10-25 12:00:00,80,77,3,1.0,461,0.29093862924271957,0.38980705559568557,0.35024575199853125,0.32025285565769196,0.2960969595073885,0.2907804704993343,premier_league
28866,EPL,2025-10-25 14:00:00,2025-10-25 12:00:00,86,228,3,1.0,461,0.5509568829816607,0.4007160684628164,0.4532307512431994,0.4973631415244613,0.5367089979639372,0.5477990962883208,premier_league
28865,EPL,2025-10-25 16:30:00,2025-10-25 14:30:00,89,220,6,1.0,461,0.5946143261542013,0.7168833575853149,0.701930581573336,0.6793659548436533,0.6418017307789048,0.6184080394783091,premier_league
28861,EPL,2025-10-25 19:00:00,2025-10-25 17:00:00,244,87,5,1.0,463,0.7162807116905312,0.6680374467160566,0.7092986231633341,0.717133542315945,0.7187298170470735,0.7178278998072146,premier_league
28858,EPL,2025-10-26 13:00:00,2025-10-26 11:00:00,73,249,2,0.0,465,0.5206939752351667,0.7702104759681305,0.6763770708012671,0.6243746976296807,0.5695690210578459,0.5438044683385761,premier_league
28859,EPL,2025-10-26 13:00:00,2025-10-26 11:00:00,83,78,1,0.0,465,0.4690372249958491,0.5137233001673136,0.49075102714240887,0.48636344397042436,0.4796528440300355,0.47464518264066846,premier_league
28860,EPL,2025-10-26 13:00:00,2025-10-26 11:00:00,71,88,1,0.0,465,0.5558321680049139,0.38843236234894074,0.41594864060569947,0.4469192866635613,0.49771444600672826,0.5274692735415233,premier_league
28867,EPL,2025-10-26 13:00:00,2025-10-26 11:00:00,229,92,5,1.0,465,0.6354137142868505,0.47903592294603525,0.5470190628362556,0.5767748825346547,0.6067002126733821,0.6213915882577146,premier_league
28863,EPL,2025-10-26 15:30:00,2025-10-26 13:30:00,72,82,3,1.0,465,0.5006525373044429,0.4623523499760436,0.47783706889548216,0.4861358227248739,0.4924187810701577,0.49567790760800495,premier_league
28868,EPL,2025-11-01 15:00:00,2025-11-01 13:00:00,220,245,3,1.0,470,0.6020157187425746,0.7688538537564675,0.7286442611274414,0.6983764100651003,0.6532455519251699,0.6270150884563744,premier_league
28869,EPL,2025-11-01 15:00:00,2025-11-01 13:00:00,92,83,2,0.0,470,0.6138341057533099,0.4503819448026251,0.5457670442523584,0.5771352660273067,0.6005523211192603,0.6084099869171473,premier_league
28870,EPL,2025-11-01 15:00:00,2025-11-01 13:00:00,78,244,2,0.0,470,0.5887176121645774,0.6753455090809692,0.647744146178539,0.6300729149613944,0.6081316353616172,0.5975431244100052,premier_league
28871,EPL,2025-11-01 15:00:00,2025-11-01 13:00:00,228,229,3,1.0,470,0.6241532952833723,0.5678145946390621,0.5779555976053995,0.5865152563920909,0.6012127200877465,0.6118504158850073,premier_league
28874,EPL,2025-11-01 15:00:00,2025-11-01 13:00:00,249,89,4,1.0,470,0.49364977290751894,0.6560759909198118,0.5958635593221477,0.5690953279625252,0.5358556743051885,0.5155948817477031,premier_league
28876,EPL,2025-11-01 17:30:00,2025-11-01 15:30:00,82,80,1,0.0,470,0.6491835610823914,0.6794510549904298,0.647556967637021,0.6355962719405024,0.634765349740968,0.6404797578143289,premier_league
28872,EPL,2025-11-01 20:00:00,2025-11-01 18:00:00,87,71,2,0.0,475,0.631550795245011,0.563546348172543,0.5631695038518701,0.5825316322096199,0.6099933850316421,0.6225798959347512,premier_league
28877,EPL,2025-11-02 14:00:00,2025-11-02 12:00:00,81,86,4,1.0,477,0.5781318020961763,0.4575826638691077,0.4928096361763623,0.5267059077965641,0.5601677841494882,0.5717773402365417,premier_league
28873,EPL,2025-11-02 16:30:00,2025-11-02 14:30:00,88,73,4,1.0,477,0.5682387846630085,0.5664224783281261,0.5796531913560307,0.573598762408094,0.567053565350625,0.5663871876024217,premier_league
28875,EPL,2025-11-03 20:00:00,2025-11-03 18:00:00,77,72,2,0.0,479,0.2467359313921369,0.47743384273740913,0.3661998642245583,0.3164443681617591,0.2711255220052379,0.255389794830827,premier_league
28886,EPL,2025-11-08 12:30:00,2025-11-08 10:30:00,82,89,4,1.0,480,0.6306918376131078,0.7549707609390446,0.7263828256115231,0.7016560840425576,0.6670048164303582,0.6481244137801598,premier_league
28882,EPL,2025-11-08 15:00:00,2025-11-08 13:00:00,72,228,2,0.0,480,0.4104057926273441,0.4960802479530375,0.47880408304707556,0.46058542829812543,0.4335113630984702,0.4201334012318262,premier_league
28887,EPL,2025-11-08 15:00:00,2025-11-08 13:00:00,81,92,5,1.0,480,0.6117849213218381,0.7443954490360097,0.7113875309873567,0.6838032136054154,0.645890618193947,0.6269718377706469,premier_league
28885,EPL,2025-11-08 17:30:00,2025-11-08 15:30:00,77,83,4,1.0,481,0.24877567177643498,0.13448786692156536,0.18312162626402342,0.20829692540210226,0.23214597568382403,0.24160526037723884,premier_league
28880,EPL,2025-11-08 20:00:00,2025-11-08 18:00:00,80,229,3,1.0,483,0.680693509056834,0.8067241015312234,0.7528988946046955,0.7095183136921761,0.6744707112889317,0.6714766523988519,premier_league
28878,EPL,2025-11-09 14:00:00,2025-11-09 12:00:00,71,73,4,1.0,485,0.5149066711233836,0.5776603658330502,0.5216124937366009,0.5072134403250566,0.5043383781806765,0.5082917761406857,premier_league
28879,EPL,2025-11-09 14:00:00,2025-11-09 12:00:00,244,86,4,1.0,485,0.636749502411391,0.6537466579079692,0.6050401237268153,0.6053067990025036,0.6188415570679847,0.6282534473981165,premier_league
28881,EPL,2025-11-09 14:00:00,2025-11-09 12:00:00,78,220,0,0.0,485,0.6040074642297577,0.740854449760435,0.7119851899439479,0.6920507948729782,0.6560586190883433,0.6310339689313079,premier_league
28884,EPL,2025-11-09 14:00:00,2025-11-09 12:00:00,249,245,4,1.0,485,0.4911770902965587,0.46448947152891573,0.4790953525632772,0.4947381071159701,0.502622824322856,0.499404265100057,premier_league
28883,EPL,2025-11-09 16:30:00,2025-11-09 14:30:00,88,87,3,1.0,485,0.6479882778619889,0.7317384084973694,0.7112422726398334,0.6906778246294119,0.6668160089524484,0.6565701274296151,premier_league
28891,EPL,2025-11-22 12:30:00,2025-11-22 10:30:00,92,80,2,0.0,490,0.6809799433344561,0.7827357188652012,0.7518048882256588,0.7248581346677794,0.6954831319678748,0.6853344720498674,premier_league
28888,EPL,2025-11-22 15:00:00,2025-11-22 13:00:00,73,81,4,1.0,490,0.6174515052102386,0.8924834425617924,0.8252610127564785,0.7676260004038471,0.6883708519685433,0.6489842595690822,premier_league
28890,EPL,2025-11-22 15:00:00,2025-11-22 13:00:00,220,244,3,1.0,490,0.7299134002099386,0.7854173362952072,0.7827583318774124,0.7694364039324831,0.7487302798674713,0.7382470408038738,premier_league
28892,EPL,2025-11-22 15:00:00,2025-11-22 13:00:00,228,77,1,0.0,490,0.3843349427459908,0.5230149182285802,0.4708154440148778,0.4463771983918589,0.416066259915433,0.3996664694360885,premier_league
28894,EPL,2025-11-22 15:00:00,2025-11-22 13:00:00,87,249,3,1.0,490,0.6596392300039561,0.7847262549563873,0.7706597255569693,0.7563239800366498,0.7218582082980659,0.6936104979816208,premier_league
28897,EPL,2025-11-22 15:00:00,2025-11-22 13:00:00,229,78,2,0.0,490,0.5692041542685926,0.48849078624490866,0.5300978700188375,0.5452024987713714,0.5584307735500326,0.5641823689408663,premier_league
28896,EPL,2025-11-22 17:30:00,2025-11-22 15:30:00,86,88,3,1.0,491,0.5814442857686403,0.6462764269145204,0.5687978664418492,0.55592773631968,0.5631163572281893,0.5724228059166546,premier_league
28893,EPL,2025-11-23 14:00:00,2025-11-23 12:00:00,245,71,3,1.0,497,0.5102107801174048,0.6171007974902019,0.540934221363703,0.5214118524372087,0.5115292195407924,0.510099256747336,premier_league
28889,EPL,2025-11-23 16:30:00,2025-11-23 14:30:00,83,82,5,1.0,497,0.6030802355793842,0.5056919424234905,0.5297704592476076,0.5587798081924692,0.587319065296048,0.5972707327654071,premier_league
28895,EPL,2025-11-24 20:00:00,2025-11-24 18:00:00,89,72,1,0.0,499,0.40314502528193025,0.7237429149284187,0.634943524797311,0.5644099361114207,0.4770398451105372,0.43587659124908845,premier_league
28899,EPL,2025-11-29 15:00:00,2025-11-29 13:00:00,244,92,4,1.0,500,0.7423561087044503,0.8298934298916435,0.8147183683345608,0.7946726324236847,0.7661772504729683,0.7524399766958187,premier_league
28903,EPL,2025-11-29 15:00:00,2025-11-29 13:00:00,88,245,5,1.0,500,0.6705247131104354,0.8345940127041646,0.7987736688968987,0.7647362654557418,0.7163238532019864,0.691295931538202,premier_league
28905,EPL,2025-11-29 15:00:00,2025-11-29 13:00:00,77,73,5,1.0,500,0.37438122896697085,0.651717564082749,0.5751177742784115,0.5145770259602958,0.4387154060404391,0.4028697326392694,premier_league
28902,EPL,2025-11-29 17:30:00,2025-11-29 15:30:00,72,86,5,1.0,500,0.417789261323968,0.46663892018021647,0.43604927734193427,0.4240472346886134,0.4167705490247191,0.41623360403510107,premier_league
28906,EPL,2025-11-29 20:00:00,2025-11-29 18:00:00,82,228,3,1.0,503,0.6430471328322696,0.5807818768449209,0.6152674066618482,0.6255606628923046,0.6358035153958785,0.6402970957029713,premier_league
28901,EPL,2025-11-30 12:00:00,2025-11-30 10:00:00,78,89,3,1.0,505,0.4739736316228895,0.4916070095972025,0.5547809158520416,0.5556795119505581,0.5285985163810872,0.5032642475299002,premier_league
28898,EPL,2025-11-30 14:05:00,2025-11-30 12:05:00,71,229,1,0.0,505,0.6266367677723482,0.736215535441102,0.6632965601977853,0.6254251451905808,0.6052801240829232,0.6108417650100747,premier_league
28904,EPL,2025-11-30 14:05:00,2025-11-30 12:05:00,249,220,2,0.0,505,0.6221866260272255,0.6218223835498209,0.6528547699027285,0.6587739112328812,0.6517405096124977,0.6397074473569713,premier_league
28907,EPL,2025-11-30 14:05:00,2025-11-30 12:05:00,81,87,2,0.0,505,0.7072527251373354,0.7963282232962887,0.774649918980184,0.7584877541313987,0.7341057060093807,0.7202300147473073,premier_league
28900,EPL,2025-11-30 16:30:00,2025-11-30 14:30:00,80,83,2,0.0,506,0.44840894456358404,0.3563089717223904,0.38249996093510524,0.39596389452801073,0.4173927202102371,0.43208345080424526,premier_league
28908,EPL,2025-12-02 19:30:00,2025-12-02 17:30:00,73,72,1,0.0,510,0.44825072724803616,0.7256354210290393,0.6535322903846937,0.5942630040794047,0.5145706727545053,0.4764460759935922,premier_league
28912,EPL,2025-12-02 19:30:00,2025-12-02 17:30:00,228,88,9,1.0,510,0.5823645662900401,0.54722921031577,0.5612895263086612,0.567381786035675,0.5746128894214441,0.5785871317962878,premier_league
28916,EPL,2025-12-02 20:15:00,2025-12-02 18:15:00,86,82,4,1.0,510,0.6761293464383025,0.7973884738374202,0.7138061828625838,0.692487087646158,0.6829901474751761,0.6802862290802267,premier_league
28909,EPL,2025-12-03 19:30:00,2025-12-03 17:30:00,83,244,2,0.0,513,0.5976707619725196,0.6088991189106677,0.6146879323039766,0.6073833554102951,0.5971388247974443,0.5952304655105715,premier_league
28910,EPL,2025-12-03 19:30:00,2025-12-03 17:30:00,220,71,7,1.0,513,0.5928096567664713,0.30954348995352193,0.4246255530553064,0.4811701805242828,0.5440399999746942,0.5718071404582622,premier_league
28911,EPL,2025-12-03 19:30:00,2025-12-03 17:30:00,92,78,1,0.0,513,0.5749531346701958,0.5208682845428543,0.5660070685107389,0.5842428143327268,0.591427038738352,0.586252395743656,premier_league
28917,EPL,2025-12-03 19:30:00,2025-12-03 17:30:00,229,249,1,0.0,513,0.5893332690335411,0.35310479500407044,0.4280813464371589,0.48088459575735343,0.542050431934156,0.5687112239167708,premier_league
28913,EPL,2025-12-03 20:15:00,2025-12-03 18:15:00,245,80,4,1.0,513,0.6030481820896433,0.6349623822928276,0.6353303651373475,0.6248312035802188,0.6106928769290629,0.60534551349229,premier_league
28914,EPL,2025-12-03 20:15:00,2025-12-03 18:15:00,87,77,2,0.0,513,0.5022776505202575,0.527770656388554,0.5456038448419124,0.5492932769911806,0.5379281253888337,0.5227534938669179,premier_league
28915,EPL,2025-12-04 20:00:00,2025-12-04 18:00:00,89,81,2,0.0,519,0.557460703975324,0.7255287695257444,0.736609503298392,0.702651359580519,0.6357230934815212,0.5948697327432091,premier_league
28919,EPL,2025-12-06 12:30:00,2025-12-06 10:30:00,71,83,3,1.0,520,0.45767890173508813,0.43480287130511114,0.3957213051634617,0.39613016060134965,0.41728177147240786,0.43631005942600565,premier_league
28918,EPL,2025-12-06 15:00:00,2025-12-06 13:00:00,73,80,0,0.0,520,0.5537949458517706,0.6599144284362218,0.652028210408197,0.6240100116976754,0.5836855088871138,0.5655190483274088,premier_league
28921,EPL,2025-12-06 15:00:00,2025-12-06 13:00:00,72,249,3,1.0,520,0.38487193764585387,0.3361786731706329,0.3846952874198095,0.39701535098622626,0.3967691302162883,0.39130502061281797,premier_league
28924,EPL,2025-12-06 15:00:00,2025-12-06 13:00:00,88,77,3,1.0,520,0.47382663486328513,0.7571278404916132,0.6578687394094666,0.6002882573418522,0.5309537619260413,0.49867758991691935,premier_league
28925,EPL,2025-12-06 15:00:00,2025-12-06 13:00:00,86,92,3,1.0,520,0.6810845689234317,0.7545103293771191,0.7308170243337538,0.7176117417582459,0.7021394894420464,0.6924240326025151,premier_league
28926,EPL,2025-12-06 15:00:00,2025-12-06 13:00:00,82,244,2,0.0,520,0.7321847539265135,0.7194597654974176,0.7201372057222949,0.7184728596597306,0.7206407115663438,0.7252809944991814,premier_league
28923,EPL,2025-12-06 17:30:00,2025-12-06 15:30:00,245,87,6,1.0,521,0.7128371212766195,0.6680634839382956,0.6979689967991314,0.7110587304351056,0.7191967049472255,0.7182581793595437,premier_league
28920,EPL,2025-12-07 14:00:00,2025-12-07 12:00:00,220,81,2,0.0,527,0.6959830255833401,0.7993999179470074,0.798590787092348,0.7819962105554651,0.7451320596261277,0.7202427042633693,premier_league
28922,EPL,2025-12-07 16:30:00,2025-12-07 14:30:00,228,78,3,1.0,527,0.49333728543080974,0.5122914500740139,0.511416419639443,0.5155614247787965,0.512718596172539,0.5050699167830087,premier_league
28927,EPL,2025-12-08 20:00:00,2025-12-08 18:00:00,229,89,5,1.0,529,0.5706935597619238,0.4142516095730052,0.5115190829310888,0.5381431093577087,0.5583706445569964,0.5654784589041444,premier_league
28931,EPL,2025-12-13 15:00:00,2025-12-13 13:00:00,80,72,2,0.0,530,0.4185917091362029,0.3402806651971011,0.3926595982091649,0.3998510331046737,0.4026719853993784,0.40775015328352504,premier_league
28933,EPL,2025-12-13 15:00:00,2025-12-13 13:00:00,87,220,2,0.0,530,0.7445833855352002,0.7401488073274562,0.7564579929261189,0.7655778432005533,0.7660916290708025,0.7584500255265769,premier_league
28930,EPL,2025-12-13 17:30:00,2025-12-13 15:30:00,92,228,5,1.0,530,0.6083236839830494,0.695750136859899,0.6802642375885648,0.6634656367622791,0.6369832240631964,0.6219038207621338,premier_league
28928,EPL,2025-12-13 20:00:00,2025-12-13 18:00:00,83,229,3,1.0,532,0.6617993114616085,0.723631509260273,0.7217645339268467,0.7010901180316749,0.6715705736814253,0.6621833322897532,premier_league
28932,EPL,2025-12-14 14:00:00,2025-12-14 12:00:00,78,88,3,1.0,534,0.5391943831876641,0.5841602753039618,0.5532634198418575,0.5463665154328854,0.5424958525397119,0.5409509424404548,premier_league
28935,EPL,2025-12-14 14:00:00,2025-12-14 12:00:00,249,82,3,1.0,534,0.6220680483176698,0.5591601491068904,0.5797538929412008,0.5946730949282775,0.614115258628967,0.6209768260443771,premier_league
28936,EPL,2025-12-14 14:00:00,2025-12-14 12:00:00,77,86,1,0.0,534,0.4502583508598031,0.644061594142092,0.5616168058097301,0.5261863727183734,0.4887096864897455,0.46936889550051514,premier_league
28937,EPL,2025-12-14 14:00:00,2025-12-14 12:00:00,81,71,5,1.0,534,0.5633162570399931,0.6357896309221387,0.6113590598140752,0.5916424440838229,0.5710292537759496,0.5647163385179056,premier_league
28929,EPL,2025-12-14 16:30:00,2025-12-14 14:30:00,244,245,2,0.0,534,0.7326049883461154,0.7987478114444352,0.7867939817141686,0.775601141965512,0.7563865139733743,0.744297395598556,premier_league
28934,EPL,2025-12-15 20:00:00,2025-12-15 18:00:00,89,73,8,1.0,539,0.5383335140422706,0.7244404782761373,0.7201288173186314,0.6834019825347014,0.6161602924654627,0.5757425440084561,premier_league
28945,EPL,2025-12-20 12:30:00,2025-12-20 10:30:00,86,80,4,1.0,540,0.5331347154825018,0.4198573776269925,0.46251928149107463,0.478068428411556,0.5023200089366617,0.5179743677679537,premier_league
28938,EPL,2025-12-20 15:00:00,2025-12-20 13:00:00,73,92,2,0.0,540,0.6829149635666112,0.8037600934277588,0.788276553524102,0.7685220188474604,0.7312524871819215,0.7068470761716249,premier_league
28940,EPL,2025-12-20 15:00:00,2025-12-20 13:00:00,220,77,0,0.0,540,0.48882717989466873,0.4948594820165602,0.5219393649691024,0.52567975423164,0.5162626396954045,0.5042356540429225,premier_league
28944,EPL,2025-12-20 15:00:00,2025-12-20 13:00:00,88,81,3,1.0,540,0.709781857015229,0.8796877658502277,0.8560860700507483,0.8255949905648493,0.7702657246226922,0.7374339320945654,premier_league
28947,EPL,2025-12-20 15:00:00,2025-12-20 13:00:00,229,244,2,0.0,540,0.6849784520928275,0.43629421267293106,0.5198234462644291,0.5642441408453336,0.6207896613036936,0.6528736968783444,premier_league
28946,EPL,2025-12-20 17:30:00,2025-12-20 15:30:00,82,87,3,1.0,541,0.7321518499242813,0.6554865829536565,0.6896769618873533,0.7082566608354804,0.727142861587949,0.7326265356168057,premier_league
28941,EPL,2025-12-20 20:00:00,2025-12-20 18:00:00,72,83,1,0.0,545,0.3712589831348859,0.40713466660874253,0.3898773450140294,0.37912552478406913,0.3687547864530376,0.36742791425133803,premier_league
28943,EPL,2025-12-20 20:00:00,2025-12-20 18:00:00,245,78,5,1.0,545,0.5509810176890644,0.5959604824210766,0.5845452350052295,0.5847767313561484,0.578530611617025,0.5678277586679032,premier_league
28939,EPL,2025-12-21 16:30:00,2025-12-21 14:30:00,71,89,3,1.0,548,0.5680882089230423,0.8744204667361996,0.7902384247850971,0.7323830372601682,0.6511080924703637,0.6068039273887945,premier_league
28942,EPL,2025-12-22 20:00:00,2025-12-22 18:00:00,228,249,1,0.0,549,0.5489099612740554,0.7024772923081948,0.6611717277667994,0.6352351735938255,0.59748738488112,0.5738636007048511,premier_league
28954,EPL,2025-12-26 20:00:00,2025-12-26 18:00:00,89,86,1,0.0,550,0.5850205116162236,0.8399868418133264,0.7805110915257856,0.7344937400957925,0.6659786702466549,0.6251671070906876,premier_league
28955,EPL,2025-12-27 12:30:00,2025-12-27 10:30:00,249,88,3,1.0,551,0.5815095820621815,0.6388345720899845,0.6477375908493626,0.6366479939034008,0.6124992169253854,0.5968261352727459,premier_league
28948,EPL,2025-12-27 15:00:00,2025-12-27 13:00:00,83,220,3,1.0,551,0.5849310819147968,0.4629720043249582,0.5273875396894848,0.5541682965851936,0.5769421104017652,0.5832937452873315,premier_league
28949,EPL,2025-12-27 15:00:00,2025-12-27 13:00:00,244,73,5,1.0,551,0.6443598244118379,0.6943849352509407,0.7069833381216976,0.6962933492027816,0.6711782672030152,0.6562009192284878,premier_league
28950,EPL,2025-12-27 15:00:00,2025-12-27 13:00:00,92,72,0,0.0,551,0.4623672909350597,0.43416317971129376,0.4719513003376175,0.4786821975008389,0.47470659791376507,0.4687195796619983,premier_league
28953,EPL,2025-12-27 15:00:00,2025-12-27 13:00:00,87,229,3,1.0,551,0.772995319888995,0.6779824302660218,0.7022062599585608,0.7236568550088889,0.7499107502692183,0.7623550586416906,premier_league
28957,EPL,2025-12-27 15:00:00,2025-12-27 13:00:00,81,228,1,0.0,551,0.5928041542732377,0.7456231058449311,0.7154175604253764,0.6879721105231126,0.6430929831474379,0.6165770888490217,premier_league
28951,EPL,2025-12-27 17:30:00,2025-12-27 15:30:00,80,71,3,1.0,552,0.5358166177013353,0.5825417716567813,0.5401062588499578,0.5217048431499061,0.5143663615132282,0.5211747364734695,premier_league
28956,EPL,2025-12-28 14:00:00,2025-12-28 12:00:00,77,245,2,0.0,558,0.475474015779483,0.5740957065589675,0.5692493471134821,0.5536019241608028,0.5214309584794182,0.4988744163686267,premier_league
28952,EPL,2025-12-28 16:30:00,2025-12-28 14:30:00,78,82,1,0.0,558,0.5953036362990306,0.6238581019436414,0.6052715886480751,0.6042355068349915,0.6039256158856348,0.6010418406694028,premier_league
28960,EPL,2025-12-30 19:30:00,2025-12-30 17:30:00,92,86,4,1.0,560,0.611886232212773,0.5270451777962618,0.5753209700992604,0.5888069557460714,0.6030460346834465,0.6089721067904486,premier_league
28961,EPL,2025-12-30 19:30:00,2025-12-30 17:30:00,80,73,4,1.0,560,0.581937083339992,0.7643160967110602,0.7302723994190828,0.6947912017272678,0.637055324144844,0.6059704781746227,premier_league
28965,EPL,2025-12-30 19:30:00,2025-12-30 17:30:00,249,72,2,0.0,560,0.3767915437177617,0.2511167769636101,0.31344715289407904,0.33962556023786017,0.36388316823933614,0.3720918576479798,premier_league
28967,EPL,2025-12-30 19:30:00,2025-12-30 17:30:00,81,220,4,1.0,560,0.6519861316560291,0.5306177823802533,0.6143224382492212,0.6417075528883324,0.6568274287966823,0.6566292313025106,premier_league
28958,EPL,2025-12-30 20:15:00,2025-12-30 18:15:00,83,71,5,1.0,560,0.49460910122103474,0.5629134047714217,0.5123297688819918,0.4925788922235674,0.4830166110030575,0.4861865725185866,premier_league
28964,EPL,2025-12-30 20:15:00,2025-12-30 18:15:00,89,229,2,0.0,560,0.623001299337576,0.7857181728594378,0.7663033276515748,0.7329533677728725,0.6767409541433644,0.6466716299832628,premier_league
28962,EPL,2026-01-01 17:30:00,2026-01-01 15:30:00,78,228,2,0.0,566,0.49912017954825805,0.5091382937391681,0.5186833730950121,0.5240357810922049,0.5216393777416183,0.5129586761173526,premier_league
28963,EPL,2026-01-01 17:30:00,2026-01-01 15:30:00,87,245,0,0.0,566,0.7655561792268063,0.7747128000823685,0.7843007919206343,0.7870857662163095,0.7841927937921335,0.777167532442621,premier_league
28959,EPL,2026-01-01 20:00:00,2026-01-01 18:00:00,244,82,0,0.0,566,0.7186955407170945,0.6404960497410533,0.6612812442237889,0.6743111961659135,0.6938207534213864,0.7060680476818069,premier_league
28966,EPL,2026-01-01 20:00:00,2026-01-01 18:00:00,77,88,0,0.0,566,0.4208695402447786,0.5001932002558337,0.4932379749998046,0.4747901505623534,0.44671920763833284,0.43220170593059354,premier_league
28972,EPL,2026-01-03 12:30:00,2026-01-03 10:30:00,71,249,4,1.0,570,0.5353275213992645,0.6863057230364521,0.649708852611937,0.6197640197479796,0.5761519835387947,0.5535218536199863,premier_league
28970,EPL,2026-01-03 15:00:00,2026-01-03 13:00:00,229,81,3,1.0,570,0.6060765618279853,0.4695918410374259,0.502169050105647,0.5279875054318712,0.5645765467868736,0.5854485177837027,premier_league
28973,EPL,2026-01-03 15:00:00,2026-01-03 13:00:00,220,92,2,0.0,570,0.7019931103616611,0.620118752726871,0.6823058526741094,0.7034543528858413,0.7128407782348165,0.7097166793203259,premier_league
28971,EPL,2026-01-03 17:30:00,2026-01-03 15:30:00,73,83,5,1.0,571,0.5314894865088844,0.8099950215992472,0.7307762720436765,0.6798651547737712,0.6069783464630201,0.5665126447543055,premier_league
28976,EPL,2026-01-04 12:30:00,2026-01-04 10:30:00,245,89,2,0.0,574,0.5968710748748138,0.7454152985994558,0.7569873563403309,0.735891126836154,0.6826990814384876,0.6416595130447721,premier_league
28968,EPL,2026-01-04 15:00:00,2026-01-04 13:00:00,86,78,2,0.0,574,0.5188506256009372,0.5854439503947801,0.547897796077557,0.5379733096633023,0.5317126637569084,0.5270365443653106,premier_league
28969,EPL,2026-01-04 15:00:00,2026-01-04 13:00:00,82,77,2,0.0,574,0.4096373654050391,0.21596413210145368,0.30840064811385304,0.3437816532507262,0.38020355730800165,0.3966953368354875,premier_league
28974,EPL,2026-01-04 15:00:00,2026-01-04 13:00:00,72,244,6,1.0,574,0.4651199765764111,0.28475902171054024,0.36795045233459367,0.4002086143483778,0.43200667950948707,0.4481546186922185,premier_league
28975,EPL,2026-01-04 15:00:00,2026-01-04 13:00:00,228,87,4,1.0,574,0.6422932210915094,0.5461684071649197,0.6174160643285828,0.6382259754891539,0.6505001012871058,0.6496145677502435,premier_league
28977,EPL,2026-01-04 17:30:00,2026-01-04 15:30:00,88,80,2,0.0,575,0.5857467061973307,0.6806898773210374,0.6489260121821476,0.6231103584455093,0.5937449120927014,0.5853389529533454,premier_league
28987,EPL,2026-01-06 20:00:00,2026-01-06 18:00:00,81,249,3,1.0,580,0.5481662899730558,0.5173092648883354,0.5449623956992262,0.5549462717678685,0.5585856959895714,0.5551774481369156,premier_league
28978,EPL,2026-01-07 19:30:00,2026-01-07 17:30:00,72,229,2,0.0,581,0.4777709190274279,0.45536396443233773,0.4580577889911649,0.46179950182768986,0.46519245298274275,0.46926522355259476,premier_league
28979,EPL,2026-01-07 19:30:00,2026-01-07 17:30:00,73,82,5,1.0,581,0.6689899399193495,0.6661050448588871,0.6942000988542423,0.6963841760225862,0.68910755739194,0.6803070349286029,premier_league
28981,EPL,2026-01-07 19:30:00,2026-01-07 17:30:00,244,77,3,1.0,581,0.41191186699227417,0.3637533614689539,0.39986901538207187,0.4074759485966957,0.40948129642401565,0.4098958493422565,premier_league
28983,EPL,2026-01-07 19:30:00,2026-01-07 17:30:00,78,71,0,0.0,581,0.49866075149128997,0.6444182637225995,0.5833182941976787,0.5538244437717594,0.522871604684811,0.5092715043565139,premier_league
28984,EPL,2026-01-07 19:30:00,2026-01-07 17:30:00,228,80,3,1.0,581,0.5554574276056092,0.6016471993665793,0.5914455086512457,0.5802320360751105,0.5647263690843308,0.5583985720238257,premier_league
28985,EPL,2026-01-07 19:30:00,2026-01-07 17:30:00,88,220,2,0.0,581,0.6901759695272802,0.6127599587170558,0.6720240953572465,0.687757317975931,0.6948524869058142,0.6937165205470156,premier_league
28982,EPL,2026-01-07 20:15:00,2026-01-07 18:15:00,92,89,4,1.0,581,0.5673045237976289,0.6224498371266528,0.6660261153789864,0.6613003221832177,0.6284335987700724,0.5994745049633415,premier_league
28986,EPL,2026-01-07 20:15:00,2026-01-07 18:15:00,86,245,7,1.0,581,0.6309417637004753,0.6303413803188311,0.6604304310477991,0.6595134111814777,0.6512001879434507,0.6427550933750045,premier_league
28980,EPL,2026-01-08 20:00:00,2026-01-08 18:00:00,83,87,0,0.0,589,0.5611175328447096,0.670650049697125,0.6583125317015674,0.6439946239898813,0.6113879304940755,0.5871387784611692,premier_league
28993,EPL,2026-01-17 12:30:00,2026-01-17 10:30:00,89,88,2,0.0,590,0.6094027492203173,0.649964124408386,0.6847213407489361,0.6793343058028585,0.6538819037366473,0.632684760712198,premier_league
28990,EPL,2026-01-17 15:00:00,2026-01-17 13:00:00,80,244,2,0.0,590,0.6284970172940424,0.6147360065889972,0.60541204111643,0.6045677451399076,0.6078015509837108,0.6152042905756501,premier_league
28991,EPL,2026-01-17 15:00:00,2026-01-17 13:00:00,245,228,1,0.0,590,0.6394209213583404,0.7587131792382544,0.7448832058542557,0.7264300506079662,0.6910152370463792,0.6659957165224746,premier_league
28992,EPL,2026-01-17 15:00:00,2026-01-17 13:00:00,87,92,2,0.0,590,0.7526689261853167,0.5713478017521589,0.6507145916093435,0.6901342501087818,0.7303631529254255,0.7450422752571405,premier_league
28995,EPL,2026-01-17 15:00:00,2026-01-17 13:00:00,77,78,3,1.0,590,0.2937783548844359,0.18215001278487591,0.24184800538029322,0.26589958317285645,0.28697287076505246,0.29279925163370735,premier_league
28996,EPL,2026-01-17 15:00:00,2026-01-17 13:00:00,82,81,3,1.0,590,0.677060543456169,0.6014325381073291,0.6424021440543637,0.6564814338507124,0.6677740717087415,0.6725321060938914,premier_league
28994,EPL,2026-01-17 17:30:00,2026-01-17 15:30:00,249,83,0,0.0,591,0.4819802094249181,0.5689784768592845,0.5444335849705997,0.5319781669407072,0.5120501705507017,0.4979497893817515,premier_league
28997,EPL,2026-01-18 14:00:00,2026-01-18 12:00:00,229,86,0,0.0,597,0.6545907997714829,0.6970188007359797,0.6521761911456818,0.6386620176101876,0.6376020721843666,0.6443601308104641,premier_league
28988,EPL,2026-01-18 16:30:00,2026-01-18 14:30:00,71,72,1,0.0,597,0.4341336537109763,0.630404777213242,0.5664058217744893,0.5241131812403709,0.470752472683695,0.4476766174181448,premier_league
28989,EPL,2026-01-19 20:00:00,2026-01-19 18:00:00,220,73,2,0.0,599,0.6829970510629659,0.8466250768626855,0.8196618594442552,0.7980270250637278,0.7531121198214967,0.7192676557026704,premier_league
29007,EPL,2026-01-24 12:30:00,2026-01-24 10:30:00,81,77,4,1.0,600,0.3947665432143369,0.4627392279446815,0.45515296934697447,0.4467944594317959,0.4252304032374008,0.4096416866852238,premier_league
29001,EPL,2026-01-24 15:00:00,2026-01-24 13:00:00,92,82,4,1.0,600,0.6643028377725484,0.5716928425054105,0.5998289741529632,0.6163531674804666,0.6382329357135658,0.65123755399038,premier_league
29004,EPL,2026-01-24 15:00:00,2026-01-24 13:00:00,228,220,3,1.0,600,0.6320995140259719,0.5598303046973375,0.6073762429180659,0.625777173784709,0.6382631461275329,0.6380493395799989,premier_league
29005,EPL,2026-01-24 15:00:00,2026-01-24 13:00:00,88,229,2,0.0,600,0.7194275371762412,0.5480696628223227,0.6645407215128987,0.6904423613053456,0.7034446375556174,0.7094058570298984,premier_league
28998,EPL,2026-01-24 17:30:00,2026-01-24 15:30:00,73,87,5,1.0,601,0.6708223866942269,0.7207243505240868,0.7412924477620451,0.7408327640917074,0.7218410745858941,0.6999138856181899,premier_league
29000,EPL,2026-01-25 14:00:00,2026-01-25 12:00:00,244,249,2,0.0,605,0.6056355758812313,0.5974639841225373,0.6126584668564954,0.6151390797634857,0.6123324281151376,0.6091233607885062,premier_league
29002,EPL,2026-01-25 14:00:00,2026-01-25 12:00:00,78,80,4,1.0,605,0.4756560127929967,0.43059409169934215,0.43997569097640743,0.448139036067421,0.46013445248279333,0.4676448843835691,premier_league
29006,EPL,2026-01-25 14:00:00,2026-01-25 12:00:00,86,71,2,0.0,605,0.576292258532709,0.6772898217944459,0.6469423947784433,0.6208119621149556,0.59295626878043,0.582643872777015,premier_league
28999,EPL,2026-01-25 16:30:00,2026-01-25 14:30:00,83,89,5,1.0,605,0.5426975653866976,0.5710590408981395,0.610446906961216,0.6101876923116624,0.588907955550614,0.5677306939295513,premier_league
29003,EPL,2026-01-26 20:00:00,2026-01-26 18:00:00,72,245,2,0.0,609,0.4719285761127369,0.49939227274622033,0.5239230574101428,0.5216702403514432,0.5041364743812402,0.4886099926873724,premier_league
29010,EPL,2026-01-31 15:00:00,2026-01-31 13:00:00,220,72,2,0.0,610,0.4838636649820973,0.38960516115064375,0.4352126600221701,0.45681784812288767,0.47549309892238834,0.48101519922435093,premier_league
29015,EPL,2026-01-31 15:00:00,2026-01-31 13:00:00,245,83,4,1.0,610,0.5746164751329825,0.6075103205393334,0.6121473552666987,0.6051047413013734,0.5911342719902911,0.5825004174980261,premier_league
29017,EPL,2026-01-31 15:00:00,2026-01-31 13:00:00,229,73,2,0.0,610,0.6455328323257407,0.6278358525180506,0.6419382018489387,0.6441273634875457,0.6447236007833644,0.6445720391622446,premier_league
29009,EPL,2026-01-31 17:30:00,2026-01-31 15:30:00,80,81,5,1.0,610,0.6372003095642131,0.7292793866674948,0.7129668095765394,0.6972622781834437,0.6671920142858947,0.6497987026172255,premier_league
29014,EPL,2026-01-31 20:00:00,2026-01-31 18:00:00,87,86,5,1.0,613,0.6440710215101709,0.5598282721269836,0.6007396823508793,0.6204312302114537,0.6417297808795352,0.6471023555047225,premier_league
29008,EPL,2026-02-01 14:00:00,2026-02-01 12:00:00,71,244,1,0.0,615,0.6184371485647864,0.5472314827143602,0.5912107523339081,0.5971773279438527,0.6015190949379038,0.6075345253102752,premier_league
29012,EPL,2026-02-01 14:00:00,2026-02-01 12:00:00,89,228,5,1.0,615,0.5692689191556795,0.6704152920539533,0.6974847434320834,0.6880365539594304,0.6470454689079261,0.6106889309854829,premier_league
29013,EPL,2026-02-01 14:00:00,2026-02-01 12:00:00,249,78,2,0.0,615,0.45106391352939257,0.3574463659455493,0.38100944446587265,0.40411781248676903,0.43598161521422113,0.44797718707375195,premier_league
29016,EPL,2026-02-01 16:30:00,2026-02-01 14:30:00,82,88,4,1.0,615,0.6742492711707201,0.555842752121997,0.6045103556005593,0.6224785922835817,0.6462045218726646,0.660466377525244,premier_league
29011,EPL,2026-02-02 20:00:00,2026-02-02 18:00:00,77,92,3,1.0,619,0.43803700710380516,0.4498758606496554,0.45933318436531984,0.46333279997001525,0.45755876347361746,0.44881468958312276,premier_league
29023,EPL,2026-02-06 20:00:00,2026-02-06 18:00:00,245,249,4,1.0,620,0.5643323137689786,0.47709564050105224,0.5375907116428585,0.5567615366826487,0.5694248886745785,0.5697597889660482,premier_league
29025,EPL,2026-02-07 12:30:00,2026-02-07 10:30:00,89,82,2,0.0,621,0.6580781284423994,0.8143433135319348,0.7787300550230869,0.7561660237122193,0.7161579447275319,0.687864376632416,premier_league
29018,EPL,2026-02-07 15:00:00,2026-02-07 13:00:00,73,71,2,0.0,621,0.5883584119409371,0.6685917976041487,0.697829493714342,0.6807964054601208,0.6399472788503037,0.6129421792744958,premier_league
29019,EPL,2026-02-07 15:00:00,2026-02-07 13:00:00,83,77,3,1.0,621,0.38688572682554073,0.5422997465394592,0.49439708290725337,0.46855961124126816,0.4307532155816223,0.40807905101329667,premier_league
29021,EPL,2026-02-07 15:00:00,2026-02-07 13:00:00,92,81,2,0.0,621,0.6011538770685827,0.6975373130138806,0.6783969671771866,0.6663603351189373,0.6398779322526411,0.6204200321962339,premier_league
29022,EPL,2026-02-07 15:00:00,2026-02-07 13:00:00,228,72,3,1.0,621,0.425641222806278,0.4643380132461221,0.47150557249488484,0.46618289246411093,0.4493332621523302,0.43701893121482527,premier_league
29027,EPL,2026-02-07 15:00:00,2026-02-07 13:00:00,229,80,4,1.0,621,0.6158625822235052,0.5021528151620025,0.5206901108114719,0.5342492740180229,0.5612122945750074,0.5849691163086319,premier_league
29026,EPL,2026-02-07 17:30:00,2026-02-07 15:30:00,86,244,5,1.0,622,0.6473542697535478,0.58367830772446,0.6148821542908897,0.6237133878924356,0.634636167582178,0.6412347918912669,premier_league
29020,EPL,2026-02-08 14:00:00,2026-02-08 12:00:00,220,78,1,0.0,628,0.5526415206019613,0.4088887908165493,0.46269546676800527,0.4949176790337179,0.5323917538112556,0.5466872010966164,premier_league
29024,EPL,2026-02-08 16:30:00,2026-02-08 14:30:00,87,88,3,1.0,628,0.6483813120170636,0.5994294497907573,0.6197307646546477,0.6321786111960702,0.6441385946967308,0.6477836038549766,premier_league
29030,EPL,2026-02-10 19:30:00,2026-02-10 17:30:00,80,245,4,1.0,630,0.6628591958329124,0.7735470304579193,0.7461426895241094,0.727301493144065,0.6962663483313571,0.6779813866933185,premier_league
29032,EPL,2026-02-10 19:30:00,2026-02-10 17:30:00,72,73,3,1.0,630,0.45636572404041525,0.5559491615996862,0.5748340306093176,0.5609437177765604,0.5187920073251324,0.48694376273179635,premier_league
29036,EPL,2026-02-10 19:30:00,2026-02-10 17:30:00,82,86,3,1.0,630,0.6673923752263279,0.6953459465997113,0.6773797871652976,0.6701210271445971,0.6673679017488306,0.6678619668573653,premier_league
29037,EPL,2026-02-10 20:15:00,2026-02-10 18:15:00,81,89,2,0.0,630,0.6012860313315963,0.7615546460817303,0.7614322940156903,0.7429330410892967,0.6917661484151378,0.6490456261385245,premier_league
29028,EPL,2026-02-11 19:30:00,2026-02-11 17:30:00,71,220,1,0.0,634,0.5943082299184974,0.34590657479630005,0.4629630920746521,0.5072049072558027,0.554052960758352,0.5762297584261701,premier_league
29031,EPL,2026-02-11 19:30:00,2026-02-11 17:30:00,78,92,5,1.0,634,0.5225026875169263,0.34450326728968333,0.42295722791782997,0.46407547275686767,0.5059731494183131,0.5192390396981281,premier_league
29033,EPL,2026-02-11 19:30:00,2026-02-11 17:30:00,88,228,3,1.0,634,0.6360322625421849,0.6391920364011083,0.6683377512519262,0.6723315873806329,0.6622051479521659,0.6500718953081593,premier_league
29034,EPL,2026-02-11 19:30:00,2026-02-11 17:30:00,249,229,0,0.0,634,0.5663567549147656,0.34833631106192475,0.3907851701896625,0.42681441986934965,0.4897757490194763,0.5295300603079112,premier_league
29035,EPL,2026-02-11 20:15:00,2026-02-11 18:15:00,77,87,1,0.0,634,0.49072895642065195,0.5402419832973341,0.5078414308015092,0.5059715881924779,0.5051504989730587,0.5005703288502614,premier_league
29029,EPL,2026-02-12 20:00:00,2026-02-12 18:00:00,244,83,2,0.0,639,0.565415237053323,0.5602861314592045,0.5501625765039843,0.5483241306913192,0.5506708387574032,0.5561200225278865,premier_league
29087,EPL,2026-02-18 20:00:00,2026-02-18 18:00:00,229,83,4,1.0,640,0.5924012160118469,0.4696073769634468,0.5087817456262277,0.5258862665398762,0.5502728158977042,0.5689667948006932,premier_league
29038,EPL,2026-02-21 15:00:00,2026-02-21 13:00:00,71,245,2,0.0,641,0.6206250715001251,0.537507012284166,0.6125439648892198,0.6265858379940885,0.6289797860037245,0.6255685612639518,premier_league
29039,EPL,2026-02-21 15:00:00,2026-02-21 13:00:00,244,220,2,0.0,641,0.6723265817699591,0.39987960775707243,0.5037365891618457,0.5555369886948581,0.6171927153204896,0.6475600105390413,premier_league
29040,EPL,2026-02-21 15:00:00,2026-02-21 13:00:00,80,92,2,0.0,641,0.6865104588714703,0.8053864364943475,0.7680195962587242,0.7485058040236455,0.7180550659709569,0.7003819476676897,premier_league
29047,EPL,2026-02-21 17:30:00,2026-02-21 15:30:00,81,73,0,0.0,641,0.6352270532799235,0.7418273288823602,0.7612594500134181,0.7476705710021209,0.7053664995941398,0.6712257933416889,premier_league
29043,EPL,2026-02-21 20:00:00,2026-02-21 18:00:00,88,86,3,1.0,644,0.6309201327637661,0.725461687717309,0.7122983437285072,0.6956171235485715,0.6653879081316731,0.6470509193713687,premier_league
29041,EPL,2026-02-22 14:00:00,2026-02-22 12:00:00,78,229,1,0.0,646,0.5278630291693718,0.3669579958513852,0.3833447433033556,0.41514945016228677,0.4683711014812847,0.4996576720438995,premier_league
29044,EPL,2026-02-22 14:00:00,2026-02-22 12:00:00,249,87,1,0.0,646,0.5847620438973455,0.40050673432746037,0.46510338828850256,0.5053959007669355,0.5568099368040209,0.5774233769707635,premier_league
29045,EPL,2026-02-22 14:00:00,2026-02-22 12:00:00,77,228,4,1.0,646,0.4107617920999579,0.48834548417627544,0.4804697072800645,0.4705128845989753,0.4481192961332745,0.4304225124107132,premier_league
29046,EPL,2026-02-22 16:30:00,2026-02-22 14:30:00,82,83,5,1.0,646,0.5983126829208638,0.6782466408270362,0.6340038602438196,0.6174180330923862,0.6042495535645318,0.6003641568685322,premier_league
29042,EPL,2026-02-23 20:00:00,2026-02-23 18:00:00,72,89,1,0.0,650,0.4270057929409689,0.5227306580899537,0.5285160569308585,0.5189979781217675,0.4864976921174221,0.4583968874827211,premier_league
29057,EPL,2026-02-27 20:00:00,2026-02-27 18:00:00,229,71,2,0.0,651,0.5584170666331247,0.2871392920769643,0.3782982187706431,0.418352460963977,0.4747844071017886,0.5141566404110157,premier_league
29048,EPL,2026-02-28 12:30:00,2026-02-28 10:30:00,73,77,2,0.0,652,0.45898015699005934,0.5490736596937096,0.5678047487728891,0.5571823656950361,0.5221697237224349,0.492435672432742,premier_league
29051,EPL,2026-02-28 15:00:00,2026-02-28 13:00:00,92,244,7,1.0,652,0.6641194603760543,0.5647611235589186,0.606952487684686,0.6247889441615738,0.6440489407159842,0.654122269764527,premier_league
29054,EPL,2026-02-28 15:00:00,2026-02-28 13:00:00,87,81,7,1.0,652,0.7023845872007609,0.4610631400474308,0.5812703865185381,0.6278274926854235,0.6741501456800121,0.6921022522696461,premier_league
29056,EPL,2026-02-28 15:00:00,2026-02-28 13:00:00,86,72,5,1.0,652,0.45425741291948263,0.49699143927401895,0.4974512763586696,0.4895663844006489,0.47388462834035217,0.46358675413857575,premier_league
29053,EPL,2026-02-28 17:30:00,2026-02-28 15:30:00,245,88,1,0.0,653,0.6780085850097216,0.670234950187376,0.690681396655626,0.6937242329479398,0.6894754179925612,0.6841673789381347,premier_league
29050,EPL,2026-03-01 14:00:00,2026-03-01 12:00:00,220,249,3,1.0,657,0.549322463266861,0.19447893454672333,0.3223023329065064,0.3950592398846641,0.4835682162283372,0.5234088630724192,premier_league
29052,EPL,2026-03-01 14:00:00,2026-03-01 12:00:00,228,82,3,1.0,657,0.6582442005400119,0.7173964859569512,0.6925031961208203,0.6821617383875184,0.6705517545076816,0.6644169141289126,premier_league
29055,EPL,2026-03-01 14:00:00,2026-03-01 12:00:00,89,78,3,1.0,657,0.4854960046533668,0.45779807850010773,0.5257079223838572,0.5367261864114612,0.5278708503212606,0.510739058074205,premier_league
29049,EPL,2026-03-01 16:30:00,2026-03-01 14:30:00,83,80,3,1.0,657,0.5036111036626097,0.6699619203224039,0.6171657028429113,0.5841656566077807,0.5398856045512522,0.5182202105963833,premier_league
29058,EPL,2026-03-03 19:30:00,2026-03-03 17:30:00,73,244,0,0.0,661,0.6607267685057236,0.6416037322978055,0.6882358449890906,0.6939485012638174,0.684484501959662,0.673145764978442,premier_league
29061,EPL,2026-03-03 19:30:00,2026-03-03 17:30:00,72,92,2,0.0,661,0.5039745434108577,0.6558098040400498,0.5947274393398834,0.5745417774856937,0.5456745859358727,0.5253762438577444,premier_league
29063,EPL,2026-03-03 19:30:00,2026-03-03 17:30:00,245,77,1,0.0,661,0.44882729079391953,0.46507076620070725,0.4953396991015839,0.4954793770049282,0.4814912158743939,0.46681898878375316,premier_league
29067,EPL,2026-03-03 20:15:00,2026-03-03 18:15:00,229,87,3,1.0,661,0.6863545365071742,0.48113954055074026,0.5067038476841824,0.5384418025186888,0.6011950871108701,0.6442808798092443,premier_league
29059,EPL,2026-03-04 19:30:00,2026-03-04 17:30:00,71,80,5,1.0,665,0.528058031721056,0.4759246034632645,0.5116437770040224,0.5140011912808858,0.5131770556187527,0.517161619235715,premier_league
29060,EPL,2026-03-04 19:30:00,2026-03-04 17:30:00,220,83,1,0.0,665,0.5598400663155786,0.4846646351532548,0.5066729316149975,0.5225790611916197,0.5436568065457812,0.5534531217825298,premier_league
29062,EPL,2026-03-04 19:30:00,2026-03-04 17:30:00,228,81,1,0.0,665,0.6215592544347716,0.7584240814826987,0.7299951300387661,0.712224861820092,0.676478476302786,0.6497065168475864,premier_league
29064,EPL,2026-03-04 19:30:00,2026-03-04 17:30:00,88,249,4,1.0,665,0.568399819596727,0.4251815764661061,0.5075026879896174,0.5415836586312535,0.5662346806136023,0.5702890926067722,premier_league
29065,EPL,2026-03-04 20:15:00,2026-03-04 18:15:00,86,89,3,1.0,665,0.6077869356788747,0.7485937749652841,0.7335214933176011,0.7146834390226663,0.6752814036208471,0.6442601959145359,premier_league
29066,EPL,2026-03-05 20:00:00,2026-03-05 18:00:00,82,78,4,1.0,670,0.5691692114845267,0.5134856032996011,0.5089247783070884,0.5202530020990765,0.5439102905770125,0.5581017122985636,premier_league
29070,EPL,2026-03-14 15:00:00,2026-03-14 13:00:00,92,73,0,0.0,671,0.6430483408298304,0.5579018959831212,0.647087003958154,0.665967482383129,0.6672444135502772,0.6577632094314405,premier_league
29076,EPL,2026-03-14 15:00:00,2026-03-14 13:00:00,77,220,1,0.0,671,0.43530001234475646,0.249988118518229,0.3172488853512371,0.35532107857573264,0.40181237890209465,0.42249580958950467,premier_league
29068,EPL,2026-03-14 17:30:00,2026-03-14 15:30:00,83,72,2,0.0,671,0.41615591672633817,0.4712708850731163,0.4701821251215387,0.46049301064550646,0.4388595611782147,0.42548683673747295,premier_league
29071,EPL,2026-03-14 17:30:00,2026-03-14 15:30:00,80,86,1,0.0,671,0.6104490581475496,0.8140575692419361,0.7607143506609133,0.7239487938166369,0.6688487365053585,0.6372881230202743,premier_league
29077,EPL,2026-03-14 20:00:00,2026-03-14 18:00:00,81,88,2,0.0,673,0.6552041619002018,0.6126786303210551,0.649615968028477,0.6605922169799177,0.6625820008939587,0.6592671560656607,premier_league
29072,EPL,2026-03-15 14:00:00,2026-03-15 12:00:00,78,245,0,0.0,676,0.525690223944073,0.4813070651599232,0.5148368657771215,0.5266690923552856,0.5351097204014507,0.5336580737703346,premier_league
29074,EPL,2026-03-15 14:00:00,2026-03-15 12:00:00,89,71,4,1.0,676,0.5396578325738378,0.559241591885662,0.5848276357947515,0.5861770138858184,0.5719423692201442,0.5572140832732174,premier_league
29075,EPL,2026-03-15 14:00:00,2026-03-15 12:00:00,249,228,0,0.0,676,0.5228161989338033,0.4788862920711172,0.49445815492543976,0.5065476364718848,0.5211379580915934,0.5252475024124258,premier_league
29073,EPL,2026-03-15 16:30:00,2026-03-15 14:30:00,87,82,2,0.0,676,0.7456264840513097,0.7979153506862922,0.7459488949456213,0.7373779384038688,0.7409611827435474,0.7450574925038476,premier_league
29069,EPL,2026-03-16 20:00:00,2026-03-16 18:00:00,244,229,4,1.0,680,0.6688175611221414,0.47446931720526203,0.5115986506430397,0.5434736824611105,0.5943555696644679,0.6296913007898932,premier_league
29078,EPL,2026-03-20 20:00:00,2026-03-20 18:00:00,73,89,4,1.0,681,0.5821050729513585,0.4251512913231383,0.595050181631335,0.6329400844588144,0.6348490040534038,0.6145372776871538,premier_league
29080,EPL,2026-03-21 12:30:00,2026-03-21 10:30:00,220,87,3,1.0,682,0.6598897121290698,0.37249470059448164,0.46332051078102937,0.5212924235170546,0.5979145941512515,0.6347263406236395,premier_league
29082,EPL,2026-03-21 15:00:00,2026-03-21 13:00:00,228,92,4,1.0,682,0.6149772751343191,0.5041201960349606,0.5933038349218471,0.6158884012835695,0.6256955626506605,0.6227376858274909,premier_league
29081,EPL,2026-03-21 17:30:00,2026-03-21 15:30:00,72,80,3,1.0,683,0.4342862949030983,0.5489642172029648,0.5158184270484557,0.4930056156391007,0.4597584326597369,0.4432918640045134,premier_league
29083,EPL,2026-03-21 20:00:00,2026-03-21 18:00:00,245,244,0,0.0,684,0.6341237698140092,0.47493555682377864,0.5688477893741412,0.5960390801361364,0.6175532497155,0.6262660072100837,premier_league
29085,EPL,2026-03-22 12:00:00,2026-03-22 10:00:00,86,77,3,1.0,686,0.440982491894875,0.4949912846141479,0.5028940782310956,0.49492358252238217,0.4758063235090518,0.46009214839396767,premier_league
29079,EPL,2026-03-22 14:15:00,2026-03-22 12:15:00,71,81,2,0.0,686,0.5909997335204372,0.5877217109203074,0.5982389478014976,0.6036584405348682,0.6014645581495961,0.5963721525622957,premier_league
29086,EPL,2026-03-22 14:15:00,2026-03-22 12:15:00,82,249,3,1.0,686,0.5883824823562129,0.4290919390387467,0.46807841673874645,0.49671593997962143,0.5424572703316602,0.5684461578042312,premier_league
29091,EPL,2026-04-10 19:00:00,2026-04-10 17:00:00,81,229,4,1.0,689,0.5873623627627677,0.4850006050013462,0.49553293308985374,0.5116043889350388,0.5407086128668762,0.5623671301857279,premier_league
29092,EPL,2026-04-11 11:30:00,2026-04-11 09:30:00,83,73,3,1.0,690,0.5535119677609996,0.5054395762080155,0.5965977852508715,0.6146967247548215,0.6032336800512428,0.5814216707675433,premier_league
29093,EPL,2026-04-11 14:00:00,2026-04-11 12:00:00,244,72,4,1.0,690,0.4890838680679128,0.47918251215763935,0.47891955132387837,0.48044326813454813,0.48155880526467026,0.4835184864696971,premier_league
29094,EPL,2026-04-11 14:00:00,2026-04-11 12:00:00,92,220,2,0.0,690,0.644612046876062,0.47534937120186405,0.5164476228158549,0.5529816590712974,0.602850898744298,0.6271717115360015,premier_league
29097,EPL,2026-04-11 16:30:00,2026-04-11 14:30:00,87,228,2,0.0,691,0.6618505362553586,0.6155648342682499,0.634425760970502,0.6470693723748064,0.6616777223981957,0.665252437695013,premier_league
29089,EPL,2026-04-12 13:00:00,2026-04-12 11:00:00,249,71,2,0.0,694,0.4861069602911419,0.41717295891439865,0.41845230079222673,0.4321370360675389,0.45647779911488906,0.47195015551770536,premier_league
29090,EPL,2026-04-12 13:00:00,2026-04-12 11:00:00,77,82,1,0.0,694,0.48012777215588465,0.5051302941817065,0.4891777015318115,0.4858700642667544,0.4831617021156568,0.4817582664703398,premier_league
29096,EPL,2026-04-12 13:00:00,2026-04-12 11:00:00,78,86,3,1.0,694,0.5182234041265145,0.5274218298958167,0.5362730205206019,0.5361284877361532,0.5335328732055924,0.5282464937020702,premier_league
29095,EPL,2026-04-12 15:30:00,2026-04-12 13:30:00,80,88,3,1.0,694,0.5824020330395963,0.6244187541638672,0.6161234187391293,0.6045732462983101,0.5875107923597763,0.581587315679015,premier_league
29088,EPL,2026-04-13 19:00:00,2026-04-13 17:00:00,89,245,3,1.0,698,0.5676251928625856,0.44925539512427787,0.5926850546702586,0.6242115587895881,0.6218952401638265,0.6003238374507002,premier_league
29099,EPL,2026-04-18 11:30:00,2026-04-18 09:30:00,244,228,0,0.0,699,0.63011168595439,0.5498135637912661,0.5869762086591845,0.6038038649506002,0.6195989045680756,0.6257027662799994,premier_league
29103,EPL,2026-04-18 14:00:00,2026-04-18 12:00:00,245,229,3,1.0,699,0.5657102699851722,0.4196928188108937,0.4536918832741181,0.4796105873193603,0.515259099758125,0.5390621164627604,premier_league
29105,EPL,2026-04-18 14:00:00,2026-04-18 12:00:00,86,73,3,1.0,699,0.6127386113588135,0.5712475632386201,0.6357725474455906,0.6521625487604537,0.6495305879646047,0.6353870523772558,premier_league
29107,EPL,2026-04-18 16:30:00,2026-04-18 14:30:00,82,220,4,1.0,700,0.6666518660837327,0.4493102476552221,0.48669492861802355,0.526074669210855,0.5922929513409579,0.6321759521418555,premier_league
29100,EPL,2026-04-18 19:00:00,2026-04-18 17:00:00,80,89,1,0.0,702,0.5980773663508618,0.7492335200731546,0.7225648461461558,0.7010883428895277,0.6596985686414519,0.6294247319407816,premier_league
29098,EPL,2026-04-19 13:00:00,2026-04-19 11:00:00,71,77,7,1.0,704,0.3803581272016797,0.32990249803445115,0.3701826838596243,0.38024387875643745,0.3834143318802497,0.38209440885500184,premier_league
29102,EPL,2026-04-19 13:00:00,2026-04-19 11:00:00,72,87,3,1.0,704,0.5053578714013021,0.589633025593572,0.5472362421808641,0.5343658784869791,0.5205455460071383,0.5123263459082559,premier_league
29106,EPL,2026-04-19 13:00:00,2026-04-19 11:00:00,249,92,5,1.0,704,0.5637063695489035,0.4669841120823233,0.4848301211299211,0.5032138096782567,0.5337129932561029,0.5509645612305941,premier_league
29104,EPL,2026-04-19 15:30:00,2026-04-19 13:30:00,88,83,3,1.0,704,0.49701213954422646,0.5210893046795328,0.5061939132678197,0.4998538671592537,0.4932818451333354,0.4930638630682966,premier_league
29101,EPL,2026-04-20 19:00:00,2026-04-20 17:00:00,78,81,0,0.0,708,0.5228825260624888,0.5178256139114882,0.521132379601045,0.5269789042718425,0.5327550580830647,0.530808927813813,premier_league
29110,EPL,2026-04-21 19:00:00,2026-04-21 17:00:00,220,80,3,1.0,709,0.5957823456094544,0.5297641534576559,0.518814684301783,0.5332430961794358,0.5606769989502142,0.5783183462152753,premier_league
29108,EPL,2026-04-22 19:00:00,2026-04-22 17:00:00,73,245,4,1.0,710,0.5787219799135576,0.38566620141099783,0.5074234469257795,0.5552114705289337,0.5848132285926403,0.5862456815303346,premier_league
29111,EPL,2026-04-22 19:00:00,2026-04-22 17:00:00,92,88,1,0.0,710,0.7060313307818196,0.7831197257133352,0.7408359147436363,0.730820622653158,0.7196797780316957,0.7127361977239567,premier_league
29115,EPL,2026-04-24 19:00:00,2026-04-24 17:00:00,77,249,5,1.0,712,0.38830518628443206,0.6074334258432679,0.46650254214195835,0.43333638830112886,0.41075030304623017,0.4005190028027141,premier_league
29112,EPL,2026-04-25 11:30:00,2026-04-25 09:30:00,228,71,1,0.0,713,0.5454505942294265,0.49383281389419664,0.539483910741751,0.5478884097802277,0.5488513372264283,0.5470593576181403,premier_league
29113,EPL,2026-04-25 14:00:00,2026-04-25 12:00:00,87,78,4,1.0,713,0.567458771050157,0.3334151896349237,0.43977805835950445,0.47983323122550947,0.5287340790143664,0.5522980124865184,premier_league
29116,EPL,2026-04-25 14:00:00,2026-04-25 12:00:00,81,72,3,1.0,713,0.45094918792082317,0.46909290220979577,0.4992463723240525,0.4993282409117921,0.48353560221979935,0.4678175990433697,premier_league
29117,EPL,2026-04-25 14:00:00,2026-04-25 12:00:00,229,82,1,0.0,713,0.65332204955394,0.4890827051286588,0.49890143716392227,0.5161125326839624,0.5645346886113072,0.60614602865549,premier_league
29109,EPL,2026-04-25 16:30:00,2026-04-25 14:30:00,83,86,1,0.0,714,0.5643769072659173,0.689528331722864,0.6894372930015661,0.6703266415306777,0.628164142350065,0.5969002541062478,premier_league
29114,EPL,2026-04-27 19:00:00,2026-04-27 17:00:00,89,244,3,1.0,718,0.6202636956409971,0.4752618818642389,0.5804502598799723,0.6119379413123424,0.629550517080693,0.628360542947379,premier_league
29124,EPL,2026-05-01 20:00:00,2026-05-01 18:00:00,245,92,4,1.0,719,0.6020009720762033,0.6483172911683955,0.6244339267793194,0.6274518074901088,0.6239971177091572,0.6151843531291572,premier_league
29121,EPL,2026-05-02 15:00:00,2026-05-02 13:00:00,244,81,3,1.0,720,0.6505290742124914,0.4370888290983365,0.5322953120793731,0.5748955538906343,0.6175421753076256,0.6359309679688352,premier_league
29126,EPL,2026-05-02 15:00:00,2026-05-02 13:00:00,86,220,4,1.0,720,0.6236663794466726,0.5332997941113089,0.5372068146518563,0.5554657878478905,0.5901321681842032,0.6099832610618205,premier_league
29127,EPL,2026-05-02 15:00:00,2026-05-02 13:00:00,229,77,2,0.0,720,0.45553680189898066,0.5099060693037863,0.44628214259770727,0.42897802235683813,0.4297797492160594,0.44029868132943,premier_league
29119,EPL,2026-05-02 17:30:00,2026-05-02 15:30:00,83,228,3,1.0,720,0.5402605748752962,0.3085527931371265,0.4641422103664686,0.5111912584704448,0.5417573797575647,0.5453596197004685,premier_league
29118,EPL,2026-05-03 14:00:00,2026-05-03 12:00:00,73,78,3,1.0,724,0.5126945383164884,0.5455559725687394,0.5234523800453832,0.528603694439159,0.5311193175430112,0.5253943171143475,premier_league
29125,EPL,2026-05-03 15:30:00,2026-05-03 13:30:00,89,87,5,1.0,724,0.6421354055786817,0.6486452681624538,0.6696232775312501,0.6780677035151079,0.6749645011686881,0.6625736173901463,premier_league
29120,EPL,2026-05-03 19:00:00,2026-05-03 17:00:00,71,82,3,1.0,725,0.6348084443188157,0.6495244667612377,0.6387488996034889,0.6340416048062616,0.6299817553735424,0.6305056897594248,premier_league
29122,EPL,2026-05-04 15:00:00,2026-05-04 13:00:00,80,249,4,1.0,727,0.5374414282871551,0.7182009242338202,0.5994656329841618,0.5702836154228593,0.5514980322050798,0.5443647140359552,premier_league
29123,EPL,2026-05-04 20:00:00,2026-05-04 18:00:00,72,88,6,1.0,728,0.4715085576843976,0.5224140656379672,0.5077184157596555,0.4979353403552412,0.4826822148651213,0.4749602796922002,premier_league
29132,EPL,2026-05-09 12:30:00,2026-05-09 10:30:00,87,80,2,0.0,729,0.6493693910226025,0.8316634555947204,0.7493666920616374,0.7169436032348594,0.6834125180043508,0.6660300263216954,premier_league
29128,EPL,2026-05-09 15:00:00,2026-05-09 13:00:00,220,229,3,1.0,729,0.6456076908520401,0.586209586907572,0.5279168778545298,0.5329188757824787,0.57136006651141,0.6062374550974733,premier_league
29131,EPL,2026-05-09 15:00:00,2026-05-09 13:00:00,228,73,1,0.0,729,0.5703104333125177,0.41740460159108217,0.5034280755024854,0.545791920451999,0.5765111039268064,0.5789219988825808,premier_league
29135,EPL,2026-05-09 15:00:00,2026-05-09 13:00:00,77,89,0,0.0,729,0.46405260058530845,0.7441661636348667,0.6587252498294347,0.6183004294685116,0.5577420845277248,0.5137731636171601,premier_league
29133,EPL,2026-05-09 17:30:00,2026-05-09 15:30:00,88,244,3,1.0,730,0.6611493990854449,0.602645367364693,0.5982067288912122,0.609237380978229,0.6292842393548702,0.643838598010362,premier_league
29129,EPL,2026-05-10 14:00:00,2026-05-10 12:00:00,92,71,4,1.0,734,0.6025929800928608,0.6612119823120288,0.6382764349316433,0.6287110349861836,0.6153159621387043,0.6079329555929128,premier_league
29130,EPL,2026-05-10 14:00:00,2026-05-10 12:00:00,78,72,4,1.0,734,0.38829778884639055,0.6547117840036477,0.534434666479554,0.48780645227852587,0.43835614364405406,0.4121668676807446,premier_league
29134,EPL,2026-05-10 14:00:00,2026-05-10 12:00:00,249,86,2,0.0,734,0.5605937763865375,0.8155505361151868,0.698507221116663,0.6495724300314529,0.6025388347210178,0.5812580251689518,premier_league
29137,EPL,2026-05-10 16:30:00,2026-05-10 14:30:00,81,83,1,0.0,734,0.5776349595730054,0.515549500038113,0.5643343008914435,0.5802364676599213,0.5862781246947887,0.583239864846109,premier_league
29136,EPL,2026-05-11 20:00:00,2026-05-11 18:00:00,82,245,2,0.0,738,0.6446805314591599,0.587913951477515,0.5951368605415412,0.6057022176031489,0.6230103378621373,0.6340335599023229,premier_league
29084,EPL,2026-05-13 20:00:00,2026-05-13 18:00:00,88,78,3,1.0,739,0.5665767470564315,0.7931401692499128,0.676855395259264,0.6375741135560231,0.5989808534596434,0.5809141720983972,premier_league
29140,EPL,2026-05-15 20:00:00,2026-05-15 18:00:00,71,87,6,1.0,740,0.626863472068858,0.7791573544476327,0.7019416859446365,0.6723808619968389,0.6453533695728597,0.6343869500206477,premier_league
29145,EPL,2026-05-17 12:30:00,2026-05-17 10:30:00,89,249,5,1.0,741,0.5331297035724624,0.5748808596149244,0.5893196492139701,0.5942111817955208,0.5837617957596813,0.5637356566278943,premier_league
29141,EPL,2026-05-17 15:00:00,2026-05-17 13:00:00,244,78,4,1.0,741,0.5564742316275793,0.6033556717414449,0.5569106723824231,0.5471631302933841,0.5463312925160578,0.5504108846303101,premier_league
29143,EPL,2026-05-17 15:00:00,2026-05-17 13:00:00,72,77,4,1.0,741,0.35079267392073754,0.7484861528896037,0.6092170589730994,0.5371997193861225,0.44706513979629736,0.39636006259295087,premier_league
29144,EPL,2026-05-17 15:00:00,2026-05-17 13:00:00,245,220,1,0.0,741,0.6019264394759141,0.552915851885911,0.523975563474428,0.5384636687613641,0.5700266619106964,0.5882585257219322,premier_league
29147,EPL,2026-05-17 15:00:00,2026-05-17 13:00:00,229,228,2,0.0,741,0.5552175367402099,0.210524385497691,0.3424154691828291,0.3975262477484874,0.4683796869302012,0.5119412414696433,premier_league
29146,EPL,2026-05-17 17:30:00,2026-05-17 15:30:00,86,81,4,1.0,742,0.63392794399855,0.49574973041820214,0.5832470793956145,0.6136325032193506,0.6350052934736454,0.6380200601708675,premier_league
29139,EPL,2026-05-18 20:00:00,2026-05-18 18:00:00,83,92,1,0.0,747,0.6981779614342539,0.7565921985916481,0.7582498878802489,0.752854359571141,0.7353509963955429,0.7185325242230237,premier_league
29138,EPL,2026-05-19 19:30:00,2026-05-19 17:30:00,73,88,2,0.0,748,0.6036111860001121,0.48596728166971453,0.5580136352783704,0.5875533516701651,0.6068901957355014,0.6080643931909677,premier_league
29142,EPL,2026-05-19 20:15:00,2026-05-19 18:15:00,80,82,3,1.0,748,0.660132122163012,0.5098627353935432,0.5933823778066775,0.6216706221166105,0.6443843344946858,0.6530150335121347,premier_league
29148,EPL,2026-05-24 15:00:00,2026-05-24 13:00:00,220,89,3,1.0,750,0.6118871335154052,0.5924731495299209,0.5782248762605506,0.5908599318497968,0.6120665740864335,0.6174163793966644,premier_league
29149,EPL,2026-05-24 15:00:00,2026-05-24 13:00:00,92,229,2,0.0,750,0.568046975421359,0.4030444938789239,0.443053058619675,0.4643630221956906,0.5026685822329416,0.5329212672773523,premier_league
29150,EPL,2026-05-24 15:00:00,2026-05-24 13:00:00,78,83,3,1.0,750,0.45772178113689765,0.4933746709703616,0.5056741993032008,0.4971236379072042,0.479664261395397,0.46843924895970934,premier_league
29151,EPL,2026-05-24 15:00:00,2026-05-24 13:00:00,228,86,2,0.0,750,0.5781802990637364,0.4050238517159511,0.5045696886201833,0.5437349483819776,0.5739757536717403,0.5805217590691766,premier_league
29152,EPL,2026-05-24 15:00:00,2026-05-24 13:00:00,87,244,2,0.0,750,0.7121698365163863,0.8119499776174088,0.7338043893785546,0.7119657356920398,0.7037026625135343,0.7065801368348433,premier_league
29153,EPL,2026-05-24 15:00:00,2026-05-24 13:00:00,88,71,3,1.0,750,0.6155333139181519,0.844005560554311,0.7520651153643896,0.7063177598725721,0.6529655256559787,0.6291914909025516,premier_league
29154,EPL,2026-05-24 15:00:00,2026-05-24 13:00:00,249,73,2,0.0,750,0.5468898802629065,0.6095537773347096,0.5971192164816063,0.5931244275232495,0.5800752394341322,0.5662378203001256,premier_league
29155,EPL,2026-05-24 15:00:00,2026-05-24 13:00:00,77,80,3,1.0,750,0.46149116687203395,0.6436751869450513,0.5809207103252562,0.5503936944566771,0.5084808033368516,0.4836826299770523,premier_league
29156,EPL,2026-05-24 15:00:00,2026-05-24 13:00:00,82,72,1,0.0,750,0.5391324512130017,0.7425794079359238,0.6631967539718839,0.6253207071158796,0.5802864929876128,0.5571296885677002,premier_league
29157,EPL,2026-05-24 15:00:00,2026-05-24 13:00:00,81,245,3,1.0,750,0.5646563368582587,0.4658823844133023,0.5145983355098728,0.5432877898707802,0.5654057402023306,0.5682256240568546,premier_league
